lineID	SPEAKER	ENGLISH	
			
6229	objAngel	{angel}我的||天哪...	
6230	objAngel	你|{shake}{anim sprAngel_happy}真是||太可爱了！！！{/shake}
6231	objAngel	抱歉吓到你了
6232	objAngel	我只是想考验一下你是不是英雄
6233	objAngel	结果|你不是
6234	objBard	{}我只是个吟游诗人！
6235	objBard	你是谁啊？
6236	objAngel	{angel}我是女神艾娅的信使
6237	objAngel	很久很久以前，|她的创世之歌让你们的宇宙诞生了
6238	objAngel	很快，她又要唱起那首歌了
6239	objAngel	然后，||嗯
6240	objAngel	你们的宇宙会被一个新的宇宙取代
6241	objAngel	不过别太慌张
6242	objAngel	你们的宇宙已经很老旧了
6244	objAngel	她喜欢过段时间就重新开始一次，||懂吧？
6246	objAngel	...|哎|呀|呀|呀|呀...
6247	objAngel	听起来的确很糟糕
6248	objAngel	我还挺喜欢你的
6249	objAngel	很遗憾你的星球要完蛋啦
7821	objMask	嘿，流浪者
7822	objMask	你昨晚做了什么梦？
7823	objBard	|我...|不记得了！
7825	objMask	它们很容易被遗忘，|不是吗...
7826	objMask	嗯，|别担心。
7827	objMask	这是一个美丽的清晨...
7829	objMask	鸟儿在歌唱...
7830	objMask	那你呢？
7839	objMask	要去见幽灵吗？
7840	objBard	...幽灵？
7841	objMask	一群灵魂占领了小镇
7842	objMask	大家都吓坏了...||这挺有趣的
7843	objMask	那么，|回见咯
7844	objMask	流浪者，|如果打开思路...
7845	objMask	我可以教你一种神秘的力量
7846	objMask_meet	那就是||舞蹈。
7847	objBard	不|了|谢|谢！
7848	objBard	教|教|我|吧！
7849	objMask	我明白了。
7850	objMask	这项本领有很深的门道。
7851	objMask	只有你准备好之后才可以开始学习。
7852	objMask	嗯...
7853	objMask	我不知道该怎么说...
7854	objMask	但|看来...
7855	objMask	你已经关上了通往||舞蹈|的大门。
7856	objMask	在你的心中，|有一个特别的地方...
7857	objMask	称为“控制菜单”。
7858	objMask	我想你一定得去那个地方参观一下。
7859	objMask	好吧。
7860	objMask	我要你闭上眼睛，
7861	objMask	想象一下这个叫做...
7862	objMask	DUALSHOCK^4无线控制器的东西
7863	objMask	想象一下这个叫做||“{data_controllername}”的东西
7864	objMask	...你看到了吗？
7865	objMask	使用那个东西，
7866	objMask	你得长按名叫“{data_dancebutton}”的东西来|跳舞。
7867	objMask	在那个“{data_controllername}”上...
7868	objMask	你得长按名叫“{data_dancebutton}键”的东西来|跳舞。
7869	objMask	按下那个按键，|流浪者。
7870	objMask	我要你闭上眼睛，
7871	objMask	想象一下这个叫做||“键盘”的东西
7872	objMask	...你看到了吗？
7873	objMask	在那个“键盘”上...
7874	objMask	你得长按名叫“{data_dancebutton}键”的东西来|跳舞。
7875	objMask	长按那个键，|流浪者。
7876	objMask	并感受舞蹈在你体内流动...
7877	objMask	不论何时，|不论何地。
7878	objMask	周围有这么多幽灵...
7879	objMask	我真的感觉|很恐怖。
7880	objMask	我打算去墓地转转。
7881	objMask	|如果你去那里找我...
7882	objMask	然后...
7883	objMask	肯定会有特别的事情发生。
7901	objMask	好了，流浪者...
7902	objMask	你知道这个地方吗？
7903	objMask	它被称为沉眠之树。
7904	objMask	一个非常神奇的小地方...
7905	objMask	只是待|在|这|里|就|让||我|||想要...
7906	objMask	{wiggle}{shake}{speed .2}打哈欠{/shake}
7907	objMask	{wiggle}{shake}{speed .2}打哈欠{/shake}
7522	objMask	嘿，|流浪者。
7523	objMask	我爱糖果...
7524	objMask	但我来是因为他们演奏的那首绝妙的曲子...
7525	objMask	是你写的，|不是吗？
7526	objMask	这就是墓地...||很恐怖，|是吧？
7527	objMask	我喜欢沉浸在这种恐怖的氛围中...
7528	objMask	...
7529	objMask	不错，你能在这里找到我...
7530	objMask	我有东西要给你看。
7531	objMask	我知道|你对音乐|了如指掌。
7532	objMask	但你对...
7533	objMask	...{shake}舞蹈{/shake}||了解多少呢？{/shake}
7534	objMask	我想教你一些动作。
7535	objMask	等一下，|不...
7536	objMask	我想解锁已经||在你心中等待的动作...
7537	objMask	因为你拥有着舞蹈精神，|流浪者。
7538	objMask	我只是帮你找到它。
7539	objMask	我一直在等你...
7540	objMask	引领你...||进入舞蹈的下一个|境界。
7541	objMask	没错...
7542	objMask	是时候|发现新的动作了。
7543	objMask	你已经知道这个了，|流浪者。
7544	objMask	我只是想帮你找到它。
7545	objMask	我感觉到有东西...
7546	objMask	潜伏在你心中...||那表面之下。
7547	objMask	这是另一个|舞蹈|，流浪者。
7548	objMask	我想是时候唤醒它了。
7549	objMask	你感受到了吗？
7550	objMask	这个地方...||有这样一种氛围。
7551	objMask	它试图告诉我们一些事情...
7552	objMask	它告诉我们...||是时候|跳舞了。
7553	objMask	放松，|流浪者。|让舞蹈进来吧。
7554	objMask	我们现在一起深入研究了舞蹈。
7555	objMask	随着每一层的深入，我们都会...
7556	objMask	更加|了解自己。
7557	objMask	因为|舞蹈|源自我们的内心深处...
7558	objMask	当我们释放它时，|我们也释放了内心深处的自我。
7559	objMask	所以你怎么看，|流浪者？
7560	objMask	让我们释放一个全新的舞蹈吧。
7561	objMask	我就在这...
7562	objMask	感受我周围所有的舞蹈...
7563	objMask	引导它...
7564	objMask	并让它唤醒我内心的舞蹈。
7565	objMask	我知道你也同样感受到了，|流浪者。
7566	objMask	舞蹈的|力量。
7567	objMask	让我们深入自己的内心，
7568	objMask	看看我们能找到上天赐予的什么礼物...
7569	objMask	我能感觉到。
7570	objMask	你的灵魂...
7571	objMask	你的|舞蹈|之力...
7572	objMask	它一直在成长，|流浪者。
7573	objMask	你已经深入内心|并发现了沉眠其中的舞蹈。
7574	objMask	我很荣幸能引导你踏上这段旅程。
7575	objMask	现在，|最后一次。
7576	objMask	让我们深入内心。
7577	objMask	一直到最深处。
7578	objMask	为了这
7579	objMask	{shake}最终的{/shake}
7580	objMask	舞蹈
7581	objMask	美丽的舞蹈，|流浪者。
7582	objMask	...
7583	objMask	你已经走了这么远了...
7584	objMask	在这次|舞蹈之旅中。
7585	objMask	我没有更多可以教你的了。
7586	objMask	从现在开始，|你必须靠自己继续深入。
7587	objMask	但是，不要停止深入内心，|流浪者。
7588	objMask	不要忘记||舞蹈。
7589	objMask	当你足够深入时...
7590	objMask	你得到的礼物也会十分特别。
7591	objMask	但这仅仅是个开始...
7592	objMask	你深入舞蹈的|旅程还有很远。
7593	objMask	希望我们还能再次见面，
7594	objMask	在舞蹈呼唤我们的地方。
7595	objMask_meet	你想让我解释一下怎么跳舞吗？
7596	objBard	不|了|谢|谢。
7597	objBard	是|的！
7598	objMask	旅途中与它携手同行吧。
7599	objMask	向世界展示|你内心的舞蹈...
7600	objMask_meet	如果你愿意的话，|我可以解释如何跳舞。
7601	objBard	不|麻|烦|了。
7602	objBard	请|告|诉|我！
7603	objMask	嗯...
7604	objMask	我不知道该怎么说...
7605	objMask	但|看起来...
7606	objMask	你已经||关上了通往|舞蹈的大门。
7607	objMask	在你的心中，|有一个特别的地方...
7608	objMask	称为“控制菜单”。
7609	objMask	我想你一定得去那个地方参观一下。
7610	objMask	好吧。
7611	objMask	我要你闭上眼睛，
7612	objMask	想象一下这个叫做...
7613	objMask	DUALSHOCK^4无线控制器的东西
7614	objMask	想象一下这个叫做||“控制器”的东西
7615	objMask	{/font}...你看到了吗？
7616	objMask	使用那个东西，
7617	objMask	{/font}你得长按名叫“{data_dancebutton}”的东西来|跳舞。
7618	objMask	在那个“控制器”上...
7619	objMask	你得长按名叫“{data_dancebutton}键”的东西来|跳舞。
7620	objMask	然后，|当你跳舞的时候，
7621	objMask	按“{data_triggerbuttons}”来更换你的舞蹈。
7622	objMask	我要你闭上眼睛，
7623	objMask	想象一下这个叫做||“键盘”的东西
7624	objMask	...你看到了吗？
7625	objMask	在那个“键盘”上...
7626	objMask	你得长按名叫“{data_dancebutton}键”的东西来|跳舞。
7627	objMask	然后，|当你跳舞的时候，
7628	objMask	按E、|R、|X|或C||更换你的舞蹈。
7629	objMask	与此同时你也可以唱歌。
7630	objMask	有些舞蹈即使在移动时也可以跳。
7631	objMask	不要害怕表达自己，|流浪者。
7632	objMask	好吧。
7633	objMask	这些知识早已经存在于|你的内心之中。
7886	objMask	嘿，|流浪者
7887	objMask	在这里见到你真好
7888	objBard	哦！...||嘿！
7889	objMask	准备好在镇子里演唱一场了吗？
7890	objBard	我，||呃，|||大概吧？
7891	objMask	那很酷。
7892	objMask	期待亲眼目睹。
7893	objMask	嗯...
7894	objMask	我渴望吃糖果，|流浪者。
7895	objMask	有时，|为自己做一件好事...
7896	objMask	就是你能做的最有力的事情。
7897	objMask	不知道这个镇上有没有糖果。
7898	objMask	我会继续随风前行...
7899	objMask	自由自在地飞翔，|感觉很好。
7900	objMask	我不知道我接下来会去哪里。
7808	objMask	嘿嘿嘿，|流浪者。
7809	objMask	动作不错。
7810	objMask_meet	你想回上面去吗？
7811	objBard	不。
7812	objBard	好|啊！
7813	objMask	酷。
7814	objMask	我一直在这片海洋里流浪。
7815	objMask	迷路的感觉很美好...
7816	objMask	我喜欢不知道自己在哪里。
7817	objMask	但有一个很特别的岛屿...
7818	objMask	嗯...|也许我不会对此说太多。
7819	objMask	有些事情最好还是自己去发现吧。
7820	objMask	酷。
7798	objMask	我一直在这片海洋里流浪。
7799	objMask	在这里我发现了一座岛屿...
7800	objMask	迷路的感觉很美好...
7801	objMask	我喜欢不知道自己在哪里。
7804	objMask	但有一个很特别的岛屿...
7805	objMask	嗯...|也许我不会对此说太多。
7806	objMask	有些事情最好还是自己去发现吧。
7807	objMask	总之...
7763	objMask	好了，流浪者
7764	objMask	有段时间没见了...
7765	objBard	你在这里干什么？
7766	objMask	...|||唔...
7767	objMask	|我不知道...
7770	objMask	现在的情况很艰难...
7771	objMask	你能感受到空气中弥漫的悲伤。
7772	objMask	但我...|我只是来冷静一下。
7773	objMask	|||嘿...|||#你明白了吗？
7774	objMask	冷静一下？
7775	objMask	...|因为天很冷。
7776	objMask	你一定很失落，|流浪者
7777	objBard	是啊，|太有趣了。
7778	objMask	时间真是不可思议，不是吗？
7779	objMask	有时它会匆匆流逝...
7780	objMask	有时却又显得无尽漫长。
7781	objMask	他们说时间甚至并不真实存在，|你知道吗？
7782	objMask	但是当你听到时钟滴答作响时，很难不感到焦虑。
7783	objMask	感觉我们的命运注定会交错...
7784	objMask	希望你能找到一些内心的平静，#|无论我们下次见面是在何时。
7785	objMask	也许我会在路上再遇见你。
7786	objMask	我觉得早晨活动一下非常提神。
7787	objMask	你觉得呢，|流浪者？
7788	objMask	我知道一个特别的地方，|在望远镜后面的森林里...
7789	objMask	如果你在早上7点太阳升起时到达那里...
7790	objMask	嗯...||也许我不该直接说出来。
7791	objMask	你应该自己去发现它。
7792	objBard	嘿...
7793	objBard	{wiggle}你{/wiggle}|没有工作...
7794	objBard	你想帮忙推翻工厂吗？
7795	objMask	不
7796	objMask	那不是我的节奏
7797	objMask	但感谢你想着我，|呵呵...
7739	objMask	嘿，|流浪者。
7740	objBard	又是你！
7741	objBard	你在这里干什么？
7742	objMask	我？||我正在晒太阳...
7743	objMask	晒太阳对你有好处，|流浪者。
7744	objMask	真暖和啊...
7745	objMask	感觉|不错，|你知道吗？
7746	objMask	像我们这样的太阳有一百万亿亿个。
7747	objMask	但我们的太阳对我们来说是特别的，|因为它给予了我们生命。
7748	objMask	而且它每天都会给予更多。
7749	objMask	不断地给予、给予、给予...
7750	objMask	我们很幸运拥有它。
7751	objMask	我们人类不像太阳。
7752	objMask	有时我们给予，|有时我们也必须|索取。
7755	objMask	当我们感到迷茫或|悲伤时...
7756	objMask	我认为太阳的存在是为了提醒我们，一切还没那么糟。
7757	objMask	它始终在那里，|提醒我们。
7758	objMask	即使在它被乌云遮蔽时。
7759	objMask	我找到了一个晒太阳的好地方...
7760	objMask	沙漠中的一个高处，|离这里很远...
7761	objMask	如果你发现了...||嗯，|我最好还是不说了。
7762	objMask	它在等你去发现。
7712	objMask	哇哦...||嘿，|流浪者。
7713	objMask	没想到会在这里遇见你。
7714	objBard	呃...
7715	objMask	确实没有一个能像莫哈布米那样的地方，|不是么？
7716	objMask	它充满了秘密...
7717	objMask	我认为那很重要，|流浪者。
7718	objMask	世界需要神秘。
7719	objBard	你是怎么||来到这里的？？
7720	objMask	真正的真相是...
7721	objMask	我们永远无法知道真正的真相。
7722	objMask	有些问题实在是太大了。
7723	objMask	有时，问题比答案更重要。
7724	objMask	你说呢？
7725	objMask	一个真正的谜团可以提醒我们这一点。
7726	objMask	哪怕是很无趣的一个谜团。
7727	objMask	不要寻求答案，|流浪者。
7728	objMask	答案毫无价值。
7729	objMask	答案随时都会发生变化。
7730	objMask	今天正确的事情明天可能就不再正确了。
7731	objMask	而有时候，
7732	objMask	你的感受比你所知道的更重要。
7733	objMask	你得去追寻...|问题。
7734	objMask	莫哈布米有很多很酷的角落。
7735	objMask	甚至有些地图上没有标出来。
7736	objMask	我发现了一个特别的小角落...
7737	objMask	如果你找到了它...||好吧，|我就不说出来了。
7738	objMask	有些事情最好还是自己去发现吧。
7666	objMask	嘿，|流浪者。
7667	objMask	你要爬这座山吗？
7668	objMask	我喜欢与这些僧人一起放松...
7669	objMask	但是...||我可能也会尝试|爬山。
7670	objMask	也许我会在山顶见到你。
7671	objMask	看来最近情况变得越来越糟了。
7672	objMask	你害怕世界末日吗？
7673	objBard	|||是啊...
7674	objMask	说实话，|我也是...
7675	objMask	很难不感到害怕。
7676	objMask	特别是对于那些你无法控制的事情。
7677	objMask	嗯...||如果你无法控制它...
7678	objMask	那就没有害怕的必要了，|不是吗？
7679	objMask	但可怕的地方在于，
7680	objMask	如果你能够控制它，|但实际上却没有，该怎么办？
7681	objMask	我真的认为我们心有灵犀，|流浪者。
7682	objMask	无论我走到哪里，|你也都会在。
7683	objMask	这是有意义的。
7684	objMask	你有没有注意到，有时候，
7685	objMask	一个想法会在同一时间出现在很多人的脑海中吗？
7687	objMask	当有人分享他们的想法时，你是否有过这样的感觉？
7688	objMask	就像，|“哦，|我刚才也在想这个！”
7689	objMask	就像这样，|流浪者。
7690	objMask	我们都被看得见和看不见的线联系在一起。
7691	objMask	我认为全世界都在共同思考，
7692	objMask	即使我们并不知道。
7693	objMask	我不相信巧合。
7698	objMask	宇宙中所有伟大的事物...
7699	objMask	它们只是由一些小东西组合而成的。
7700	objMask	而这些小东西是由更小的东西构成的。
7701	objMask	想要了解一切是不可能的...
7702	objMask	但要了解一些大的事情，
7703	objMask	你必须了解它是由哪些微小的东西构成的。
7704	objMask	疯狂的是...
7705	objMask	整个宇宙就是一整个庞大的事物。
7706	objMask	它是由所有的小东西共同构成的。
7707	objMask	这就是为什么...
7708	objMask	即使是|最微小的事物，
7710	objMask	比如当你对某人说“我爱你”时的感觉，
7711	objMask	可以让你知晓关于整个宇宙的大事。
7634	objMask	嘿，|流浪者...
7635	objMask	在这里见到你，我并不感到惊讶。
7636	objMask	如今我们已经一起走遍了世界各地。
7637	objMask	这对我来说是一次巨大的冒险。
7638	objMask	我想你肯定也这么认为。
7639	objMask	但总有一天冒险会结束，|不是么...
7640	objMask	总有一天，|一切都会结束。
7641	objMask	我很高兴能分享我们之间的联系，|流浪者。
7642	objMask	我们只是短暂地相遇，
7643	objMask	在各种地方...
7644	objMask	但我认为它产生了影响。
7645	objMask	这很神奇，|不是吗？
7646	objMask	即使是我们所做的微小的事情，
7647	objMask	它们都可以激起涟漪...
7648	objMask	能改变我们周围的所有人...
7649	objMask	然后改变他们周围的所有人，
7650	objMask	以及改变整个世界。
7651	objMask	我们只需要把我们的涟漪做好就可以了。
7652	objMask	整个世界也会变得更加美好。
7653	objMask	当我踏上旅程时，
7654	objMask	我以为没有什么是真正重要的。
7655	objMask	然后，|我开始思考，
7656	objMask	也许||一切都是重要的。
7657	objMask	现在，|我真的无法决定是哪一个。
7661	objMask	但我知道其中之一就是。
7662	objMask	而且它们几乎是同一件事...
7663	objMask	但事实上并非如此。
7664	objMask	我猜，如何弄清楚这一点...
7665	objMask	才是最大的问题。
9432	objMiriam	{shake}唉。{/shake}
9433	objMiriam	{wiggle}你{/wiggle}|是这里人吗？
9434	objBard	是啊！
9435	objMiriam	{wiggle}那你{/wiggle}|知道统领之歌吗？
9436	objBard	什么？
9437	objMiriam	{shake}真没用{/shake}
9438	objMiriam	我向艾娅发誓，|这整个镇子...
9439	objMiriam	一群幽灵和每个人都{shake}没用{/shake}！！！
9440	objMiriam	我没时间和你说话了。||世界末日要来了！！！
9441	objBard	！
9442	objBard	听起来|很熟悉...
9443	objBard	世界真的要末日了吗？？
9445	objMiriam	呃
9446	objMiriam	对的？
9447	objMiriam	但你不用担心
9448	objMiriam	我正在解决
9449	objMiriam	或者说我会解决的...
9450	objMiriam	{shake .5}如果有人可以告诉我|{shake 1}那|该|死|的||{shake .5}统领之歌！！！
9451	objBard	什么是统领之歌？？
9452	objMiriam	我没时间和你说这个
9453	objMiriam	不
9454	objMiriam	让我一个人静一静
9468	objMiriam	{shake}{speed 1.5}不要再唱了！
9469	objMiriam	{shake}{speed 1.5}我说真的！！！||停下！！
9470	objMiriam	{shake}{speed 1.5}...
9471	objMiriam	{shake}{speed 1.5}...
9472	objMiriam	{shake.6}{wiggle}{speed 1.5}呃呃呃呃呃
9473	objMiriam	{shake}{speed 1.5}好了！！！||我知道了！！！
2	objAct4bench	我可以在这里消磨一些时间...
3	objBard	或者算了。
4	objBard	2个小时
5	objBard	4个小时
6	objBard	6个小时
7	objBard	8个小时
8	objBard	10个小时
9	objBard	12个小时
10	objBard	14个小时
25	objAngel	{angel}嘿，小诗
26	objAngel	{angel}我可以这样叫你吗？
27	objAngel	小诗？
28	objAngel	你还在生气啊
29	objBard	{}你骗了我
33	objBard	{}你说我可以拯救世界
34	objBard	{}但你从来都没相信过我
39	objBard	{}而且地球之歌根本就没用
41	objAngel	{angel}其实|它是|能起作用的！
42	objAngel	{angel}只是||从来没发生过而已
43	objAngel	学习它不光是到处收集东西而已
44	objAngel	还需要|精神上的方面
45	objAngel	要让整个世界都和谐相处
46	objAngel	这才是最难的
47	objAngel	其实还挺心酸的
48	objAngel	看着人们试图拯救世界最后都以失败告终
49	objAngel	这种画面我已经看过|太|多次了
50	objBard	{}你为什么要关心这些？
51	objAngel	{angel}因为我很喜欢你
53	objAngel	就算我之前认为你做不到
54	objAngel	可你证明了我是错的
55	objAngel	你很特别，|小诗
56	objAngel	我以后不会再怀疑你了！
59	objAngel	{angel}{shake .5}即使{/shake}|奥黛丽才是英雄...
61	objBard	{}{size .7}我觉得我再也不想见到她了
63	objAngel	{angel}是啊，她有时候是挺凶的
64	objAngel	但她|其实是|很酷的哦！
65	objAngel	如果你们俩能多一起相处的话...
66	objAngel	你绝对会喜欢上她的
68	objAngel	{angel}相信我啦
69	objAngel	好啦|我现在要回去找她了
70	objAngel	为什么你不先从床上下来呢？
72	objAngel	不要|放弃哦，|小诗
73	objAngel	0
11	objMiles	早上好！
12	objMiles	你今天过得怎么样，|朋友？
13	objBard	...
14	objMiles	哈哈！
15	objMiles	啊，|我很高兴你问这个问题！
16	objMiles	我是快乐孩子，|最新的玩具风潮！
17	objMiles	来自男爵先生的最新和最伟大的作品...
18	objMiles	生产自微笑的工厂，|快乐工厂！
19	objMiles	拥有一个快乐孩子，#|你就可以拥有一个|||像我这样的朋友！
20	objMiles	在你知道快乐孩子之前，|你根本不了解快乐！
21	objMiles	今天就购买{shake .5}|你的|{/shake}快乐，|在参与活动的商店里！
22	objBard	...
23	objMiles	哈哈！
24	objMiles	祝你度过快乐的一天，|朋友！
258	objQueen	{whisper}{size 1.1}我不敢相信你真的来到了这里...
259	objQueen	即使是在这种危机时刻...
260	objQueen	你对战争的热情就这么深吗？
261	objKing	{/whisper}哦，|{wiggle}饶了{/wiggle}我吧。
262	objKing	你也来了。
263	objKing	别装得好像你比我们强一样。
264	objQueen	{whisper}{size 1.2}我们以为你们会有更多人来...
265	objKing	{/whisper}我们已经忙得不可开交了。
266	objKing	巨型怪物爆发了。
267	objKing	也许你注意到了。
268	objQueen	{whisper}这也是我们的负担...
273	objQueen	{whisper}我无法理解你的阴险手段...
274	objQueen	在这样的灾难中袭击我们...
275	objQueen	野蛮人...
276	objKing	{}不，||我们来是因为我们知道|{wiggle}你们{/wiggle}|会来。
277	objKing	我们现在遇到了很大的麻烦。
278	objKing	我们最不需要的是...
279	objKing	一群|{wiggle}疯狂的巫师{/wiggle}|也来攻击我们！
280	objBard	{shake}等等！！！
281	objBard	别吵了！！！
282	objBard	{/shake}发生了什么事？？？
283	objVivian	{shake}老大！！！	(SECRET) SKIP BRANCH--it's possible to skip meeting these characters, so the rest of this conversation doesn't go the same. Jumps instead to line 310 below.
284	objSandra	{}你从哪儿冒出来的？？？
285	objSandra	你不应该在这里的...
287	objKing	嘿...
288	objKing	你不是那个农民吗...
289	objKing	我关进监狱的那个？？
290	objBard	{shake .5}嗯！...{/shake}
291	objQueen	{whisper}你认识这个小混混？
292	objQueen	他们和我的女儿合谋对付我...
293	objQueen	我那个死在|{shake}{quake}你的{/shake}|王国的女儿...
294	objKing	{}我们与这件事情|{shake .5}无关{/shake}|！
295	objKing	但你却用那些谎言让英雄与我们为敌...
296	objKing	让我们独自面对这些怪物！
297	objQueen	{whisper}你怎么敢跟我提起|{shake .5}谎言...{/shake}！
298	objQueen	你们这些人太爱你们肮脏的动物了...
299	objQueen	也许你们|活该|与怪物一起生活！
300	objKing	{}所以|{quake}{shake .5}确实{/shake}|是你放它们来对付我们的！
305	objQueen	{whisper}你|{shake}怎么{/shake}|敢！
307	objQueen	只有像你们这样的恶棍#才会想到做这种事...
308	objKing	{}你觉得|{shake .5}我们{/shake}|是恶棍吗？
309	objKing	女士，||你最好照照镜子...
310	objQueen	{whisper}这里没有你说话的份，|混混！
311	objKing	滚出去！
312	objBard	呃！...
313	objMiriam	{shake}{name}！！！
314	objMiriam	到这儿来...
110	objBard	{size 2.25}由|西|至|东
111	objBard	众|声|雷|动
112	objBard	汇|做|滚|滚|洪|流
113	objBard	奔|腾|游
114	objBard	身|处|苦|痛
115	objBard	心|火|燃|长|空
116	objBard	迫|切|期|望|着
117	objBard	战|火|停|息
118	objBard	如|若|我|们|齐|声|共|鸣
119	objBard	唯|一|选|择|分|明...
120	objBard	而|非|此|景
121	objBard	我|们|无|法|置|身|事|外
122	objBard	战|火|蔓|延|之|时...
123	objBard	众|生|皆|伤
124	objBard	各|怀|惊|慌...
125	objBard	虽|非|同|乡
126	objBard	但|昼|夜|苦|痛|之|长
127	objBard	不|值|为|其|唱
128	objBard	天|下|为|公
129	objBard	同|怀|着|心|愿
130	objBard	愿|得|和|平
131	objBard	共|谱|和|声
74	objKing	嗯。
75	objQueen	{whisper}你...
81	objQueen	你||用我们两个王国...
82	objQueen	所有人的声音说话...
83	objQueen	那怎么可能...？
84	objKing	{}更|{shake}重要的是{/shake}
85	objKing	{}你真的{shake}认为{/shake}
86	objKing	唱一些俗气的歌...
87	objKing	{size 1}告诉我们战争毫无意义
88	objKing	用|{wiggle}人民的声音{/wiggle}
89	objKing	{size .7}（或者什么的...）
90	objKing	{size .6}能改变||{shake}任何事吗？！{/shake}
91	objKing	因为{shake}让我告诉你...{/shake}
92	objKing	{size 1}是有点用吧。
93	objKing	我是说，|我知道战争在伤害我们...
94	objKing	但我没意识到有多严重。
95	objKing	我以为从长远来看对大家都有好处。
96	objKing	但是，|我想，||在他们心里...
97	objKing	没人真的想要它。
98	objQueen	{whisper}听到他们的声音让我感动...
99	objQueen	{whisper}我们辜负了需要我们的人。
100	objQueen	特别是在这个危机时刻...
101	objQueen	我们不能再维持这场冲突...
102	objQueen	一定有||其他方式解决我们的分歧...
105	objBard	是的！！！！
106	objBard	{shake}是|是|是|的||！！！！！{/shake}
107	objBard	等等，米莉安在哪？
108	objBard	米莉安...？
109	objMiriam	{/shake}{size .9}我在这儿！！！{/size}
132	objBard	{}{size .9}{shake}米莉安！！！{/shake}
133	objBard	你能走路了！！！
134	objMiriam	勉强吧...
135	objMiriam	我只是...||一瘸一拐地走过来了...
136	objMiriam	我以为我能再次上路了...
137	objMiriam	但是...||我不行。
138	objMiriam	听着，|{name}。
139	objMiriam	和那些蠢货说话没意义。
140	objMiriam	他们永远不会看到自己造成的伤害。
141	objMiriam	他们永远不会承认自己错了...
142	objMiriam	这不是我们的问题，|好吗？
143	objMiriam	||我有件事要告诉你。
144	objMiriam	听着，|{name}。
145	objMiriam	我||不认为...
146	objMiriam	我能和你一起走下去了。
147	objBard	啥？
148	objMiriam	我现在没法载你飞。
149	objMiriam	我不知道你注意到没有，|但是...
150	objMiriam	情况变得...||越来越糟糕了。
151	objBard	糟？
152	objMiriam	灵界刚刚崩塌了。
153	objMiriam	怪物到处蔓延...
154	objMiriam	这里...||{shake .5}很危险！{/shake}
155	objMiriam	下一个交汇点会是最难的。
156	objMiriam	我|觉得我做不到。
157	objMiriam	而且||我担心我的奶奶...
158	objMiriam	我需要回家休息。
172	objBard	哦...
173	objBard	{size .9}没关系！！！
174	objBard	我自己来！
187	objMiriam	哦。
188	objMiriam	你不...|难过吗？
189	objBard	嗯...
190	objBard	是啊，|有点吧...
191	objBard	我真希望你能来。
193	objBard	但是你说得对！
194	objBard	你需要休息！
195	objBard	而我需要|继续前行！
196	objBard	因为...
197	objBard	我们必须拯救世界！！！
198	objBard	无论如何！！！
200	objBard	我一定会想你的，|米莉安。
201	objMiriam	{size .8}嗯。
202	objMiriam	我也是。
208	objMiriam	{shake .5}啊啊啊啊啊！{/shake}
209	objMiriam	我觉得|自己好没用...
210	objMiriam	我一路走到这里，
211	objMiriam	最后|我却没能做到。
212	objMiriam	那个蠢英雄...
213	objMiriam	可能是对的。
214	objMiriam	我真是个失败者。
215	objBard	米莉安！！！
216	objBard	|根本不是那么回事。
217	objBard	你比那强太多了！！！
218	objBard	你能做到我做不到的一百万件事。
219	objBard	即使你做不到...
220	objBard	你依然很特别。
221	objMiriam	哎呀。
222	objMiriam	真肉麻。
223	objVivian	嘿！！||你们两个需要帮忙吗？
224	objMiriam	{size .8}不要。
225	objBard	{size .9}{shake}要！！！{/shake}
226	objBard	我们需要飞行！！！
228	objVivian	{size 1}{quake}{shake}当然没问题！！！
229	objVivian	{}无论你想去哪儿，|我们都带你去！
230	objSandra	这是我们最起码能做的！
231	objSandra	我们能载你！
232	objSandra	这个地方很危险！
233	objVivian	我们不能就这样把平民留在这里...
234	objVivian	所以，|只要告诉我们你要去哪！
235	objSandra	哪里都行！
236	objBard	{wiggle}哪里都行|{/wiggle}，嗯？
237	objMiriam	{size .9}...
238	objBard	我会没事的，|米莉安！
239	objMiriam	...
240	objBard	我想是吧。
241	objMiriam	...
242	objMiriam	好吧...
252	objMiriam	祝你的魔法冒险好运。
253	objMiriam	我要回家了。
254	objBard	代我向你奶奶问好！
255	objMiriam	嗯。
256	sandra	准备好就跳上来！！！
321	objBard	...哦。||锁住了！
322	objBard	哈哈！||我猜她忘了给我钥匙！
323	objBard	那我...|回去拿吧...
315	objAct5ghost	{spirit}{color white}{wiggle}{background black}{speed .5}吟游者...
316	objAct5ghost	你的声音...
317	objAct5ghost	你能|借给我吗？
318	objAct5ghost	把这个
319	objAct5ghost	交给鲁勒的|国王...
320	objAct5ghost	结束这场战争...
324	objMiriam	嘿！！！
325	objMiriam	别往那边去！
326	objMiriam	那边是回鲁勒的路，||我们是逃犯，|记得吗？
327	objMiriam	钱德什在另一边...
328	objMiriam	嘿！！！
329	objMiriam	别把我们带到错误的王国了。
330	objMiriam	鲁勒在另一边...
331	objAlice	嘿！！||你应该去疯狂渡鸦！
332	objAlice	那可是德尔菲|{wiggle}最酷的{/wiggle}|闲逛地点！！
333	objAlice	我绝对不在那里工作！！|这只是口头随便营销一下！！
334	objAlice	好吧，||其实，||我{wiggle}确实{/wiggle}在疯狂渡鸦工作。
336	objAlice	我负责广告、公共关系、客户关系，
337	objAlice	排班、调酒、音效、灯光、打扫，
338	objAlice	还有当服务员。|||差不多就这些。
339	objAlice	{shake .5}别{/shake}|||跟我说我工作太拼！！
340	objAlice	疯狂渡鸦其实是个很棒的地方！
341	objAlice	我不想它因为我老板是个白痴而关门。
342	objAlice	记得跟你朋友宣传一下疯狂渡鸦，|好吧？
343	objAlice	{quake}{shake}我现在没时间聊天！！！
344	objAlice	{quake}{shake}你有什么想喝的吗？？？
345	objAlice	{shake}{quake}抱歉我没听清，你能大点声吗
346	objAlice	嘿，|那场演出干得漂亮！
347	objAlice	你可能救了我那个笨老板，让疯狂渡鸦不用关门。
348	objAlice	而那也挽救了{wiggle}我的{/wiggle}|工作，|所以...|||谢谢你。
349	objAlice	我一直以为总有一天会是|我站在那个舞台上...
350	objAlice	嗯，||我现在依然这么想。
351	objAlice	看到你的表演让我有了||{quake}十倍的干劲！！！
352	objAlice	我刚才都快忙到要疯掉了，
353	objAlice	所以我几乎没能|{wiggle}好好看{/wiggle}|你的表演。
354	objAlice	但哪怕是站在人群中也是一次特别的经历。
355	objAmaris	哈拉...
356	objHala	阿玛丽丝。
357	objAmaris	你怎么来了？
358	objHala	嗯，|||我死了...
359	objAmaris	哦我知道|{wiggle}那件事{/wiggle}|，相信我！
360	objAmaris	还有别的事|...
361	objHala	？
362	objAmaris	你真的伤透了这个家，|你知道吗？
363	objAmaris	你做的事真的非常自私...
364	objBard	喂！
365	objBard	这话可不太好听啊...
366	objBard	你妹妹被绑架了！
367	objBard	这怎么会是自私？
368	objAmaris	她不是被绑架的。
369	objBard	啊？
370	objAmaris	她是离家出走。
371	objAmaris	抛下了我们|||，还把自己害死了...
372	objAmaris	你自己来说吧，|妹妹？
373	objHala	呃，|我是说...
374	objHala	是啊。
376	objBard	你离家出走了？
377	objAmaris	为什么？
378	objHala	我想要这场愚蠢的战争结束。
379	objHala	而妈妈有能力阻止它！
380	objHala	但是...||她不肯听我说。
381	objHala	我感到很沮丧。
382	objHala	然后我想，
383	objHala	也许鲁勒国王会更通情理...
384	objHala	这是一项绝望||而愚蠢的举动。
385	objHala	我意识到了。
386	objHala	所以我离家出走了。
387	objHala	然后我死了。
388	objHala	我很|{wiggle}抱歉{/wiggle}|，阿玛丽丝。
389	objHala	好吧？
390	objHala	但现在大家都以为是鲁勒害死了我...
391	objHala	这又成了激化战争的另一个借口。
392	objHala	我不能让这种事成为我的遗产！
393	objAmaris	那你||到底|是怎么死的？
394	objHala	森林里的怪物！
395	objHala	或者是恶魔...||或者别的什么...
396	objHala	外面正发生着可怕的事。
397	objHala	不是鲁勒，||也不是我们。
398	objHala	得有人让妈妈明白这一点！
399	objHala	我们只需要一首歌，|阿玛丽丝。
400	objHala	一首能让我们进入王宫的咒歌。
401	objHala	你可能是唯一知道它的人...
402	objAmaris	我确实知道。
403	objAmaris	我本不该教你，|哈拉...
404	objAmaris	王室成员都应该知道。
405	objHala	坎德拉和巴德莉娅不知道。
406	objHala	坎德拉不知道。
407	objHala	巴德莉娅不知道。
408	objAmaris	真的吗？
409	objAmaris	这么多古老的知识被遗忘了...
410	objAmaris	给你。||就是这个。
411	objHala	谢谢你，|阿玛丽丝。
412	objAmaris	没什么。
413	objAmaris	...
414	objAmaris	失去你很痛苦，|哈拉。
415	objAmaris	对我们大家来说都是。
416	objAmaris	我忍不住||感到愤怒...
417	objAmaris	也许你不该承受这些。
418	objAmaris	我帮你是为了...
419	objAmaris	你能亲自去和母亲谈谈。
420	objAmaris	你伤|她|最深。
421	objAmaris	我希望你准备好为此负责。
426	objAmaris	我本以为你会更聪明些，|哈拉。
427	objAmaris	你{shake}|曾经|{/shake}更聪明一些。
428	objAmaris	你本可以是个优秀的学生，|像坎德拉那样...
429	objAmaris	或者建立家庭，|像巴德莉娅那样...
430	objAmaris	但你抛开了一切...||愚蠢啊。
431	objAmaris	真是浪费了你宝贵的才智。
432	objAmaris	你一消失，|我们就知道...
433	objAmaris	是你自己离家出走的。
434	objAmaris	但我不知道为什么。
435	objAmaris	你甚至什么都没说，|哈拉。
436	objAmaris	感觉你只是想摆脱我们。
437	objAmaris	我怎么能不生气呢？
438	objAmaris	|||也许我是太快下结论了...
439	objAmaris	我应该为再次见到妹妹而高兴。
440	objAmaris	但看到你这样，|此时此刻...
441	objAmaris	只会让我更生气...
442	objAmaris	我不该这个样子对你，|哈拉。
443	objAmaris	原谅你这个蠢姐姐吧。
444	objAnabel	哈！||你唱的曲子真有意思！
445	objAnabel	一开始挺烦人的，但...
446	objAnabel	大概唱到第五遍的时候...
448	objAnabel	我突然喜欢上了！
449	objAnabel	也让我注意到这里卖的漂亮自然饰品...
450	objAnabel	我打赌其中一些能做成独特的装饰！
451	objAnabel	哈！||看看我的亲宠多可爱！
452	objAnabel	它是不是最棒的？
453	objAnabel	你知道吗，|我们这一辈子都在一起。
454	objAnabel	如果你不明白的话...||那可真是{shake .7}老长时间啦！{/shake}
455	objAnabel	{shake}哈{/shake}||嘿嘿嘿！
456	objAnabel	足以让一个老太太都湿了眼眶...
457	objAnabel	到了我这年纪，|不回忆往昔都难啊！
458	objAnabel	这场战争持续了这么久，|但是...
459	objAnabel	感觉当年没那么糟。
460	objAnabel	不过呢，|感觉当年|{shake .5}一切{/shake}|都更好！||哈！
461	objAnabel	看起来你自己没有亲宠啊。
462	objAnabel	但我跟你说啊，|它可特别了！
463	objAnabel	一个伴随你记忆以来一直在你身边的伙伴，
464	objAnabel	永远不会离开你身边...
465	objAnabel	比|{shake .5}家人{/shake}|还好！
466	objAnabel	至少比我家人强。
467	objAnanya	哦...||我好累啊...
468	objAnanya	我昨晚整夜没睡|在聚会...
469	objAnanya	然后我今天还要上班...
470	objAnanya	我觉得我开始出现幻觉了...
471	objAnanya	你看起来像个快乐的绿精灵...
472	objAnanya	嘿嘿...
473	objAnanya	你真的在这儿吗？
474	objAnanya	你看起来||好滑稽啊...
475	objBard	我是真的！
476	objAnanya	哈哈，|哦我的|天哪...
477	objAnanya	我好尴尬...
478	objAnanya	等等...
479	objAnanya	那正是幻觉|{wiggle}会{/wiggle}|说的话...
480	objAnanya	给我讲个故事吧，|可爱的小幻觉...
481	objBard	我是真的！
482	objBard	不过好吧！
483	objBard	从前，|有一只...||快乐的独角兽！
484	objAnanya	嗯嗯。
485	objBard	不过，|这只快乐的独角兽并不快乐，|因为...
486	objBard	嗯...
487	objBard	她丢了她的角！
488	objAnanya	嗯哦不...
489	objBard	是啊，|所以她看起来就像普通的马。
490	objBard	但在她心里|她知道自己是独角兽！
491	objBard	她的名字是，
492	objBard	嗯，
493	objBard	米莉安！
494	objAnanya	{size .6}太太太|酷了了了|fftudfdkjgmls
495	objBard	{}于是独角兽米莉安|去找她的角...
496	objAnanya	{size .3}touhjfhacmgnjganfadhfd......
497	objBard	{}然后...
498	objBard	...
499	objBard	你该去睡觉啦！
500	objAnanya	{size .3}eykgncajvmanwkjahckj
501	objAnne	嘿呀！|欢迎光临安妮的炸弹店！
502	objAnne	你要炸弹吗？
503	objAnne	因为...||基本上我就卖这个！
504	objAnne	要去找人鱼吗，|嗯？
505	objAnne	干嘛不顺便带点炸弹呢？
506	objBard	我为什么需要||{wiggle}炸弹？{/wiggle}
507	objAnne	你懂的。||用来{shake .5}炸东西！{}
508	objAnne	很有趣！
509	objBard	还是算了！
510	objAnne	假如你在外面冒险...
511	objAnne	然后你看到墙上有个大大的、很可疑的裂缝。
512	objAnne	到那时候你就会希望你带了炸弹！
513	objAnne	裂缝|总是|意味着|{shake}宝藏！{}
514	objBard	我不能因为这种奇怪的理由就随身带炸弹吧！
515	objAnne	啧，|你到底在进行什么冒险啊？
516	objBard	一个很酷的冒险！
517	objBard	有海盗，|有唱歌，|还有别的东西！
518	objAnne	但没有炸弹？||真无聊。
552	objAstronomer	嗨，抱歉...
553	objAstronomer	我现在不能说话...
554	objAstronomer	我...
555	objAstronomer	{shake .5}{wiggle}快|要|饿||死了...
556	objAstronomer	我必须马上去餐馆...
557	objAstronomer	...
558	objAstronomer	不好意思...
559	objAstronomer	我要||立刻去餐馆了...
560	objAstronomer	嗨，抱歉...
561	objAstronomer	我现在不能说话...
562	objAstronomer	我需要...
563	objAstronomer	回到我的研究中去...
564	objAstronomer	但是，|如果你想谈谈，
565	objAstronomer	就在午夜到早上5点之间到餐馆找我。
566	objAstronomer	...
568	objAstronomer	我现在有重要的研究要做。
569	objAstronomer	午夜之后到餐馆找我。
612	objAstronomer	你好。
613	objAstronomer	我以前没在镇上见过你...
614	objAstronomer	请允许我自我介绍。
615	objAstronomer	我是埃拉拉||，天文学家。
616	objAstronomer	我一直在观察一些有趣的天体活动...
617	objAstronomer	那些星星...
618	objAstronomer	它们一个接一个地...|||消失了。
619	objAstronomer	不幸的是，|由于工厂的烟雾排放，
620	objAstronomer	我已经看不到天空中{shake .4}飞翔的蝙蝠{/shake}了。
621	objAstronomer	抱歉失言。
622	objAstronomer	所以，|我无法继续研究这一现象。
623	objAstronomer	于是我转而开始观察小镇。
624	objAstronomer	筹谋着...|||秘密行动。
625	objAstronomer	我看你没什么要说的，||那我就继续说吧。
626	objAstronomer	我已经想出如何关闭工厂的方法。
627	objAstronomer	我只需要一个同伙。
628	objBard	我|来|吧。
629	objBard	同|伙？
630	objAstronomer	呃...||一个帮手。
631	objBard	我|来|吧。
632	objBard	一|个|帮|手？
634	objAstronomer	如果你有兴趣做这件事，我可以解释。
635	objBard	我|来|吧。
636	objBard	我|为|什|么|要|做？
637	objAstronomer	嗯...
638	objAstronomer	也许你不该做。||这可能很危险。
639	objBard	我|来|吧。
640	objBard	听|着|像|坏|主|意。
641	objAstronomer	我是为了小镇的利益。
642	objAstronomer	危险有时候是不得不面对的。
643	objBard	我|来|吧。
644	objBard	有|多|危|险？
645	objAstronomer	好吧，||其实没那么危险。
646	objAstronomer	我只是想说得刺激一点。
647	objBard	我|来|吧。
648	objBard	哦？
649	objAstronomer	我们真正需要的是工厂内部的人。
650	objBard	我|来|吧。
651	objBard	像|是|密|探？？？
652	objAstronomer	是的，|就是那样。
653	objBard	我|来|吧。
654	objBard	密|探|很|刺|激！
655	objAstronomer	嗯...||的确如此。
656	objBard	我|来|吧。
657	objBard	但我们去哪找他们？
658	objAstronomer	嗯，|问题就在这里。
659	objAstronomer	我需要有人帮我找到他们。
660	objBard	我|来|吧。
661	objBard	怎|么|找|密|探？
662	objAstronomer	我们得专注找一些特定的人。
663	objBard	我|来|吧。
664	objBard	比|如|谁？
665	objAstronomer	比如，||白天醒着但没工作的那些人。
666	objBard	我|来|吧。
667	objBard	完|美|招|募|对|象...
668	objAstronomer	对，|没错。||我想从镇上再找三个人就够了。
669	objAstronomer	我们可以每天晚上在这家餐馆开会。
670	objAstronomer	然后一起，|推翻工厂。
671	objBard	我|来|吧。
672	objBard	祝|你|找|人|顺|利。
673	objAstronomer	太好了。
674	objAstronomer	我们会在镇上的人中找到需要的人。
675	objAstronomer	太好了。
676	objAstronomer	好吧，|你知道该怎么做。
677	objAstronomer	哇哦。
678	objAstronomer	看来激将法|确实有效。
679	objAstronomer	挺厉害啊。
680	objAstronomer	还没人答应过我这个提议。
681	objAstronomer	我们需要工厂内部的人帮忙。
682	objAstronomer	我们得从镇上的人里招募。
683	objAstronomer	具体来说，||就是白天醒着但没工作的那些人。
684	objAstronomer	我需要你帮忙找，因为我昼伏夜出。
685	objAstronomer	如果我们集齐三个人，|我们就能渗透进工厂...
686	objAstronomer	并用这家餐馆当作夜间会面地点。
687	objAstronomer	祝你好运。
688	objAstronomer	谢谢。
689	objAstronomer	工厂必须被推翻。
690	objAstronomer	为了大家的利益。
691	objAstronomer	只需要再招三个人...
692	objAstronomer	只需要再招两个人...
693	objAstronomer	只需要再招一个人...
694	objAstronomer	我也许能提供一些要找谁的线索。
695	objAstronomer	如果你需要的话。
696	objAstronomer	有个男人白天一直在镇上哭泣。
697	objAstronomer	他似乎对生活没有方向...
698	objAstronomer	所以，|他可能愿意帮我们。
699	objAstronomer	弄清楚他想要什么...
700	objAstronomer	你见过那个曾经总在镇上哭的男人吗？
701	objAstronomer	他现在有条狗...
702	objAstronomer	他看起来|情感脆弱...
703	objAstronomer	去找他吧。
704	objAstronomer	镇外的草地上站着一个女孩。
705	objAstronomer	我每天晚上来回都会经过她。
706	objAstronomer	我觉得她不是这里的人...
707	objAstronomer	但是，|也许她能成为盟友。
708	objAstronomer	有个悲伤的男人一直在屋顶上演奏音乐。
709	objAstronomer	因为他那么悲伤和绝望，
710	objAstronomer	他几乎肯定能被说服帮我们。
711	objAstronomer	说实话，我不确定城里还有谁能被说动。
712	objAstronomer	你认识没工作的人吗？
713	objAstronomer	工厂以前只是一家小玩具店。
714	objAstronomer	但是在那个恶毒的老板“男爵”手下，它发展了起来...
715	objAstronomer	它的扩张彻底改变了这里的景观。
716	objAstronomer	如果星星真的在消失...|那意味着什么？
717	objAstronomer	我|||{shake .3}需要{}|进一步研究这个...
718	objAstronomer	工厂必须被推翻。
719	objAstronomer	为了大家的利益。
720	objAstronomer	只需要3个招募对象...
721	objAstronomer	啊哈！|你做到了。
722	objAstronomer	我们有足够的人手进行秘密行动了。
723	objBalalaika	是的！||很快，|工厂就会垮台...
724	objBalalaika	这座城市将摆脱工业的枷锁！
725	objWhiner	耶！！|哈哈...
727	objAstronomer	{wiggle}所以...{/wiggle}
728	objAstronomer	我们现在要做的，|就是...
729	objAstronomer	进入工厂工作。
732	objAstronomer	我们必须摧毁它。||从内部开始。
733	objAstronomer	或者至少，|破坏它的基本秩序。
734	objAstronomer	如果我们在工厂车间工作...
735	objAstronomer	我们就能一起实现目标。
736	objWhiner	{size .8}我好兴奋，
737	objBalalaika	{}这将是一个辉煌新时代的黎明...
738	objBalalaika	同志们！||让我们团结起来！
739	objBalalaika	带领这座城市走进没有工厂的光明世界！
740	objWhiner	耶！！|哈|哈...
741	objAstronomer	这可能有点夸张。
742	objAstronomer	但是，||我很欣赏你的热情。
743	objAstronomer	一切都准备好了。
744	objAstronomer	计划只待开始执行。
745	objAstronomer	明天...||进入工厂...
746	objAstronomer	我迫不及待要继续研究了。
747	objAstronomer	星星在消失...
748	objAstronomer	这意味着什么...？
570	objAstronomer	我终于又能观测天空了...
571	objAstronomer	而且正如我所担心的那样。
572	objAstronomer	星星正在消失。
573	objAstronomer	但我找不到|原因...
574	objBard	嗯。|宇宙|{wiggle}即将{/wiggle}|终结！
575	objAstronomer	...
576	objAstronomer	我想这算是一种可能的解释...
577	objAstronomer	...
578	objAstronomer	但我不喜欢这个解释...
579	objAstronomer	你说宇宙即将终结...
580	objAstronomer	这个...||你为什么这么说？
581	objBard	因为就是这样！
582	objBard	我在梦中遇见了一位天使，#他把一切都告诉了我
583	objBard	而我一直在造访灵界
584	objBard	遇见魔法动物，它们教我一首歌
585	objBard	这样我就能拯救世界！
586	objAstronomer	这一切听起来都非常不科学。
587	objBard	你不相信宇宙要终结了吗？
588	objAstronomer	||不。|我相信你。
589	objAstronomer	作为科学家，#我的职责就是质疑一切。
590	objAstronomer	但同时，|去他的。
591	objAstronomer	灵界要怎么进入？
592	objBard	我要在一个特别的地方#唱一首特别的歌！
593	objAstronomer	嗯。
594	objAstronomer	一组编码的振动序列...
595	objAstronomer	也许将我们的维度#与另一个世界的振动联系起来
596	objAstronomer	暂时在世界之间创造出一道桥梁...
597	objAstronomer	||嗯。
598	objBard	不对，|我确定它只是特别的魔法而已！
599	objAstronomer	嗯...
600	objAstronomer	好吧。|祝你灵界之旅好运。
601	objAstronomer	我会继续在这里观察能观察到的东西。
602	objAstronomer	也许我会找到一些拯救我们的线索。
603	objAstronomer	即使在科学的视角下，
604	objAstronomer	我们都可看到万物皆有联系。
605	objAstronomer	粒子与粒子碰撞，效应荡漾至无穷...
606	objAstronomer	我们所观察到的一切，#都自然而然地源自之前发生的一切。
607	objAstronomer	当你帮助他人，创造幸福...
608	objAstronomer	那份正能量也会荡漾出去。
609	objAstronomer	并让这个世界客观上变得更好。
610	objAstronomer	所以继续唱吧。
611	objAstronomer	这很好。
519	objAstronomer	啊，|我的老同伙。
520	objAstronomer	你好啊。
521	objAstronomer	随着男爵从工厂退位...
522	objAstronomer	我掌握了玩具生产的手段。
523	objAstronomer	并将其改造成了我的新实验室。
524	objAstronomer	这里有这么多机器，潜力无限...
525	objAstronomer	我们可以用它制造新技术。
526	objAstronomer	造福所有人。
527	objAstronomer	这就是我对这个地方的愿景。
528	objAstronomer	一颗接一颗，||所有的星星都熄灭了...
529	objAstronomer	直到一颗都不剩。
530	objAstronomer	那一刻我正看着天空。
531	objAstronomer	它让我背脊发凉...
532	objAstronomer	我确信世界已经走到了尽头。
533	objAstronomer	但随后，|一瞬之间...
534	objAstronomer	天空中布满了全新的星星。
535	objAstronomer	新的星座，|新的星系...
536	objAstronomer	给了我们新的希望。
537	objAstronomer	我不知道我们的生存期限延长了多久。
538	objAstronomer	但它让我重新思考我该如何度过余生。
539	objAstronomer	那就是我来到这里的原因。
540	objAstronomer	人们说星星指引我们的命运。
541	objAstronomer	有人生来在幸运星下...
542	objAstronomer	而有人则不是。
543	objAstronomer	我觉得那都是胡说八道...
544	objAstronomer	{size .7}（抱歉失言）
545	objAstronomer	{size 1}但一片崭新的星空，|是不是挺有诗意？
546	objAstronomer	引导我们的旧星星都死去了...
547	objAstronomer	而现在，我们的命运掌握在自己手中。
548	objAstronomer	我们可以决定这个世界的未来走向。
549	objAstronomer	也许一直都是这样...
550	objAstronomer	但现在我相信了。
551	objAstronomer	我希望创造一个美好的未来。
754	objMiriam	这一次...
755	objMiriam	我会站在你身边。
756	objMiriam	搭个顺风车进入灵界。
757	objBard	你要和我一起去？
758	objMiriam	对！
759	objBard	...
760	objBard	呃...|但是，|你不是...
761	objBard	我是说...||你难道不会想念...
762	objBard	那个伤心的屋顶小伙？
763	objBard	喜欢你的那个？
764	objMiriam	不会。
765	objMiriam	话说回来，|那里一般是什么样的？
766	objMiriam	我唯一一次去是在混沌女王死后。
767	objMiriam	那时一切都...|黑暗又空虚。
768	objBard	通常那里充满了魔力和谜题！
769	objMiriam	|嗯。
770	objMiriam	好吧，|完美。
771	objMiriam	这次我会帮你的。
772	objMiriam	我大概能立刻帮我们冲过去。
773	objBard	好吧。||行！
774	objBard	...|也许我该再唱一次。
749	objBard	...|呃...
750	objBard	你好...？
751	objBard	米莉安...？
752	objBard	她不在这里...
775	objBard	{size 1.8}...|没成功...
776	objMiriam	{shake}呜呜呜{/shake}
777	objMiriam	我就怕会这样...
778	objMiriam	交汇点被|堵住了！
779	objMiriam	{}都是因为天上这些恶心的乌云...
780	objBard	{}...||看来我还是没什么用。
781	objMiriam	现在{shake}别{/shake}|这样！！
782	objMiriam	这雾霾肯定是从工厂来的...
783	objMiriam	我们得想办法关掉它！
784	objMiriam	哦，|拜托。
785	objMiriam	别那样看着我！！
786	objMiriam	看到你这样让我很生气。
792	objMiriam	{shake .5}我{/shake}|反正绝不会就这样...
793	objMiriam	眼看着英雄到处去杀统领！
794	objMiriam	所以赶紧回去吧！
795	objMiriam	然后|{shake .5}帮{/shake}|我想办法...
796	objMiriam	怎么关闭工厂！
797	objBard	{size 1.8}...|没成功...
798	objMiriam	{shake}呜呜呜{/shake}
799	objMiriam	你在开玩笑吧...
800	objMiriam	交汇点被|堵住了！
801	objBard	{}...||看来我还是没什么用。
802	objMiriam	现在{shake}别{/shake}|这样！！
803	objMiriam	...
804	objMiriam	很|可能|是天上那恶心的雾霾...
805	objMiriam	也就是说...|我们得关闭工厂...
806	objMiriam	所以|我猜...|你其实走对路了。
807	objMiriam	{size .7}呃{/size}
808	objMiriam	你知道吗，|我真希望哪怕有一次能抢在前头。
809	objBard	抱歉，米莉安
810	objMiriam	随便吧
811	objMiriam	只要||继续做你在做的事|就好。
812	objMiriam	我就当你那个倒霉的跟班在附近晃荡吧。
814	objBadriyah	哦，我的天。
815	objBadriyah	这不可能吧...|||哈拉？
816	objHala	巴德莉娅！
817	objHala	宝宝怎么样了？
818	objBadriyah	哈拉，||你|{wiggle}死了！{/wiggle}
819	objHala	|我知道。
820	objHala	我只是想让场面别那么尴尬，姐姐。
821	objBadriyah	这里发生什么了？
822	objHala	我在这个身体里
823	objBard	{size .7}（嗨！）
824	objHala	{size 1}我们需要和妈妈谈谈
825	objHala	但是这位吟游者没有魔法...
826	objHala	我们最多能唱那些非常古老的咒歌...
827	objBadriyah	古老的咒歌？
828	objBadriyah	你跟阿玛丽丝谈过吗？
829	objHala	|||没有。
830	objHala	我尽量不去见她。
831	objHala	我希望|{wiggle}你{/wiggle}|能帮我们，巴德莉娅。
832	objBadriyah	我也希望能帮上忙啊，|哈拉！
833	objBadriyah	但我不像阿玛丽丝那样是学者...||我不懂这些东西...
834	objBadriyah	你|{wiggle}知道{/wiggle}|她能回答这样的问题。
835	objHala	{size .7}{shake}唉{/shake}
836	objBadriyah	{size 1}我确实知道|{wiggle}一首{/wiggle}|歌...
837	objBadriyah	是这样的歌吗？
838	objBadriyah	你要不要试试看？
839	objBadriyah	就是那首！
840	objBadriyah	那首可以让我们在墙上行走的歌...
841	objBadriyah	这可是一首很实用的歌！
842	objBadriyah	但如果你想见妈妈...
843	objBadriyah	你|必须|去找阿玛丽丝谈谈。||这是唯一的办法。
844	objHala	是是是。
845	objHala	我们会的。
846	objBadriyah	我在你的地图上标记了她的办公室，以防你忘了。
847	objBadriyah	我爱你，|哈拉。
848	objBadriyah	拜托别一直缠着我。
849	objHala	我倒是想呢，
850	objHala	但我已经和这位吟游者绑定在一块了。
851	objHala	我也爱你，巴德莉娅。
852	objHala	等我外甥女出生的时候代我问好。
853	objBadriyah	我教你的那首老歌...
854	objBadriyah	我小时候大家至少都知道那首歌。
855	objBadriyah	你真的不懂吗，|哈拉？
856	objHala	是？|不是？||我是真的不知道。
857	objBadriyah	现在的巫师啊，|连基本功都忘了...
858	objBadriyah	等玛哈出生时，我一定会教他们。
859	objHala	{size .6}...
860	objHala	{size .6}我也想你，||巴德莉娅...
863	objBadriyah	可怜的妈妈，||她等了那么久才当上外婆。
864	objBadriyah	就在玛哈出生前，||她失去了你...
865	objBadriyah	这真的让她很难过，|哈拉。
866	objBadriyah	她那么爱你。
867	objHala	...
868	objBadriyah	我一直不擅长和家人保持联系...
869	objBadriyah	我大概是最后一个听说哈拉失踪的人。
870	objBadriyah	|||我觉得我还没完全接受这件事...
871	objBadriyah	哈拉实在太年轻了，不该发生这种事...
872	objBadriyah	真是残酷的憾事...
873	objHala	||我就在这里...
874	objBalalaika	你回来了...
875	objBalalaika	我们一直在这里辛苦劳作。
876	objBalalaika	在我们摧毁工厂的任务之后...
877	objBalalaika	我们得创造出一些东西来取代它。
878	objBalalaika	天文学家小姐...#|也就是，|埃拉拉...
879	objBalalaika	她对这个城市有着宏伟的愿景。
880	objBalalaika	我忍不住被她的梦想吸引。
881	objBalalaika	我看到米莉安|也在这里...
882	objBalalaika	...
883	objBalalaika	我心里有一部分#希望能再和她谈谈...
884	objBalalaika	但是...
885	objBalalaika	我想事情|已经...
886	objBalalaika	变得尴尬了...
887	objBalalaika	米莉安和我各走各的路。
888	objBalalaika	现在我明白了，那本就无缘。
889	objBalalaika	要是我当时有她那样的智慧就好了。
890	objBalalaika	我的心依然为她燃烧着...
891	objBalalaika	但是，|是以一种尊重的，
892	objBalalaika	而非浪漫的方式。
893	objBalalaika	在昔日寒冷、|死寂#的圣诞镇...
894	objBalalaika	米莉安的激情无比热烈而明亮。
895	objBalalaika	但现在圣诞镇的人们自由了。
897	objBalalaika	我们的梦想，|曾经冻结在雪下...
898	objBalalaika	如今终于可以#在这里再次融化、绽放。
899	objBalalaika	对我们所有人来说，#这是一段新生活。
900	objBalalaika	所以。||工厂已经不复存在...
901	objBalalaika	但我的爱人...|她也要离开了。
902	objBalalaika	||{wiggle}*叹气*...{/wiggle}
903	objBalalaika	好消息后面永远会紧跟着坏消息...
904	objBalalaika	我们共度的时光很短暂。
905	objBalalaika	而且||并不特别充满爱意。
906	objBalalaika	也许她从未真正爱过我。
907	objBalalaika	但我仍会珍惜我们一起度过的时光。
908	objBalalaika	随着工厂的消失，
909	objBalalaika	这个小镇的灵魂再次获得了自由。
910	objBalalaika	新的希望可以萌芽...
911	objBalalaika	也许，||甚至对我来说...
912	objBard	嘿...
913	objBard	想要帮忙|推翻工厂吗？
914	objBalalaika	是的。
915	objBard	我们每晚在餐馆开会。
916	objBalalaika	我会去的。
917	objBalalaika	我的爱人...
918	objBalalaika	她是那么...||凶猛。
919	objBard	是啊。
920	objBalalaika	还有点暴躁。
921	objBard	嗯。||对的。
922	objBalalaika	而且容易烦躁。
923	objBard	没错。
924	objBalalaika	...
925	objBalalaika	她太完美了。
926	objBalalaika	工厂已经侵蚀了这座城市的核心...
927	objBalalaika	它的黑暗令人窒息。
928	objBalalaika	||我|期待我们的夜间餐馆会议。
929	objBalalaika	我的内心已经等不及想要见到她了...
930	objBalalaika	|||今晚...
931	objBalalaika	我为我们的同志团体想好了名字...
932	objBalalaika	|“天文学家”
933	objBalalaika	我们的目光超越了这座机械之城的束缚，
934	objBalalaika	向着一个没有工厂的未来...
935	objBalalaika	这座城市的人们|必须|摆脱工厂。
936	objBalalaika	我们|天文学家|能看到通往那命运的道路...
937	objBard	嗯...
938	objBalalaika	这些人被机器奴役着。
939	objBalalaika	我们要阻止工厂，建立一个新的秩序...
941	objBalalaika	这有点超出了我原本的想法...
942	objBard	嗯。||我有一封信要给你。
943	objBalalaika	是|||她写的吗？
944	objBard	是的...
945	objBalalaika	...
946	objBalalaika	真是...
947	objBalalaika	{shake}太棒了！！！！
948	objBard	{}啊？
949	objBalalaika	她同意...|||{quake}{shake}和我见面了！！！
950	objBalalaika	{}哦。||等等...
951	objBalalaika	她还说...|||“别告诉那个怪怪的吟游诗人！！！”
952	objBard	那说的肯定是我。
953	objBalalaika	唉...||我已经打破了承诺...
954	objBalalaika	但没有第二次机会的爱算什么爱呢？
955	objBard	嗯。
956	objBalalaika	没有她的每一刻都是痛苦...
957	objBalalaika	我怀着持续的悲伤等待我们的见面。
958	objBalalaika	不过，||比她同意见我之前||稍微少了一点悲伤。
959	objBard	那很酷！
960	objBard	还有...
961	objBard	想要帮忙|推翻工厂吗？
962	objBalalaika	是的。
963	objBard	我们每晚在餐馆开会。
964	objBalalaika	我会去的。
965	objBard	嘿。
966	objBard	你看起来又悲伤又迷茫！
967	objBard	想要，|嗯...||帮忙推翻工厂吗？
968	objBalalaika	所以...||你找到我了。
969	objBalalaika	被我哀伤的音乐吸引来了吗？
971	objBalalaika	这不是表演。|我的演奏|||发自内心。
972	objBalalaika	我为一座城市而奏，|它的心脏被机器取代...
973	objBalalaika	冷得像天上飘落的雪...
974	objBalalaika	还有那||无望的爱。
975	objBalalaika	我的爱，||无望的爱...|我怎能忘记她？
976	objBalalaika	我无法面对她，
977	objBalalaika	但我把我的情感写在了这封信里。
978	objBalalaika	请，||把它交给她...
979	objBalalaika	她每天都站在工厂前，
980	objBalalaika	从上午11：30到下午6：30。
981	objBalalaika	我知道，因为我无法将目光从她身上移开。
982	objBalalaika	而我甚至不知道她的名字...
983	objBalalaika	对不起。|||我现在无法谈论这些。
984	objBalalaika	以后...||再跟我聊吧。
985	objBalalaika	{wiggle}哦，工厂前的女孩...
986	objBalalaika	从上午11：30到下午6：30...
987	objBalalaika	为什么你让我的心如此歌唱...
988	objBalalaika	{wiggle}当你听到我的巴拉莱卡琴声...
989	objBalalaika	你会想起我吗？
990	objBalalaika	我的感情会传达给你吗？
991	objBalalaika	你会解放我的心吗？
992	objBernie	哦，|太让人激动了！
993	objBernie	早点把人鱼带回来，|小鬼头！
994	objBernie	人鱼消失的那段时间，
995	objBernie	我们都心灰意冷...
996	objBernie	甚至都没想过...|要做点什么！
997	objBernie	我们只是每天狂饮不止。
998	objBernie	当然啊，|我说的是咖啡！
999	objBernie	你好哇，小鬼头！
1000	objBernie	我们这地儿可不常见你这样的人。
1001	objBernie	但你别担心，我们很友好！
1002	objBernie	不来和我们喝杯咖啡吗？
1003	objBernie	在大海上谋生可不容易。
1005	objBernie	这样一个世界里可容不下刻薄的存在...
1006	objBernie	此时，|此地，|我们相聚为友。
1007	objBernie	让我们好好珍惜吧。
1008	objBernie	愿你在跨越海洋的路途中找到安宁与快乐...
1009	objBernie	（幸运的话...还有||{shake .25}人鱼！{}）
1010	objBard	...||嘿...
1011	objBard	你想帮忙推翻工厂吗？
1012	objBeth	...
1013	objBeth	我看起来像疯子吗？
1014	objBeth	别把我牵扯进你们那摊事。
1015	objBeth	我还要打理餐馆呢。
1016	objBeth	不过...祝你好运。
1018	objBeth	工厂真的关闭了|啊...
1019	objBeth	...
1020	objBeth	不知为何...
1021	objBeth	这还让我挺有盼头的。
1022	objBeth	这里已经很久很久没有任何变化了。
1023	objBeth	但||也许万事万物最终都会改变...
1024	objBeth	我已经工作了很久很久了。
1025	objBeth	也许今天...
1026	objBeth	我应该回家泡个脚...
1027	objBeth	刚开餐馆那时候，|我满怀热情...
1028	objBeth	|我得找回那种感觉。
1029	objBeth	欢迎来到贝丝的餐馆...
1030	objBeth	{shake .5}|叹|气||...{/shake}
1031	objBeth	24小时营业。
1032	objBeth	很多有趣的人都会在这留步，|嗯哼。
1033	objBeth	那个外地的天文学家总是在午夜现身。
1034	objBeth	大概|从半夜到早上5点，||每次都点一样的东西。
1035	objBeth	至于为什么？||不知道，|不在乎。
1036	objBeth	你见过镇上的那只流浪狗吗？
1037	objBeth	可怜的小东西，对吧？
1038	objBeth	每天早上都在外面等人喂它。
1039	objBeth	你跟那群每晚在这开会的人是一伙的？
1040	objBeth	说真的...||你们|这伙人{wiggle}非常{/wiggle}可疑。
1041	objBeth	不过|我反正不在乎。
1042	objBeth	这工作|会把你的思维困在一个圈里。
1043	objBeth	夹在两堵墙中间，|每天对一样的人说一样的话...
1044	objBeth	是啊，|日复一日，|年复一年...
1045	objBeth	你要来点吃的吗？
1046	objBard	不。
1047	objBard	要。
1048	objBeth	去找个空位坐下吃吧。
1049	objBeth	或者带去给需要的人，不然就浪费了...
1050	objBeth	好吧，||那可惜了。
1051	objBeth	你手里不是已经有一封信了吗。
1052	objBeth	找到要给谁了吗？
1053	objBeth	...
1054	objBeth	{shake .4}唉...{/shake}
1055	objBeth	{wiggle}请|{/wiggle}小心点行吗？
1057	objBeth	如果你打算浪费食物...
1058	objBeth	拿去给需要的人，|好吗？
1059	objBard	噢...||好的
1060	objBhami	我们都是艾娅的信徒。
1061	objBhami	我们信仰她...||和她的计划。
1062	objBhami	我们一直都知道||{glitch .1}末日|终将来临。
1063	objBhami	只有愚者才会拒绝接受它...
1064	objBhami	当它如此清晰地展现在我们面前时。
1065	objBhami	在宇宙的宏图之中，|我们如蝼蚁般...
1066	objBhami	不...||我们比蝼蚁还要渺小...
1067	objBhami	我们如同||蝼蚁脚下的微尘...
1068	objBhami	不...|||事实上...
1069	objBhami	我们如同||蝼蚁脚下的，|微尘之中的，|亚原子粒子。
1070	objBhami	好吧，|你明白就行...
1071	objBhami	在我们的宇宙之前，已经有了无数个宇宙...
1072	objBhami	而之后，也会有无数个。
1073	objBhami	真可悲啊，我们即将在此见证|{glitch .1}末日|...
1074	objBhami	但这同时也标志着一个新宇宙的开始。
1075	objBhami	这是艾娅之道，||是她的设计。
1076	objBhami	我们有什么资格去干涉呢？
1077	objManny	{shake .3}耶！！||他们喜欢！
1078	objViola	听起来像是...
1079	objViola	他们想要{wiggle}返场！{/wiggle}
1080	objManny	那个...|谁有备用曲吗？
1081	objViola	嗯哼，||轮到我闪亮登场了...
1082	objViola	等等...|是不是已经有人上台了？
1083	objClara	{size .85}{shake .2}这首歌...||献给我的母亲。
1084	objClara	这是一首她常弹的，很古老的曲子，|关于风之女王...
1085	objClara	{size .6}艾娅保佑...
1086	objClara	{}我刚才||{shake .5}紧张死了！！{}
1087	objViola	...
1088	objViola	你弹得太美了，|埃什。
1089	objClara	|||谢谢。
1090	objBard	那真的是统领之歌吗？？
1091	objClara	嗯，||对。
1092	objClara	...这回答你的问题了吗...？
1093	objBard	{quake}{shake}米莉安绝对不会相信这个！！！
1100	objBlackcat	喵！
1101	objBlackcat	你发现了一个秘密...
1102	objBlackcat	但你不是我要找的人。
1103	objBlackcat	等你看见宇宙的终结再回来...
1104	objBlackcat	但你知道密码吗？
1105	objBlackcat	喵！
1106	objBlackcat	抱歉...|你还没准备好。
1107	objBlackcat	暂时先别担心这个。
1108	objBlackcat	喵！
1109	objBlackcat	密码，|拜托。
1110	objBlackcat	喵！
1111	objBlackcat	|你答对了...
1112	objBo	你穿的衣服好奇怪...
1113	objBo	你不是钱德什人||...对吧？
1114	objBo	不好意思，|我是军人，|所以我得问问。
1115	objBo	其实我并不在乎。
1116	objBo	与钱德什的战争伴随了我的一生。
1117	objBo	我真的不在乎...
1118	objBo	|只要我们别死|，好吧...
1119	objBo	当兵是有点累，|但你能从中获益。
1120	objBo	你可以轻松留在城市里。
1121	objBo	这儿什么都没有。
1122	objBo	好吧，|除了那些巨大的怪物...
1123	objBo	但英雄一个人就能解决，|所以...
1124	objBo	{wiggle}管它呢{/wiggle}
1125	objBo	可怕的是...
1126	objBo	既然怪兽曾经来过...
1128	objBo	它们还会再来吗？
1129	objBo	要是那时候英雄不在这...
1130	objBo	要担心的事太多了...
1131	objBo	要是这种事越来越多，
1132	objBo	我宁愿忽视它们...
1133	objBard	你想推翻工厂吗？
1134	objBoxer	{quake}{shake}啥？{/shake}||讲什么疯话！！！
1135	objBoxer	工厂是俺唯一的出路
1136	objBoxer	俺现在还得担心|俺的家人
1137	objBoxer	俺不能帮你干事。
1138	objBoxer	俺以前是拳击冠军。
1139	objBoxer	头衔来了又去...||但家|，从没变过
1140	objBoxer	俺现在给男爵干活，|造快乐孩子玩具。
1141	objBoxer	俺爹，|以前在镇上开的礼物店。
1142	objBoxer	但男爵把店买了|，拆了|，建了好多厂子。
1143	objBoxer	俺这样的人，|只能在厂里干活。
1144	objBoxer	迟早，|俺和家里人会走出去的。
1145	objBoxer	但俺没钱，||所以俺现在还在这，||干活。
1146	objBoxer	现在工厂没了，|镇子变化真大。
1147	objBoxer	但是好啊！|镇子又是俺们的了。
1148	objBoxer	可能男爵会把俺爹的礼物店还回来...
1149	objBoxer	快乐孩子，|没几个人喜欢...
1150	objBoxer	工厂快干不下去了。
1151	objBoxer	俺们需要生产人们想要的东西！
1152	objBoxer	俺和家里人，|在厂里干活，|还挺好的。
1153	objBoxer	但俺们马上就得添新东西了...
1154	objBard	...|可能我得再唱一遍试一下。
1155	objBronson	小吟游呀！
1156	objBronson	你看起来比我上次见到你强壮10倍！
1157	objBronson	不是说你的肌肉...
1158	objBronson	而是...|你的内心！
1159	objBronson	我看得出来。
1160	objBronson	你一定经历了一场大冒险！
1161	objBronson	我的孩子也变得更强壮了！
1162	objBronson	他肯定比他老爹还要强壮！
1163	objBronson	和一个鬼妈妈一起抚养孩子...
1164	objBronson	这挺难的...
1165	objBronson	希望|||我做的还不错。
1166	objBronson	就算...
1167	objBronson	他永远也长不大。
1168	objBronson	无论如何，|养育一个人，
1169	objBronson	这仍然意义重大。
1170	objBronson	我真得很谢谢你...
1171	objBronson	把玛丽带回我们身边，|小吟游。
1172	objBronson	这让这最后的时光变得弥足珍贵。
1173	objBronson	没有她我会很迷茫的...
1174	objBronson	好吧...||我还是感觉很迷茫。
1175	objBronson	但总比一个人迷茫要好得多。
1176	objBronson	啊呀！这不是小吟游吗！
1177	objBronson	你今天可得小心了。
1178	objBronson	镇上的幽灵可是个大麻烦。
1179	objBronson	我试着用斧头吓跑我房间里的那只...
1180	objBronson	但它并不是很害怕斧头。
1181	objBronson	希望镇长能尽快解决这个问题。
1182	objBronson	我会砍树，|但我砍不到幽灵啊。
1183	objBronson	可能就像玛丽曾告诉我的...
1184	objBronson	我不只应该训练我的肌肉，|还要训练...|||我的内心。
1185	objBronson	开玩笑的！||变强才是最棒的！
1186	objBronson	我想念她...
1187	objBronson	至少|你的乐观行动振奋了我。
1188	objBronson	但|经验总能让灵魂变得更坚强。
1189	objBronson	我希望命运不会像对待我们一样捉弄你。
1190	objBronson	我很高兴至少我的孩子还和我在一起！
1191	objBronson	他可比我坚强多了！
1192	objBronson	我能从他身上学到些什么。
1193	objBronson	我会砍树，|但我砍不到幽灵啊。
1194	objBronson	如果玛丽还和我们在一起...
1195	objBronson	我还是不敢相信这个幽灵原来就是玛丽！
1196	objBronson	现在她回来了||，其实还有点吓人。
1197	objBronson	我想事情和以前永远不一样了。
1198	objBronson	当我们独处时，
1199	objBronson	她靠近我，用她幽灵一样的手臂搂住我。
1200	objBronson	它们像空气一样穿过了我...
1201	objBronson	我不确定是害怕|还是感动。
1202	objBronson	对于我这样的人来说很难理解...
1203	objBronson	但我很感激她能回来找我们。
1204	objBronson	当我们的小男孩做了一些了不起的事情时...
1205	objBronson	我可以和玛丽一起感到骄傲，|就像以前一样。
1206	objBronson	我们无法用语言交流，|但我知道她感觉得到。
1207	objBronson	有时当我听见她幽灵般的歌声时，
1208	objBronson	我发誓我开始理解其中的含义了。
1209	objBronson	也许等时间久了，|我会完全理解！
1210	objBronsonson	{wiggle}||.|.|.|我...
1211	objBronsonson	...|||我好害怕...
1212	objBronsonson	为什么所有东西都在崩溃？
1213	objBronsonson	为什么所有事都||越来越糟？
1214	objBronsonson	是我做错事了吗？
1215	objBronsonson	我希望|我们能弥补它...
1216	objBronsonson	爸爸说会没事的...
1217	objBronsonson	但我...||我不太相信...
1218	objBronsonson	我觉得这个世界真的要终结了...
1219	objBronsonson	就像妈妈回来时|说过的那样。
1220	objBronsonson	|||好难过...
1221	objBronsonson	{wiggle}||.|.|.|我...
1222	objBronsonson	...|||我好害怕...
1223	objBronsonson	{wiggle}||唔|.|.|.
1224	objBronsonson	...|||嗨...
1225	objBronsonson	{wiggle}||.|.|.
1226	objBronsonson	...|||妈妈回来了...
1227	objBronsonson	{wiggle}我真的|||很想她...
1228	objBronsonson	{wiggle}||.|.|.
1229	objBronsonson	...|||我怕...||她再次离开...
1232	objCalliope	谁会在意当英雄啊？
1233	objCalliope	{size 1}那也没什么了不起的。
1234	objCalliope	当一个占卜师...||这|{shake .5}才叫{/shake}|酷！
1235	objCalliope	生活是自己创造的。
1236	objCalliope	而|{wiggle}我{/wiggle}|现在要让我的生活充满沙滩和放松。
1237	objCalliope	你应该像我一样放下忧愁。
1238	objCalliope	你还打算待多久？
1239	objCalliope	时间不多。|末日将至。
1240	objCalliope	去享受生活什么的吧！
1241	objCalliope	{shake}{size 1.5}所以...
1242	objCalliope	{}我知道你为什么来这里...
1243	objCalliope	而且听着，||我明白！
1244	objCalliope	英雄不是人人都能当的。
1245	objCalliope	你尽力了，|这才是最重要的！
1246	objBard	等一下！！！
1247	objBard	我拿到了人鱼之泪！
1248	objCalliope	你...||呃...|||真的吗？
1250	objCalliope	{size .7}真的有这种事吗...？
1252	objCalliope	{size 1}.|.|.|||确实没错。
1253	objBard	所以你能用这个找到人鱼吗？？
1254	objCalliope	当然，||我||{shake}{quake}可以！！{/shake}
1255	objCalliope	我们开始吧！！
1256	objCalliope	嗯...
1257	objCalliope	你能帮个忙吗？
1258	objCalliope	比如...|唱个歌什么的...？
1259	objCalliope	{wiggle}耶...{/wiggle}|||我搞定了！！！
1260	objCalliope	我完全可以在你的地图上做个标记什么的。
1261	objCalliope	而且|作为报酬...
1262	objCalliope	我要把这颗宝石留着！！！
1263	objCalliope	这东西价值连城。
1264	objCalliope	我要在世界末日前|{wiggle}美美地{/wiggle}|度过一个愉快的假期了...
1265	objCalliope	{quake}{shake}捏{/shake}|哈哈哈！
1266	objBard	行吧，|随便吧。
1267	objBard	所以...
1268	objBard	这是不是意味着我现在是个英雄了？
1272	objCalliope	呃...|唔。
1273	objCalliope	我觉得有可能。
1274	objCalliope	我再来占卜一次...
1275	objCalliope	这一次，在{wiggle}你{/wiggle}|身上。
1276	objCalliope	{size .8}让我们看看你是否真的是预言中的英雄...
1277	objCalliope	！
1278	objCalliope	{size 1}我的老天爷...
1279	objCalliope	居然...！
1280	objCalliope	没有任何关于你的预言。
1281	objBard	...
1282	objBard	...什么都没有？
1283	objCalliope	没有，||什么都没有。
1284	objBard	那是什么意思？
1285	objCalliope	我怎么知道！
1286	objCalliope	一般情况下多少能看见|{wiggle}一点东西...{/wiggle}
1287	objCalliope	但你绝对|不是|{wiggle}预言中的英雄...{/wiggle}
1288	objCalliope	但我猜你也不是|“不是英雄”？
1289	objCalliope	只是命运对你||没有任何期望。
1290	objCalliope	好吧，祝你好运。
1291	objCalliope	世界依然在走向末日。
1292	objCalliope	我要去沙滩了。
1293	objCalliope	所以该走了，|好吧？
1302	objCalliope	所以？||你找到眼泪了吗？
1303	objBard	{shake}是的！！！
1304	objCalliope	{}哈？真的吗？
1305	objCalliope	它是...||眼泪形状的吗？
1306	objBard	...
1307	objBard	嗯...||不完全是。
1308	objCalliope	所以你没找到！
1309	objCalliope	可能你找到了一部分，|但是...
1310	objCalliope	如果不完整的话，|是没用的！
1311	objBard	噢...
1312	objBard	但是...|剩下的在哪？
1313	objCalliope	{shake .5}我怎么知道？？？
1314	objCalliope	{}我看起来像英雄吗？
1315	objCalliope	所以我才说这不是咱俩该做的事！
1316	objCalliope	但是...||你的方向可能是对的！
1317	objCalliope	继续找找其他地方吧！
1318	objCalliope	你能有什么损失呢？
1319	objCalliope	祝你找到那颗宝石！
1320	objCalliope	我会等你找到的。
1321	objCalliope	回报会{wiggle}很丰厚哦{/wiggle}...
1322	objCalliope	捏哈哈哈...
1323	objCalliope	那颗宝石价值连城。
1324	objCalliope	顺便说一句，|你|{shake}{quake}必须{/shake}||把它交出来。
1325	objCalliope	钱越多，|我用来迎接末日的沙滩就越完美。
1326	objCalliope	捏哈哈哈...
1327	objCalliope	你还在这闲逛什么？
1328	objCalliope	赶紧去做你的英雄支线任务啊！！
1329	objCalliope	你要是耽误太久，|我就没法在末日前度假了...
1330	objCalliope	我还等着呢，|{wiggle}英雄！{/wiggle}
1331	objCalliope	我帮你帮得够多了！
1332	objCalliope	！
1333	objCalliope	你在这里干什么？
1334	objBard	你知道统领之歌吗？
1335	objCalliope	...|统领|.|.|.？
1336	objCalliope	{quake}{shake}捏{/shake}|哈哈哈！|问的真是时候！
1337	objCalliope	我真不想告诉你，|但是...
1338	objCalliope	{quake}{shake}这个世界要完蛋啦！！！{/shake}
1339	objCalliope	这就是为什么我在收拾东西。
1340	objCalliope	我要去沙滩上放松一下，直到一切终结。
1341	objBard	我已经知道了！
1342	objCalliope	哈？|关于沙滩的事？
1343	objBard	不，|是关于世界终结的事！
1344	objBard	我就是要阻止这件事发生！
1345	objCalliope	...
1346	objCalliope	{quake}{shake}捏{/shake}|哈哈哈！
1347	objCalliope	{wiggle}那是{/wiggle}|不可能的。
1349	objCalliope	但行吧。
1350	objCalliope	我什么事都能占卜。
1351	objCalliope	你在找什么？|统领之歌？
1352	objBard	嗯！
1353	objCalliope	{wiggle}嗯嗯嗯...{/wiggle}
1354	objCalliope	{shake}找到了！
1355	objCalliope	{}显然||人鱼知道这个。
1356	objCalliope	太遗憾了...
1357	objCalliope	因为她们很多年前就消失了。
1358	objCalliope	就算是|{wiggle}我{/wiggle}|也没法告诉你她们去哪了...
1359	objBard	噢...
1360	objBard	所以你并不是真的能占卜{wiggle}所有事{/wiggle}...
1361	objCalliope	啧！|喂喂！|我可是这一行里最出色的|好吗？？
1362	objCalliope	但事情没那么简单！
1363	objCalliope	这种占卜需要一些...||很难找的东西！！
1365	objBard	比如什么？
1366	objCalliope	捏哈哈...||你认真的吗？
1368	objCalliope	要真正找到人鱼...
1369	objCalliope	我至少需要||{wiggle}人鱼之泪{/wiggle}。
1370	objBard	哈？|我要让她们哭出来？
1371	objCalliope	{shake}不{/shake}不不不。
1372	objCalliope	那是颗宝石，你个笨蛋。
1373	objCalliope	是她们所留下的东西。
1374	objCalliope	我猜，你可以去遗迹里找找看...
1375	objCalliope	但我提醒你！
1376	objCalliope	这是...||一个{wiggle}英雄支线任务{/wiggle}！
1377	objBard	一个啥？
1378	objCalliope	这颗眼泪注定要被英雄找到。
1379	objCalliope	而不是...||一个奇怪的唱歌呆子。
1380	objCalliope	但是||如果你|{wiggle}能{/wiggle}|找到这颗宝石，|那我就能找到人鱼。
1381	objBard	好的！|我会找到的！！
1382	objBard	然后我们就知道谁才是英雄了！
1383	objHala	坎德拉！
1384	objCandra	||||姐姐？
1385	objHala	{shake .5}坎德拉！！！
1386	objCandra	{}我眼花了吗？
1387	objCandra	{}哈拉，||你在镜子里做什么？
1388	objHala	我需要你的帮助，|坎德拉。
1389	objHala	我需要和妈妈谈谈。
1390	objCandra	{}天啊，|哈拉。
1391	objCandra	她一直担心得要命！
1392	objCandra	我们大家都是如此。
1393	objCandra	你怎么了？
1394	objHala	我死了，|坎德拉。
1395	objCandra	我知道|{wiggle}这个{/wiggle}！
1396	objCandra	但是||...||怎么会？
1397	objHala	...一次意外。
1398	objCandra	||||意外？
1399	objCandra	就这些吗...？
1400	objCandra	||...一切总对我保密...
1401	objCandra	当你消失时他们都没告诉我，|哈拉。
1402	objCandra	我又不是小孩了！
1404	objHala	对不起，|坎德拉。
1405	objHala	但是...
1406	objHala	我现在不能|||谈这个...
1407	objCandra	你需要什么？
1408	objHala	我被困在这个身体里，
1409	objBard	顺便，|嗨！
1410	objBard	我是个吟游诗人！
1412	objHala	{size 1}但我们接触不到魔法。
1413	objHala	那我们怎么进宫殿？
1414	objCandra	{}嗯...||没有魔法...
1415	objCandra	等一下...
1416	objCandra	你是说...||你是个|歌手？
1417	objHala	啊？
1418	objHala	{shake}{quake}哦||哦哦哦哦...！！！
1419	objHala	{/shake}没错！
1420	objBard	{}什么？
1421	objCandra	我刚在课堂上学过这个。
1422	objCandra	有个鲜为人知的事实，魔法...
1423	objCandra	其实只是|高阶的||音乐！
1424	objBard	什么！！！
1426	objCandra	很久|很久||很久以前...
1427	objCandra	我们曾用歌曲施法。
1428	objCandra	...找到了！
1429	objCandra	试着唱这个...
1430	objCandra	成功了！
1431	objBard	成功了？
1432	objBard	我能施||{shake}魔法？！{}
1433	objCandra	算是吧...
1434	objCandra	唱歌...||比真正的魔法|原始。
1435	objCandra	但这些水晶对魔法特别敏感。
1436	objCandra	所以它们会回应你。
1440	objCandra	书上就这一个例子...
1442	objCandra	||我也希望能帮上更多忙。
1443	objCandra	阿玛丽丝肯定知道更多咒歌...
1444	objHala	哦不。
1445	objHala	不要是她...
1446	objBard	谁？
1447	objCandra	我们的大姐。
1448	objCandra	她是这所学校的校长。
1449	objCandra	而且，||嗯，|挺难相处的。
1450	objHala	我不想见她。
1451	objCandra	我也不觉得她想被|看到。
1452	objCandra	被|{wiggle}任何人{/wiggle}。
1453	objCandra	{}她已经在塔顶躲了...|好几周了。
1454	objCandra	还有巴德莉娅...
1455	objCandra	我可以帮你标出她住哪儿，|哈拉。
1456	objCandra	也许她也能帮忙。
1457	objHala	这个主意|好多了|。
1458	objHala	谢谢你，|坎德拉。
1459	objCandra	我刚才还想给你一个拥抱，|但是...
1460	objCandra	我猜你只是镜子里的幽灵...
1461	objCandra	...
1462	objCandra	我爱你，|哈拉。
1463	objHala	我也爱你，妹妹。
1464	objCandra	你知道关于女神艾娅的故事，
1465	objCandra	用歌声创造宇宙...
1466	objCandra	之类的，|对吧？
1467	objCandra	根据书上所说，
1468	objCandra	既然宇宙本质上只是音乐，
1469	objCandra	我们发现可以|使用|音乐来操控它...
1470	objCandra	而那就演变成了魔法。
1471	objCandra	听起来很疯狂...
1472	objCandra	但它确实有效，#|所以我猜是真的。
1473	objCandra	我真希望能亲自带你去宫殿。
1474	objCandra	但你得自己施法才能进去...
1475	objCandra	把它记在地图上，别忘了。
1476	objCandra	...
1477	objCandra	我现在不知道||该怎么办...
1478	objCandra	我有好多考试...
1479	objCandra	我一直忙个不停...
1480	objCandra	我曾设法停止||去想|发生的事...
1481	objCandra	但现在这些思绪全都涌回来了...
1482	objCandra	哦，||哈拉...
1483	objCandra	不管你是谁...
1484	objCandra	请好好照顾哈拉。
1485	objCandra	我的姐姐们都太年长太自负，#无法做我的朋友。
1486	objCandra	除了哈拉。||她是最棒的。
1487	objCandra	她是个很棒的人。
1488	objCandra	|||我快哭出来了...
1489	objCandra	嗯...|我不希望那时你还在这。
1490	objCandyman	{wiggle}嗨！{/wiggle}
1491	objCandyman	{wiggle}蜜|歌！{/wiggle}
1492	objCandyman	{wiggle}久|不|见...{/wiggle}
1493	objCandyman	{wiggle}又|见|面|了...{/wiggle}
1494	objCandyman	{wiggle}见|你|真|高|兴...{/wiggle}
1495	objCandyman	{wiggle}欢|迎|回|德|尔|菲...{/wiggle}
1496	objCandyman	{wiggle}糖|果|英|雄|回|家|了...{/wiggle}
1497	objCandyman	{wiggle}糖|果|回|忆，|是|否|甜|蜜？{/wiggle}
1498	objCandyman	{wiggle}你|写|这|歌|已|经|很|久|了...{/wiggle}
1499	objCandyman	{wiggle}糖|果|经|典|曲，|旧|如|侏|罗|纪...{/wiggle}
1500	objCandyman	{wiggle}你|为|糖|果|唱，|令|我|如|沐|春|风...{/wiggle}
1501	objCandyman	还记得吗？
1502	objCandyman	就是你为我的糖果店写的旋律，|船长！
1503	objCandyman	我写了新歌词，#想着如果再见到你就能用上。
1504	objCandyman	孩子们疯狂涌进店里！
1505	objCandyman	正合我意！
1506	objCandyman	谢谢！
1507	objCandyman	嘿，|船长！
1508	objBard	你|好！
1509	objCandyman	哇啊，等等！||你是音乐家吗？
1510	objCandyman	哇！||你是渡鸦演出的歌手？
1511	objCandyman	现在的孩子就{shake .5}||喜|欢|这|种{/shake}|||音乐。
1512	objCandyman	我一直在找和他们沟通的办法。
1513	objCandyman	也许你能帮忙！
1514	objCandyman	能给我的糖果店写首广告歌吗？
1515	objBard	现|在|不|行...
1516	objBard	当|然|可|以！
1517	objCandyman	好吧，|我确实有点强人所难了。
1518	objCandyman	随便看看吧。
1519	objCandyman	{shake}这{/shake}||才是我说的那股劲儿！
1520	objCandyman	好，|我给你机会，开唱吧！
1521	objCandyman	简短又{wiggle}甜美{/wiggle}的，|哦吼！
1522	objCandyman	呃。
1523	objCandyman	我也喜欢那个音调，|但...
1524	objCandyman	我希望比这更有|{wiggle}一点点{/wiggle}|创意！
1525	objBard	抱|歉...
1526	objBard	让|我|再|试|试！
1527	objCandyman	呃...
1528	objCandyman	我唱不了这么快，|船长！
1529	objCandyman	能稍微放慢点吗？
1530	objBard	抱|歉...
1531	objBard	我|再|试|一|次！
1532	objCandyman	好吧，|你尽力了。
1533	objCandyman	期待哪天能听到你的佳作！
1534	objCandyman	哦，|哦...||这样对吗？
1535	objBard	我|再|试|一|次。
1536	objBard	听|着|不|错！
1537	objCandyman	太棒了！！！|||我也超爱！
1538	objCandyman	希望孩子们会喜欢。
1539	objCandyman	我正在为你写的广告歌填词！
1540	objCandyman	{wiggle}甜！{/wiggle}
1541	objCandyman	{wiggle}糖|铺...{/wiggle}
1542	objCandyman	{wiggle}糖|果|来...{/wiggle}
1543	objCandyman	{wiggle}带|走|甜|蜜...{/wiggle}
1544	objCandyman	{wiggle}糖|果|时|间|到...{/wiggle}
1545	objCandyman	{wiggle}赏|自|己，|甜|自|己...{/wiggle}
1546	objCandyman	{wiggle}欢|迎|来|到|糖|果|店...{/wiggle}
1547	objCandyman	{wiggle}没|什|么|比|糖|果|更|甜...{/wiggle}
1548	objCandyman	{wiggle}甜|蜜|冒|险，献|给|每|个|人...{/wiggle}
1549	objCandyman	{wiggle}吃|颗|糖|果|吧，神|清|气|又|爽...{/wiggle}
1550	objCandyman	{wiggle}糖|果|店|是|人|们|的|甜|蜜|驿|站...{/wiggle}
1551	objCandyman	我喜欢，|不过你想的话可以重写！
1552	objBard	挺|好|的！
1553	objBard	换|一|首！
1554	objCandyman	哦嚯！|让我看看你的本事！
1555	objCandyman	呃。
1556	objCandyman	我也喜欢那个音调，|但...
1557	objCandyman	我期待比这更有|{wiggle}一丢丢{/wiggle}|创意的！
1558	objBard	抱|歉...
1559	objBard	让|我|再|试|试！
1560	objCandyman	呃...
1561	objCandyman	我唱不了这么快，|船长！
1562	objCandyman	能放慢点吗？
1563	objBard	抱|歉...
1564	objBard	我|再|试|一|次！
1565	objCandyman	好吧，|你尽力了。
1566	objCandyman	我觉得旧版挺好的！
1567	objCandyman	哦，|哦...||这样对吗？
1568	objBard	别|在|意。
1569	objBard	我|再|试|一|次。
1570	objBard	听|着|不|错！
1571	objBard	唱|旧|的|那|首？
1572	objCandyman	现在的版本是...
1573	objBard	保|留|这|个！
1574	objBard	我|再|唱|一|次。
1575	objBard	替|换|这|个！
1576	objBard	唱|新|的|那|首？
1577	objCandyman	太棒了！！！|||新版可能更赞！
1578	objCandyman	希望孩子们会喜欢。
1579	objCandyman	好！
1580	objCandyman	超越自己很难吧，|嗯？
1581	objCaptain	{shake .2}我们终于快到了...
1582	objCaptain	不介意我跟你一块吧，|哈？
1583	objCaptain	我们不知道会在这发现什么...
1584	objCaptain	她们可能被海里的巨兽|囚禁了！
1585	objCaptain	或者更糟...
1586	objCaptain	但真正|可怕的是...
1587	objCaptain	再见到她的心情...
1588	objCaptain	{shake .3}那会让我心碎{/shake}
1592	objCaptain	伙计！
1593	objCaptain	好久不见！
1594	objCaptain	你们去冒险啦？
1595	objCaptain	我们也一直在冒险！
1596	objCaptain	人鱼也加入了船员行列！
1597	objCaptain	我们的歌声比之前更棒了，|伙计。
1598	objCaptain	你有空可得和我们再唱一曲！
1599	objCaptain	我们还没来得及跟人鱼交朋友...
1600	objCaptain	不过没关系。
1601	objCaptain	天涯何处无芳“鱼”！
1602	objCaptain	...
1603	objCaptain	不过并非所有鱼|都有美少女的上半身。
1604	objCaptain	我怀着梦想来到这世界...
1605	objCaptain	我要指挥我自己的海盗队伍！
1606	objCaptain	而当我见到第一条人鱼时...
1607	objCaptain	我有了个全新的梦想，|就是再见她一面。
1608	objCaptain	我这辈子，|就为了实现这个。
1609	objCaptain	现在她们就在这里...
1610	objCaptain	这很特别，|伙计。
1611	objCaptain	我每天都很幸福。
1612	objCaptain	在汪洋大海上...
1613	objCaptain	有无尽的冒险！
1614	objCaptain	我们不眠不休！
1615	objCaptain	这就是咖啡海盗的生活。
1616	objCaptain	我们将航行在夕阳下，直至太阳熄灭的那天。
1617	objCaptain	这个船队不仅仅是|一群水手。
1618	objCaptain	我们是一家人！
1619	objCaptain	我们|共同选择的|家庭。
1620	objCaptain	现在我的梦想实现了...
1621	objCaptain	我要去实现{wiggle}|他们的|{/wiggle}梦想了！
1622	objCaptain	这是个好船长该做的。
1623	objCaptain	记住，|伙计...
1624	objCaptain	对这个家庭来说，|你永远
1625	objCaptain	|像...
1626	objCaptain	一个...|奇怪的...||远房亲戚|什么的。
1627	objCaptain	我的意思是，|你随时可以回来。
1628	objCaptain	我们爱你，|伙计。
1629	objCaptain	...
1630	objCaptain	啊，伙计...
1631	objCaptain	这一路还不错，|是吧？
1633	objCaptain	虽然我们都失败了...
1634	objCaptain	但至少我们能一起当失败者。
1635	objBard	哦对！
1636	objBard	其实|人鱼说的是你{wiggle}“随时”{/wiggle}都可以回去！
1637	objCaptain	{shake}“随时”||，真的吗？？{/shake}
1638	objCaptain	{size .8}这是什么意思？
1639	objBard	我觉得意思是|任何时候...
1640	objCaptain	{size 1}{shake}！！！！！！{/shake}
1641	objCaptain	{wiggle .5}看来我的海盐味魅力最终打动了她的芳心...{/wiggle}
1643	objCaptain	谢谢你，伙计。
1644	objCaptain	你让我最疯狂的梦想成真了！
1645	objCaptain	就算我们不能把人鱼带回来...
1646	objCaptain	你依然是我的英雄！
1647	objCaptain	一路顺风，伙计。
1648	objCaptain	...
1649	objCaptain	{wiggle}嘿嘿...|||{wiggle}所以她喜欢我...{wiggle}
1650	objBard	（这她没说）
1651	objCaptain	||{wiggle}{size .8}嘿嘿...
1652	objCaptain	哈！||没想到还能再回到这里。
1653	objCaptain	可能...||这会是个好的开始...
1654	objCaptain	呃，|尊重她的个人空间啊|什么的。
1655	objCaptain	而且，||别见怪啊...
1656	objCaptain	但我有点希望你别跟我们一起来...
1657	objCaptain	所以...
1658	objCaptain	在这我能隐约听见她们的声音...
1659	objCaptain	啊|.|.|.|||她们太可爱了。
1660	objCaptain	我曾经是个痴情的傻瓜。
1661	objCaptain	现在，||我...
1662	objCaptain	{wiggle}（仍然痴情...）{/wiggle}
1663	objCaptain	但是希望||别那么傻了，哈！
1664	objCaptain	总之，
1665	objCaptain	要回船上吗？
1666	objBard	不。
1667	objBard	嗯！
1668	objCaptain	...
1669	objCaptain	{shake .5}太谢谢{/shake}你啦，|伙计！
1670	objCaptain	但谁管他呢！||他已经走啦！
1671	objCaptain	现在我们终于能启航了...
1672	objCaptain	为了|{wiggle}人鱼...{/wiggle}
1674	objCaptain	你{shake .3}准备好了{/shake}吗，孩子？
1675	objBard	还|没！
1676	objBard	就|绪，|船|长！
1677	objCaptain	噢。
1678	objCaptain	好吧。
1679	objCaptain	那，|准备好了记得告诉我。
1680	objCaptain	所以卢还是帮上忙了！
1681	objCaptain	把那个混蛋打得落花流水！
1682	objCaptain	你没问题吧？
1683	objCaptain	看你弄得挺吃力的...
1684	objCaptain	好了伙计，那个混蛋已经搞定了！
1685	objCaptain	{shake .5}可恶的混蛋...{/shake}
1686	objCaptain	喝了这么多咖啡...||结果船员们产生了严重的咖啡因崩溃...
1687	objCaptain	他趁我们打盹时偷袭我们。
1688	objCaptain	||我当时太累了...
1689	objCaptain	我一直知道马库斯有点坏，|但没想到会这样。
1690	objCaptain	你以为你了解一个人...
1691	objCaptain	而我们就快找到人鱼了...
1692	objCaptain	如果你有想做的事，|就赶紧动身吧，|伙计！！
1693	objCaptain	你还活着！
1694	objCaptain	（你还活着吗？）
1695	objBard	嗯！
1696	objBard	怖|呜|呜|呜|呜！！！
1697	objCaptain	...
1698	objCaptain	你扮鬼的技术有点烂，|伙计。
1699	objBard	我找到眼泪了！！！
1700	objCaptain	真的？
1701	objBard	我觉得是啦。
1702	objCaptain	所以你逃出了怪物的魔爪！
1703	objBard	其实...
1704	objBard	我觉得我们到的时候它就已经死了！
1705	objCaptain	不可能啊...
1706	objCaptain	除非...||有什么人|，或什么东西|早就在这儿...？
1707	objBard	我都没看见它！
1708	objCaptain	|||...呵。
1709	objBard	我拿到的这个东西看起来|不像一滴眼泪啊。
1710	objCaptain	嗯，|你可能只拿到了其中一部分。
1712	objCaptain	典型的多步骤英雄任务！
1714	objCaptain	我不知道剩下的会在哪...
1715	objCaptain	但总有人知道的，|是吧？
1716	objCaptain	它就在某个地方，|是吧？
1717	objCaptain	好了，{wiggle}聊的{/wiggle}够多了！
1718	objCaptain	这是不是意味着...
1719	objCaptain	我们现在...||可以去找人鱼了...？
1720	objBard	应该是！！||但得先给占卜师看看这个！
1721	objCaptain	那就|{quake}{shake}没时间耽误啦！！{}
1722	objCaptain	这地方让我胡子都竖起来了...
1723	objCaptain	小心点，伙计！
1724	objCaptain	如果见到了怪物...|||{shake}快跑，{/shake}|知道吗？
1725	objCaptain	你要回船上吗？
1726	objBard	不。
1727	objBard	嗯！
1728	objCaptain	你快把我整疯啦，|伙计。
1729	objCaptain	这就是她们以前生活的地方...
1730	objCaptain	这里曾经在水下。
1731	objCaptain	人们说这里的构造让人摸不着头脑。
1732	objCaptain	{size .7}（还有只巨大的怪物）
1733	objCaptain	你要是听过人鱼的歌声就好了...
1734	objCaptain	她们真是|美丽的生物。
1735	objCaptain	她们建造了由歌声控制的奇妙科技...
1736	objCaptain	这地方真漂亮，|是吧？
1737	objCaptain	人鱼已经很多年没来过这里了...
1738	objCaptain	但你能感受到她们的轻抚。
1739	objCaptain	这座神庙以前大部分是在水下。
1740	objCaptain	人鱼拥有许多奇妙的技术...
1741	objCaptain	比如...||音乐水泵...
1742	objCaptain	她们真是|富有创造力的生物啊。
1743	objCaptain	嗯？||找到什么了吗？
1744	objBard	没！！！
1745	objBard	嗯！
1746	objCaptain	真的吗？
1747	objBard	对的！
1748	objBard	我觉得是啦。
1749	objBard	好吧，|至少是，|其中一部分...
1750	objBard	它不完全是...||眼泪形状的。
1751	objCaptain	嗯，|你可能只拿到了其中一部分。
1753	objCaptain	典型的多步骤英雄任务！
1755	objCaptain	我不知道剩下的会在哪...
1756	objCaptain	但肯定不在这儿。
1757	objCaptain	嗯？||我刚刚在看海...
1758	objBard	我找到另一半眼泪了！
1759	objCaptain	不会吧！|干得好，|伙计。
1760	objCaptain	这是不是意味着我们可以...
1761	objCaptain	现在...||去找人鱼了...？
1762	objBard	应该是！！||但得先给占卜师看看这个！
1763	objCaptain	那就|{quake}{shake}没时间耽误啦！！{}
1764	objCaptain	要回船上吗？
1765	objBard	不。
1766	objBard	嗯！
1767	objCaptain	你快把我整疯啦，|伙计。
1768	objCaptain	人鱼有着{wiggle}魔法声带{/wiggle}...
1769	objCaptain	还发明了能使用它的魔法...
1770	objCaptain	她们真是|美妙的生物...
1771	objCaptain	如果这里有人鱼留下的踪迹，那大概被隐藏起来了。
1772	objCaptain	擦亮眼睛，|伙计。
1773	objBard	嘿，谢谢你帮我说话！
1774	objPeggy	小意思。
1775	objBard	所以我和占卜师聊了聊...
1776	objBard	她说||我得找到{wiggle}人鱼{}|才能完成任务！
1777	objCaptain	{shake}人鱼{/shake}||，是吗？
1778	objBard	对，|还有什么眼泪状的宝石...
1779	objBard	我们得去|“遗迹”|找到它！
1780	objBard	什么？
1781	objBernie	自从人鱼消失后...
1782	objBernie	{shake .5}一只||巨大的|怪物|占领了她们的旧神庙！{/shake}
1783	objCaptain	这就是为什么叫它{shake .4}“遗迹”，|{/shake}伙计！
1784	objBard	噢。
1785	objBard	但...||这是找到人鱼的唯一方法...
1786	objBernie	我们都没法告诉你...
1787	objBernie	人鱼消失后我们有多想念她们！
1788	objBernie	她们的声音给大海带来了生命与魔力...
1789	objMyra	我们都担心她们被抓走了...
1790	objMyra	或者更糟...
1791	objMyra	如果你真的能把她们带回来，
1792	objMyra	你一定会成为大家的英雄！
1793	objCaptain	啊，|是的，||{wiggle}人鱼...{/wiggle}
1794	objPeggy	那{wiggle}会{/wiggle}|很酷的...
1795	objPeggy	找出她们的下落...
1796	objCaptain	{shake}好|吧{/shake}||，伙计！
1799	objCaptain	{size 1.25}我们会帮你的！
1800	objCaptain	{size 1}来吧妮娜！|上船！
1802	objCaptain	在这里玩得开心，伙计。
1803	objPeggy	马库斯是个混蛋，|但大家都不是坏人。
1804	objPeggy	只要我们在塔坦戈就会来这放松一下。
1805	objCaptain	这里所有人|都热爱音乐。
1806	objCaptain	你会融入这里的！
1807	objCaptain	没什么比喝杯咖啡更惬意的了！
1808	objCaptain	我们海盗永远都喝不够！
1809	objCaptain	可能喝的有点太多了...
1810	objCaptain	有时候我们可是很吵的！||哈哈！
1811	objPeggy	别被这里的怪人吓到。
1812	objPeggy	我以前怕，|但早就不一样啦！
1813	objPeggy	就算你跟我一样矮小，只要你会说大话，人们就会听。
1814	objCaptain	哈！！|今天唱得真不错啊，|伙计。
1815	objCaptain	你的一些品质点亮了|{wiggle .5}我心中的音乐{}。
1816	objBard	呃。
1817	objBard	好耶！
1818	objCaptain	想喝咖啡的时候告诉我。
1820	objCaptain	好吧，|准备好来杯咖啡了吗？
1821	objBard	还|没！
1822	objBard	嗯！！
1823	objCaptain	啊，好吧。
1824	objCaptain	{shake .4}就要这个|{}精神！
1825	objCaptain	{wiggle}啊啊啊啊啊！{}
1826	objCaptain	{size .85}我|{wiggle}爱{/wiggle}|咖啡因！
1827	objCaptain	真让我||{quake}{anim sprCaptain_coffeeahh}{shake .5}精神亢奋！！！{/shake}
1828	objCaptain	告诉我，|伙计...
1829	objCaptain	{size .8}你见过...||{anim sprCaptain_coffeelove}人鱼吗？
1830	objPenny	{shake}噫
1831	objFrancisco	{}又来了...
1832	objCaptain	{shake .8}闭嘴，你们这群蠢货！！{}
1833	objBard	你见过吗？
1837	objCaptain	{wiggle}啊啊啊啊啊！{}
1838	objCaptain	当时我还是个小伙子，|一个默默无闻的船员...
1839	objCaptain	当时我们发现...
1840	objCaptain	我们身处在有史以来最大的风暴中！
1841	objCaptain	我们毫无逃脱的机会。
1842	objCaptain	船沉了，||我差点就淹死了。
1843	objCaptain	我眼前都开始闪回走马灯了！！
1844	objCaptain	{size .85}这时，我听见了她的声音。
1845	objCaptain	当我的视线逐渐模糊...
1846	objCaptain	传来一阵美妙的声音，
1847	objCaptain	那是来自深海的歌声...
1848	objCaptain	当我醒来时，
1849	objCaptain	我安然无恙地躺在岸上。
1850	objCaptain	{size .9}她救了我！！！
1851	objCaptain	{wiggle}{shake .4}她的|{}歌声...
1852	objCaptain	那{wiggle .5}{shake .4}音乐{/shake}||深埋我心底。{}
1853	objCaptain	我的人鱼恩人...
1854	objCaptain	当然，|在那之后，
1855	objCaptain	她们许多年都没再出现。
1856	objCaptain	说了这么久，|||伙计...
1857	objCaptain	你还没喝咖啡呢。
1858	objBard	哦！||啊，|对。
1859	objBard	我走神了。
1860	objBard	而且，我有点|紧张...
1862	objBard	我以前从没喝过这个...
1863	objCaptain	{size 1}{shake .8}没喝过咖啡？？{}
1864	objCaptain	伙计，||那你都不算真正{shake.8}{quake}活过！{}
1865	objCaptain	赶紧来一杯吧！
1866	objBard	嗯，|||好吧！
1867	objCaptain	怎么样？
1868	objBard	我给你带了杯咖啡！
1869	objCaptain	干得漂亮！
1870	objCaptain	{shake}啊啊啊。
1871	objCaptain	{}这|{shake}{quake}太过瘾啦！！{/shake}
1872	objCaptain	我感觉...
1873	objCaptain	有一首|{wiggle}歌{}|从心中浮现...
1875	objCaptain	欢迎登上阿拉比卡女士号，伙计！
1876	objBard	耶！！这太酷了！
1877	objBard	我们要去哪？
1878	objCaptain	塔坦戈岛镇！
1879	objBard	那里还有更多海盗吗？？
1880	objCaptain	是的。
1881	objCaptain	你|真的|很喜欢海盗，嗯哼？
1882	objBard	他们很棒。
1883	objCaptain	想不想加入我们？
1884	objBard	我该怎么做？
1885	objCaptain	给我拿杯咖啡。
1886	objBard	噢。
1887	objBard	哈哈，|好吧。
1888	objBard	耶。
1889	objCaptain	我说咖啡可不是开玩笑的。
1890	objCaptain	我|{wiggle}真的{/wiggle}需要来一杯。
1891	objBard	当海盗很好玩，对吧？
1892	objCaptain	这个世界可是很奇妙的，|伙计。
1893	objCaptain	伙计...
1894	objCaptain	你怎么能这么浪费咖啡呢？
1895	objCaptain	太悲剧了...
1896	objCaptain	请给我拿一点来...
1897	objCaptain	喂！
1898	objCaptain	有事吗？
1899	objBard	你是个|||海盗吗？
1900	objCaptain	是的。
1901	objCaptain	我是说...||啊对。
1902	objBard	那太酷啦！
1903	objCaptain	哈！||那可不。
1904	objBard	你可是个海盗，实在太酷了！
1905	objCaptain	谢啦。
1906	objBard	你知道统领之歌的事情吗？
1907	objCaptain	抱歉|伙计，||这我不知道。
1908	objBard	你昨晚去看我演唱的节目了吗？
1909	objCaptain	去了|伙计，||实在太精彩了。
1910	objBard	哇哦...
1911	objBard	不好意思，||只是...
1912	objBard	你能叫我“伙计”实在太酷了。
1913	objBard	这艘船叫什么？
1914	objCaptain	她叫阿拉比卡女士号。
1915	objBard	天哪。
1916	objBard	我实在是觉得你太酷了...
1917	objBard	嗯，|我需要找到一首统领之歌。
1918	objBard	嗯，|我需要去见一位统领。
1919	objBard	那我就先不打扰你啦。
1920	objCaptain	好嘞|伙计。
1921	objBard	其实，
1922	objBard	你有没有想过|加入乐队？
1923	objCaptain	你过奖了！
1924	objCaptain	但是...|不行，伙计。
1925	objBard	噢，||好吧。
1926	objCaptain	你不是还有别的事要做吗？
1927	objBard	嗯...
1928	objBard	我只是|||喜欢听你聊天。
1929	objCaptain	{shake}哈...||{shake .2}老天。
1930	objBard	你在憋气吗？
1931	objCaptain	我快憋不住了，伙计。
1932	objCaptain	你得明白...
1933	objCaptain	我为这一刻已经想了|{quake}{shake}好多年{/shake}。
1935	objBard	没事的！
1936	objBard	就算不顺利，|也一定会好起来的。
1937	objCaptain	{shake}可能我不该这么做{/shake}
1938	objBard	什么！！！
1939	objCaptain	{shake .25}如果她们真的身处危险...
1940	objCaptain	我又帮不上忙怎么办，|伙计？
1941	objCaptain	我是个傻瓜，|不是英雄...{/shake}
1943	objBard	...
1944	objBard	你可以是英雄！
1945	objBard	我相信你！！
1946	objBard	你一定是！！
1947	objCaptain	{shake .2}{wiggle}啊啊啊啊啊啊{/wiggle}
1948	objCaptain	不，||你说得对，你说得对。
1949	objCaptain	不这么做我永远不会原谅自己
1950	objCaptain	我感觉快|||失控了...
1951	objCaptain	我们快到了...
1952	objCaptain	{wiggle -1}噢...
1953	objCapu	噢噢...
1954	objPenny	噢噢噢！
1955	objPeggy	噢噢噢噢！！！
1956	objMiriam	（噢|不...）
1957	objCaptain	我|们|咖|啡|海|盗
1958	objCaptain	扬|帆|游|远|洋
1959	objCapu	寻|觅|可|口|咖|啡|豆|飘|香
1960	objPenny	看|似|凶|恶，
1961	objPenny	却|心|地|善|良！
1962	objPeggy	除|非|你|夺|走|甜|美|咖|啡|因！！
1963	objCaptain	我|叫|卢|卡|斯
1964	objCaptain	海|盗|船|船|长|在|此
1965	objPeggy	我|是|妮|娜|我|比|你|更|强！！
1966	objCapu	我|是|卢，|我|专|职|下|厨...
1967	objFrancisco	我|弗朗|西|斯|科
1968	objFrancisco	而|这|歌|太|蠢...
1970	objCapu	小伙计！
1971	objCapu	安然无恙地回来了，|哈？
1972	objCapu	...
1973	objCapu	我挺担心你的
1974	objCapu	没想到你本事这么大。
1975	objCapu	你这样的孩子在这个世界没法走的太远...
1976	objCapu	至少|我是这么以为的。
1977	objCapu	我打赌你现在长了不少见识！
1978	objCapu	也许你现在像老卢一样成熟了！||嘿嘿。
1979	objCapu	不...|你肯定没。
1980	objCapu	我不常下船。
1981	objCapu	但今天的天空很美。
1982	objCapu	我从来没见过这种景色...
1983	objCapu	你得对生活中的奇迹心怀感激。
1984	objCapu	{shake .3}小伙计。
1985	objCapu	...
1986	objCapu	我听说你要走了。
1987	objCapu	在外面小心点，|听见没？
1988	objCapu	像你这样的孩子在外面很容易惹上麻烦。
1989	objCapu	但你随时可以回来找我们。
1990	objCapu	{shake .3}要我给你做点吃的吗？
1991	objCapu	来点|{shake}好吃的{shake .3}|，嗯哼？
1992	objBard	{}嗯...
1993	objBard	我会没事的！||谢谢你！！
1994	objCapu	...
1995	objCapu	{shake .3}你给我们带来了很珍贵的东西，|小伙计。
1996	objCapu	我们都喜欢唱歌，但是
1997	objCapu	|||我们不是天使合唱团，|听见没？
1998	objCapu	不过你|让我们的声音听起来很美妙。
1999	objCapu	我们会想你的。
2000	objCapu	{shake}小伙计{shake .3}||，你真的做到了！
2001	objCapu	我真为你骄傲。
2002	objCapu	虽然你没什么男子汉气概。
2003	objCapu	{shake .3}我不喜欢在外面晒太阳。
2004	objCapu	呆在食堂里就|{shake}感觉{shake .3}|挺好的，你明白吗？
2005	objCapu	我很乐意在这艘船上度过一生。
2006	objCapu	{shake .3}为了庆祝你的成就，|我会做点|{shake}特别{shake .3}|好吃的东西！
2007	objCapu	还有|{shake}很多|{shake .3}其他东西！
2008	objCapu	...
2009	objCapu	你最好吃完。
2010	objCapu	{shake .3}呀啊啊啊啊啊！！！||现在|{shake}这才叫{shake.3}|武器！！
2011	objCapu	别管我们，|小伙计！||抓住那个傻瓜！
2012	objCapu	{shake .3}你还在等什么？？抓住他！
2013	objCapu	让那个蠢货瞧瞧惹上咖啡海盗的下场！
2014	objCapu	{size .7}{shake}*小声嘀咕*
2015	objCapu	{size 1}{shake .3}真不敢相信我让这个傻瓜给骗了...
2016	objCapu	听着，|小伙计。
2017	objCapu	我在食堂|{shake 1}藏{shake .3}了点东西||专门对付这种场合。
2018	objCapu	现在|去拿来吧。
2019	objCapu	{shake .3}你听见没？||食堂就是厨房！
2020	objCapu	去那儿拿点东西！！
2021	objCapu	{shake .3}成败取决于你|，小伙子。
2022	objCapu	好好教训这傻瓜！
2023	objCapu	{shake .3}所以|你终于醒了，|嗯？
2024	objBard	{}发生什么了？？
2025	objCapu	{shake .3}发生的|{quake}{shake}事情{shake .3}|就是
2026	objCapu	你引起了一阵{shake}巨大的骚乱{shake .3}，|就这样。
2027	objCapu	而且你永远
2028	objCapu	不许再碰|{shake}任何{shake .3}|咖啡，
2029	objCapu	永远不行
2030	objCapu	{shake .3}好吧，|我们平安停靠在塔坦戈岛了。
2031	objCapu	你出去活动活动腿脚吧。
2032	objCapu	别像我一样，||{quake}{shake}失去{shake .3}它们才后悔！
2033	objCapu	...
2034	objBard	你也要来外面吗？
2035	objCapu	{shake .3}绝对不。
2036	objCapu	我在这挺好的。
2037	objCapu	{shake .3}去吧。
2038	objCapu	{shake .3}看大家喝着浓郁的咖啡，我心里也暖暖的。
2039	objCapu	哈...||这么年轻，|还充满了咖啡因...
2040	objCapu	{shake .3}顺便，你觉得我做的菜怎么样？
2041	objBard	哦！||呃，|这个...
2042	objBard	呃...
2043	objCapu	{quake}{shake}...{}
2044	objBard	很棒！！||真的||很好吃。
2045	objCapu	{shake .3}我在这艘船上待了很久|{shake}很久{shake .3}了...
2046	objCapu	我经历了很多事...
2047	objBard	我能给船长来杯咖啡吗？
2048	objCapu	{shake .3}当然|{shake}可以{shake .3}|啦！！
2049	objCapu	来吧。
2050	objCapu	{shake .3}你|{shake}饿了吗{shake .3}？
2051	objCapu	我做了很多菜！
2052	objCapu	如果你不喜欢...|{quake}{shake}我会踢你屁股的！
2053	objCapu	{shake .3}我在这艘船上待了很久|{shake}很久{shake .3}了。
2054	objCapu	久得比你们这些小伙计活得还久！
2055	objCapu	但我已经不是个好斗的人了。
2056	objCapu	我经历了很多事...
2057	objCapu	{shake .3}当我失去一条腿后，我必须找点新事情做。
2058	objCapu	我从没想过当个厨师...
2059	objCapu	但我真的很有{shake}天赋{shake .3}！
2060	objCapu	对吧？|弗朗西斯科？
2061	objFrancisco	{}...
2062	objFrancisco	呃，||没错。
2063	objFrancisco	你的厨艺...|||一流，|卢。
2064	objFrancisco	一||流。
2065	objClara	真不敢相信德尔菲的居民还在这。
2066	objClara	我们离开的时候...
2067	objClara	这里看起来要完蛋了。
2068	objClara	||我很高兴...
2069	objClara	我去了妈妈的墓地。
2070	objClara	真希望能再和她说说话...
2071	objClara	我现在拉着我的手风琴，#|环游了世界。
2072	objClara	就像她一样。
2073	objClara	我觉得自己也在一点点变得|更优秀...
2074	objClara	真希望能让她看到。
2075	objClara	我想知道她会怎么想。
2076	objClara	这个世界|变了...
2077	objClara	不是吗？
2078	objClara	曾经有一段时间，一切都暗淡无光。
2079	objClara	感觉世界上所有的灵魂#都环绕在身边。
2080	objClara	但现在不是这样了。
2081	objClara	如今|感觉更...|平和了。
2082	objClara	甚至是|宁静。
2083	objClara	我不再感到过去的那种恐惧。
2084	objClara	||但我确实怀念她在我身边的时光...
2085	objClara	其实，|我知道她一直在这。
2086	objClara	我只希望能她能为我感到骄傲。
2087	objClara	我真不敢相信会发生这些。
2088	objClara	我||感觉还没准备好！
2089	objClara	也许这是个错误...
2090	objBard	我相信你会做得很棒的！
2091	objClara	...
2092	objClara	{shake .3}我真的||很紧张...
2093	objManny	嘿，|我也是！
2094	objManny	但我们能做到的！！
2095	objClara	如果我上场把一切都搞砸了怎么办...
2096	objClara	我会连累大家的...
2097	objBard	嗯，|我其实不在乎啦。
2098	objClara	什么？
2099	objBard	尽力而为嘛！|谁在乎成功与否呢？
2100	objBard	开心就好！
2101	objViola	虽然||我们肯定不会|失败的一塌糊涂。
2102	objManny	话是没错，但能不能稍微委婉点。
2103	objClara	我还是很紧张。
2104	objClara	但我猜我现在别无选择。
2105	objClara	我会像撕掉创可贴一样|投入其中的。
2106	objClara	|||{wiggle}{shake}（放||轻||松|||...）
2107	objClara	想想都觉得|很疯狂...
2108	objClara	马上我就能像妈妈一样|登台演出了。
2109	objClara	呃...||不|{wiggle}完全{/wiggle}像她...
2110	objClara	我永远到不了她的水平...
2111	objClara	但希望...||足够优秀。
2112	objClara	能让她感到骄傲。
2113	objClara	我真的不确定自己有没有准备好...
2114	objClara	但...|我会尽力的。
2115	objClara	每个人都充满热情...
2116	objClara	希望我不会让大家失望...
2117	objClara	我其实||很高兴你能让我和你们一起演奏。
2118	objClara	我很久没这么开心过了。
2119	objClara	而且...|我相信|妈妈也看得到...
2120	objClara	你们都才华横溢...
2121	objClara	这让我有点胆怯，|但你留下了我。
2122	objClara	谢谢你。
2123	objClara	很遗憾你要走了。
2124	objClara	从来没有人像你一样给我机会。
2125	objClara	|||谢谢你。
2126	objClara	我觉得我会继续和曼尼与维奥拉共同演奏。
2127	objClara	如果他们需要我的话...
2128	objClara	我希望|你能和我们再唱一曲。
2129	objClara	我希望有一天|你能和我们再唱一曲。
2130	objClara	噢，你好。
2131	objClara	这个乐队是什么情况？
2132	objBard	{speed 1.25}啊，||我见到了那个叫曼尼的家伙然后
2133	objBard	吧啦吧啦吧啦吧啦吧啦
2134	objBard	吧啦吧啦吧啦吧啦！！！
2135	objBard	吧啦吧啦吧啦！！#吧啦吧啦吧啦吧啦！！！
2136	objBard	吧啦吧啦吧啦吧啦！！|吧啦...
2137	objBard	然后|{shake .5}这就是{/shake}||为什么|你一定要加入我们的乐队！
2138	objClara	{speed 1}呃...||你只是说了一堆吧啦吧啦...
2139	objClara	但我大概明白了。
2140	objClara	...
2141	objClara	其实...
2142	objClara	...
2143	objClara	我觉得我做不到。
2144	objBard	{shake .8}你怎么会做不到呢？？？{/shake}
2145	objClara	...
2146	objClara	我从没上过舞台...
2147	objClara	我一直希望|能和妈妈共同表演第一场演出...
2148	objBard	噢！||那|她在哪？
2149	objClara	...
2150	objClara	她去世了。
2151	objClara	我来德尔菲参加她的葬礼。
2152	objBard	我很抱歉...
2153	objClara	是妈妈教会我演奏...
2154	objClara	她真的很出名，|你知道吗。
2155	objClara	我从没想过能达到她的高度...
2156	objClara	但我想过迟早有一天，||会回来和她共同演奏的。
2157	objClara	我觉得你现在应该让我一个人待会。
2158	objClara	我不想再说话了。
2159	objClara	让我一个人待一会吧。
2160	objClara	请|离开。
2161	objClara	噢，|又是你。
2162	objClara	...
2163	objClara	我，|呃...||妈妈的灵魂在这里。
2164	objClara	但她只是对我说些奇怪的符号。
2166	objBard	哦||{quake}{shake .3}{wiggle}对了{/shake}...{/wiggle}
2167	objBard	你没法和幽灵交流！
2168	objClara	我猜也是。
2173	objBard	{}我可以帮忙！
2175	objBard	{}如果你和你妈妈共同演奏...
2176	objBard	我可以做你们之间的桥梁！
2178	objClara	啊？
2179	objClara	用...|我的手风琴？
2180	objBard	对！
2181	objClara	她能...||明白吗...|？
2182	objBard	试试看嘛！
2183	objClara	...
2184	objClara	哇哦...
2185	objClara	真的...||是她。
2186	objClara	她就在那，|在她的手风琴声里...
2187	objBard	她说了什么？
2188	objClara	很多很多...
2190	objClara	用语言表达出来有点俗的东西。
2191	objClara	我觉得...
2192	objClara	她希望我和你一起演奏。
2193	objClara	...
2194	objClara	我觉得，|为了纪念她...#|这是我至少能做到的。
2195	objBard	太棒了！！！
2196	objClara	请不要太惊讶。
2197	objClara	我|很紧张。
2198	objClara	但我会尽力的。
2199	objClara	哦...||对不起。
2200	objClara	我弹得太大声了吗？
2201	objBard	没有！！
2202	objBard	你想加入乐队吗？
2203	objClara	呃...|||不太想...
2204	objBard	我喜欢你的音乐！
2205	objClara	|||谢谢你。
2206	objBard	你想加入乐队吗？
2207	objClara	呃...|||算了。
2208	objBard	...
2209	objBard	你想加入乐队吗？
2210	objClara	呃...|||算了。
2211	objClara	什么？
2212	objBard	我真的觉得你应该加入我们的乐队！
2213	objClara	...
2215	objBard	我们聊聊吧！
2216	objClara	好吧，|没问题。
2217	objClaraghostrise	{background black}{spirit}{color white}{wiggle}我很久没这样即兴演奏过了。
2218	objClaraghostrise	|||谢谢你。
2219	objClaraghostrise	...
2220	objClaraghostrise	我知道你为什么找我。
2221	objClaraghostrise	我的孩子，|埃什...
2222	objClaraghostrise	我会和TA聊聊的。
2223	objClyde	{shake .2}哎呀！！！
2224	objClyde	真巧啊，又见到你了！
2225	objClyde	你走了之后...||{shake}一切都失控了！{shake .2}
2226	objClyde	凶恶的怪物袭击了我们可怜的村庄...
2227	objClyde	他们毁了我们的树和房子！
2228	objClyde	哦，|比鬼还糟糕！！
2229	objClyde	谢天谢地，镇长小姐在这里...
2230	objClyde	{shake .2}我们的朗特里经历了太多动荡...
2231	objClyde	感谢上天我们还都在！
2232	objClyde	连你也是！
2233	objClyde	但是，|哦，||天哪...
2234	objClyde	他们说世界要终结了！！！
2235	objClyde	这是真的吗？？？
2236	objClyde	这太难以接受了...
2237	objClyde	{shake .2}天啊，|我...
2238	objClyde	||如果真的要结束了，|我...
2239	objClyde	我从来没有...
2240	objClyde	{size .7}我从没告诉镇长小姐...||我真正的感受。
2241	objClyde	{size 1}|我还是不知道自己有没有|勇气...
2242	objClyde	她怎么会在意像我这样的小人物？
2243	objClyde	也许...
2244	objClyde	也许我会告诉她...
2245	objClyde	...
2246	objClyde	哦，|我做不到...
2247	objClyde	{shake .2}太棒了！！||太好了！！|||我的家又安全了！
2248	objClyde	当镇长进去的时候...
2249	objClyde	我得承认，||我很担心...
2250	objClyde	但她当然没问题！
2251	objClyde	{shake}哦{shake .3}天哪！
2252	objClyde	我的{shake}老天爷{shake .3}啊！！
2253	objClyde	哦哦哦{shake}天哪！！！{/shake}
2254	objBard	发生什么事了？？
2255	objClyde	{shake .3}就在我家里...
2256	objClyde	有一只...|活生生的，|正宗的{shake}幽灵！！！{/shake}
2257	objBard	什么！！！
2258	objBard	噢。
2259	objBard	我有点想看看...
2260	objClyde	{shake}别逞英雄啊！！！{/shake}
2261	objClyde	{shake .3}镇长已经冲进去了...
2262	objClyde	就在{wiggle}刚才...{/wiggle}
2263	objClyde	她到现在{shake}还{shake .3}没出来！
2264	objClyde	朗特里完蛋了！！！
2265	objClyde	{shake .3}镇上没人能取代镇长！
2266	objClyde	这可能是|{shake}朗特里的末日！！{/shake}
2267	objClyde	{shake .2}谢天谢地！幽灵都走了！
2268	objClyde	镇长一定会乐坏的！！
2269	objClyde	{shake .2}感谢老天我们现在安全了！
2270	objClyde	我想知道最初是什么惹怒了那些幽灵？
2271	objClyde	{shake .2}这些闹鬼的事真让人精疲力尽！
2272	objClyde	但有镇长帮忙我安心多了。
2273	objClyde	{shake .2}我想我该回去继续做我的药了！
2278	objClyde	没有这些幽灵闹腾我都够焦虑了！！
2279	objClyde	{shake .2}原来其中一个幽灵是我们前任镇长...
2280	objClyde	我挺喜欢他的。|||不过我们现在的镇长更好。
2281	objClyde	她真的|{wiggle}了不起...
2282	objClyde	{wiggle}{shake .2}唉...{/wiggle}
2283	objClyde	我在想她是否注意到像我这样的小人物...
2284	objClyde	{shake .3}这些幽灵究竟为什么会在这里？
2285	objClyde	{shake}我们是不是惹怒了什么高等的存在？？
2286	objClyde	就算没有这些幽灵的事，我的工作也够紧张的了！
2287	objClyde	作为医生，|我最近看到好几位镇民去世了...
2288	objClyde	他们常说祸不单行！
2289	objClyde	天哪...||还有什么可怕的|{shake}第三个麻烦{/shake}在等着我？？
2290	objClyde	{shake .3}作为镇上唯一的医生已经够有压力的了！
2291	objClyde	这一切都太过分了...||太过分了！
2292	objCaptain	伙计...
2293	objCaptain	你怎么能这么做呢？！
2294	objCaptain	就这么扔掉一杯珍贵的咖啡...
2295	objCaptain	...
2296	objCaptain	哦，|残酷的世界...
2297	objCaptain	你怎么能夺走我们如此美妙的东西？
3107	objManny	{shake .5}等等{/shake}|，请留步！！！
3108	objManny	{shake}王牌！！！{/shake}||是你吗？
3109	objManny	{shake}王牌！！！{/shake}
3110	objManny	真是大开眼界啊！
3111	objManny	没时间闲聊了。
3112	objManny	我们马上就要上台啦！
3113	objManny	如果你没时间，|也没关系。
3114	objManny	但总得打个招呼啦！
3115	objDeerfox	{color red}0
3116	objDelia	...
3117	objDelia	我的家人在边境的另一侧。
3118	objDelia	但我很久没见过他们了...
3119	objDelia	我和丈夫带着亲宠试着穿越边境，但...
3120	objDelia	看见了枯死的森林...
3121	objDelia	我们不想再继续走了。
3122	objDelia	感觉有什么...||黑暗的东西。
3123	objBard	亲宠？||那是什么？
3124	objDelia	哦，|你不知道...？
3125	objDelia	我猜你不是本地人。
3126	objDelia	那是我们的动物朋友。
3127	objDelia	鲁勒国的大部分人是和动物一起长大的。
3128	objDelia	鲁勒的森林是那么美丽。
3129	objDelia	谁会邪恶到要焚毁它们？
3130	objDelia	冲突此起彼伏，
3131	objDelia	已经持续得比我的记忆还久...
3132	objDelia	人们通常不会靠近边境。
3133	objDeva	这趟船程好无聊。
3134	objDeva	有人和我说一会儿有演出？
3135	objDeva	但然后她就支支吾吾，
3136	objDeva	什么都不说了...
3137	objDeva	所以我也不确定到底有没有。
3138	objDeva	听说船上有个大名人。
3139	objDeva	但我不知道是谁。
3140	objDeva	我没太注意。
3141	objDeva	一直有人跟我说一些事情。
3142	objDeva	我猜我长了一张
3143	objDeva	让人...||想找我说事的脸。
3144	objDeva	你去莫哈布米干什么？
3145	objDeva	我是一个人|去乡下探亲的。
3146	objDeva	我已经迫不及待想回家了。
3147	objDeva	好东西都在城里呢。
3148	objDeva	哦嗨！||你是那个{wiggle}罪犯！{/wiggle}
3149	objBard	嘘！|嘿...
3150	objBard	请小声点...
3151	objBard	我不想惹麻烦！
3152	objDeva	啊哦，|别紧张。
3153	objDeva	犯罪记录就像|荣誉勋章一样！
3154	objDeva	至少|对我来说|是这样。
3155	objDeva	{size .7}（我不会跟任何人说你炫酷的秘密的。）{/size}
3156	objDeva	这是你第一次来莫哈布米吗？
3157	objDeva	你觉得这里怎么样？
3158	objBard	这里很大！
3159	objDeva	感觉目不暇接吗？
3160	objDeva	还好，|因为我们能飞...
3161	objDeva	还能在墙上走之类的...
3162	objDeva	我们其实没感觉有多大...
3163	objDeva	但如果你不会魔法，一定会觉得很震撼...
3164	objDeva	如果你有机会的话，
3165	objDeva	你|{shake}一定{}||要去看看火山口剧场！
3166	objDeva	那是在城市上层的剧院。
3167	objDeva	所有最酷的表演都会在那里上演...
3168	objDeva	我听说那有一个来自大洋彼岸的乐队。
3169	objDeveloper	{devghost}怖呜呜呜呜呜呜！
3170	objDeveloper	我是...|||游戏开发者的灵魂！
3171	objBard	{}啥？
3172	objDeveloper	{devghost}别在意。
3173	objDeveloper	我不是在和你说话...
3175	objDeveloper	这个版本是给比赛和活动的评委准备的
3176	objDeveloper	而且||这个游戏体量很大...
3177	objDeveloper	所以为了节省时间，
3178	objDeveloper	我会偶尔出现给你提供捷径。
3179	objDeveloper	如果你想无视我正常游戏...
3180	objDeveloper	那太好了，||非常感谢你。
3181	objDeveloper	我们认为那才是最好的游戏方式。
3182	objDeveloper	但可能你时间比较紧迫，
3183	objDeveloper	我们想帮你看到更多东西！
3184	objDeveloper	{size .7}（顺便，|既然我现在在这...）
3185	objDeveloper	（...||感谢游玩...！）
3186	objDeveloper	（这对我们意义重大。）
3187	objDeveloper	{size 1}好了，|回到游戏吧！
3188	objDeveloper	{devghost}想离开这个鬼地方吗？
3189	objBard	不！
3190	objBard	嗯！
3191	objDeveloper	{devghost}想跳过吗？
3192	objBard	不，|不用。
3193	objBard	是的，|没错！
3194	objDeveloper	{devghost}准备好了吗？
3195	objBard	没。
3196	objBard	嗯。
3197	objDeveloper	{devghost}你确定要跳到后面吗？
3198	objBard	也|许不。
3199	objBard	当然！
3200	objDeveloper	{devghost}我||可以|带你看看世界...
3201	objBard	但这里也挺好！
3202	objBard	带我去看看吧！
3203	objDeveloper	{devghost}想离开这里？||开始新生活？
3204	objBard	不？
3205	objBard	你是说跳到|后面？
3206	objDeveloper	{devghost}想直接跳过去吗？
3207	objBard	不。
3208	objBard	是的！
3209	objDeveloper	对，|我就是那个意思。
3210	objDeveloper	只是玩玩而已。
3211	objDolores	{shake}是真的吗？！
3212	objDolores	你就是那个？！
3213	objDolores	传说中的？
3214	objDolores	将要拯救人鱼的人吗？？？
3215	objBard	{}呃，||对！
3216	objDolores	{shake}啊啊啊啊啊啊啊啊！！！
3217	objDolores	{shake}我要把我的手帕扔给你！！！
3218	objDolores	那是姑娘们应该对英雄做的事，|不是吗？？
3219	objDolores	我...||我不太了解这个习俗！
3220	objDolores	我对此毫无准备！
3221	objDolores	请原谅我！
3222	objDolores	我真是个坏女人！
3223	objBard	{}没事的！
3224	objBard	我也不是很想要你的手帕。
3225	objDolores	妈妈总是告诉我...
3226	objDolores	{shake .5}“随时准备好迎接英雄的到来！！！”
3227	objDolores	{}我没想到这会在我有生之年到来...
3228	objDolores	{shake .5}但现在！
3229	objDolores	{shake}你就站在这！！
3230	objDolores	一个真正的英雄！！！
3231	objBard	{}哎呀！
3232	objBard	好吧，|我会尽力的！
3233	objDolores	{shake}我们的英雄啊！！！
3234	objDolores	你从冒险中回来了！！！
3235	objDolores	但是...
3236	objDolores	人鱼...|||呢？
3237	objBard	...
3238	objDolores	...
3239	objBard	...
3240	objDolores	...
3241	objBard	...
3242	objDolores	...
3243	objBard	{}她们不想回来。
3244	objDolores	噢。
3245	objDolores	...
3246	objDolores	好吧...
3247	objDolores	我觉得...
3248	objDolores	那好吧。
3249	objDolores	我明白了。
3250	objDolores	你不是英雄。
3251	objBard	啥！
3252	objBard	我明明！
3253	objBard	找到她们了！
3254	objBard	但她们不想来这！
3255	objDolores	你不是英雄。
3256	objBard	...
3257	objBard	随你怎么说！
3258	objDouglas	你是我的学生吗？
3259	objDouglas	嘎哈哈！||你肯定不是啦！
3260	objDouglas	如果你是，|你肯定不会忘了我的！
3261	objDouglas	有空来学学魔法工程学吧！||你会爱上它的！
3262	objDouglas	我像一只熊...
3263	objDouglas	被激怒之前是很平和的，
3264	objDouglas	而且我一年中有三个月喜欢冬眠！
3265	objDouglas	嘎哈哈！
3266	objDouglas	这个比喻大概也就到此为止了。
3267	objDouglas	我可没有对着树蹭屁股的习惯！
3268	objDouglas	就算我有终身职位，|管理层也不会对此高兴的！
3269	objDouglas	嘎哈哈！
3270	objDouglas	我的学生们都很出色！
3271	objDouglas	他们在建造一个可以升入太空的装置！
3272	objDouglas	为什么？||谁知道呢！
3273	objDouglas	说不定他们会戳到艾娅的眼睛！
3274	objDouglas	嘎哈哈！
3276	objDreamfairy	喵就知道你还会来的...
3277	objBard	因为我的|{wiggle}决心？{/wiggle}
3278	objDreamfairy	差不多吧...
3279	objDreamfairy	梦之王先生的状况一天不如一天。
3280	objDreamfairy	他离开了很长时间
3281	objDreamfairy	去躲避英雄...
3282	objDreamfairy	但是||他不能继续下去了。
3283	objDreamfairy	他病得很重很重。
3284	objDreamfairy	喵担心|他...
3285	objDreamfairy	活不了多久了。
3286	objBard	幸亏我们来的及时！
3287	objBard	我会唱服他的！！！
3288	objBard	我已经走遍了整个世界。
3289	objBard	我收集了地球之歌的每一部分！
3290	objBard	（除了他那部分...）
3291	objBard	所以和上次完全不一样。
3292	objBard	这次...||他|{shake .5}一定{/shake}|会听的！
3293	objDreamfairy	喵不太确定...
3294	objDreamfairy	但...|你也不在乎喵怎么想，对吧？
3295	objBard	对！
3296	objDreamfairy	唉。
3297	objDreamfairy	梦之王先生真的不是坏人。
3298	objDreamfairy	千真万确！
3299	objDreamfairy	但是他经历了太多太多。
3300	objDreamfairy	有时候连喵都很难理解。
3301	objDreamfairy	长生不死...
3302	objDreamfairy	谁都会为此而疯掉的。
3303	objDreamfairy	喵只希望自己能帮上忙。
3304	objDreamfairy	而且在喵内心深处的小角落里，|真的很希望
3305	objDreamfairy	你，|或其他人，|能去劝劝他...
3306	objDreamfairy	但是|...
3307	objDreamfairy	英雄可能也|快来了...
3308	objDreamfairy	喵还没见过她。
3309	objDreamfairy	等见到她后...
3310	objDreamfairy	一切应该都要结束了。
3311	objDreamfairy	喵还没准备好...
3312	objDreamfairy	{background #ba1149}{color #ffdb78}梦之王先生真的是个好人...
3313	objDreamfairy	好好问他就好啦！
3314	objDreamfairy	{background #ba1149}{color #ffdb78}梦之王先生帮你了吗？
3315	objBard	{}...
3316	objBard	并没有！
3317	objDreamfairy	{background #ba1149}{color #ffdb78}...||喵|哦。
3318	objDreamfairy	||梦之王先生真的是个好人...
3319	objDreamfairy	但他很久没有帮助过人类了...
3320	objDreamfairy	{background #ba1149}{color #ffdb78}梦之王先生还在睡觉。
3321	objDreamfairy	对|不{wiggle}起......{/wiggle}
3322	objDreamfairy	{background #ba1149}{color #ffdb78}城堡大部分时间都很安静。
3323	objDreamfairy	可能|喵也该打个盹了...
3324	objDreamfairy	{background #ba1149}{color #ffdb78}{shake}你还没闹够吗？？{/shake}
3325	objBard	{}没有！！！
3326	objBard	{}我不明白这有什么大不了的！
3327	objBard	这不是||他的|工作吗？
3328	objBard	等我学会这首歌，他就能继续睡他的觉！
3329	objDreamfairy	{background #ba1149}{color #ffdb78}{wiggle}喵呃呃呃呃呃...{/wiggle}
3330	objDreamfairy	喵看出来你不会放弃的。
3331	objDreamfairy	如果真的这么重要...
3332	objDreamfairy	{wiggle}也|许{/wiggle}||梦之王先生会理解的...
3333	objDreamfairy	...
3334	objDreamfairy	也许吧。
3335	objDreamfairy	但如果你有这种决心...
3336	objDreamfairy	梦之王先生|{wiggle}一定{/wiggle}|会帮你的！
3337	objDreamfairy	...可能|喵。
3338	objDreamfairy	{background #ba1149}{color #ffdb78}{shake}然后就解脱了！！！{/shake}
3339	objBard	{}哎呀！！！
3340	objDreamfairy	{background #ba1149}{color #ffdb78}{shake}还要我再说一次吗？？？{/shake}
3341	objBard	{}啊啊啊！！！
3342	objDreamfairy	{background #ba1149}{color #ffdb78}{shake}别这么做！！！{/shake}
3343	objBard	{}{wiggle}你{/wiggle}能怎么阻止我？？
3344	objBard	{speed .2}...？{}
3345	objBard	嗷！！
3346	objBard	嘿！！！
3347	objBard	住手！！！
3348	objDreamfairy	{background #ba1149}{color #ffdb78}{wiggle}喵呜呜呜！
3349	objBard	{}哦我的天哪！
3350	objBard	请告诉我...||你就是统领吗？！
3351	objDreamfairy	{background #ba1149}{color #ffdb78}喵就是|统领|||||，才怪！
3352	objBard	{}...
3353	objBard	{scale .7}我猜那也行啦...
3354	objBard	{}那，|统领在{wiggle}这里{/wiggle}吗？
3355	objBard	我可是千里迢迢来找他的！
3356	objDreamfairy	{background #ba1149}{color #ffdb78}呃额额额...
3357	objDreamfairy	我的主人...
3358	objDreamfairy	那位{wiggle}梦之王{/wiggle}
3359	objDreamfairy	正在...
3360	objDreamfairy	打盹儿！
3361	objDreamfairy	而且他醒之前你不能见他。
3362	objBard	{}噢，||呃，||好的！
3363	objBard	他一般要睡||多久？
3364	objDreamfairy	{background #ba1149}{color #ffdb78}一般|来喵||要好几年。
3365	objBard	{}什么！！！
3366	objBard	我要等好几年？？
3367	objDreamfairy	{background #ba1149}{color #ffdb78}喵说的是|一般来喵。
3368	objDreamfairy	最后这一觉...
3369	objDreamfairy	已经睡了好几个{wiggle}世纪了！{/wiggle}
3370	objBard	{}{shake}我没有几个世纪的时间了！！！{/shake}
3371	objBard	拜托你|能叫醒他吗？？
3372	objBard	我有个非常重要的任务！！
3373	objDreamfairy	{background #ba1149}{color #ffdb78}{shake}喵嗯嗯嗯嗯额！{/shake}
3374	objDreamfairy	喵理解，|但是...
3375	objDreamfairy	梦之王先生||{wiggle}不{/wiggle}|喜欢|被吵醒。
3376	objBard	{}你在和我...！
3377	objBard	...
3378	objBard	{shake}喵玩笑{/shake}吗！！！
3379	objBard	如果你不敢我可以去！！
3380	objBard	我可以唱得{shake}超|大声！{/shake}
3381	objBard	我最|||擅长这个了！
3382	objDreamfairy	{background #ba1149}{color #ffdb78}那行不通的！！
3383	objDreamfairy	只有城堡顶上的大钟才能做到。
3384	objDreamfairy	...
3385	objDreamfairy	我不该告诉你的！！！
3386	objDreamfairy	别去敲那口钟！！！
3387	objBard	{}我绝对要去！！！
3388	objDreamfairy	{background #ba1149}{color #ffdb78}{wiggle}啊啊啊啊啊不要啊啊啊
3389	objBard	梦之王先生！
3390	objDreamking	{spirit}{shake .5}唉{/shake}||...
3391	objBard	{}呃，|那个...||你还好吗？
3392	objDreamking	{spirit}{wiggle}棒|棒|棒{/wiggle}|||棒极啦
3393	objDreamking	绝对|没有...||以惊人的速度衰弱...
3394	objDreamking	我依然有着迷人的个性和魅力
3395	objDreamking	看吧？
3396	objBard	{}梦之王...
3397	objBard	我们真的得谈谈了！！！
3398	objDreamking	{spirit}哦天哪。||太棒了，
3399	objBard	{}英雄正在赶来，||{shake .5}就在现在！！！{/shake}
3400	objBard	而你是最后一位统领！
3401	objBard	如果她杀了你...||那就是世界的终结！！！
3402	objDreamking	{spirit}{wiggle}哦哦哦哦哦。||{/wiggle}哇，|真的吗？
3403	objDreamking	谢谢啊。||我都不知道呢。
3404	objMiriam	{}{shake}啊啊啊啊啊{/shake}|别再说梦话了！！！
3405	objMiriam	我们需要你给我们地球之歌！
3406	objMiriam	在你死||{shake}之|前{/shake}！
3407	objMiriam	现在就把最后一段交给{name}！！！
3408	objDreamking	{spirit}|好啊，|当然。
3409	objBard	{}{shake}你要给吗？？？{/shake}
3410	objDreamking	{spirit}不，
3411	objDreamking	你知道吗，|这几乎让我感到难过...
3412	objDreamking	一想到你||{shake}永远{/shake}|得不到它。
3413	objBard	{}因为你不肯给啊！
3414	objDreamking	{spirit}我不是说地球之歌。
3415	objDreamking	我是说...
3416	objDreamking	{size 2}{shake}那东西。
3417	objDreamking	{size 1}{/shake}你已经走遍了整个世界。
3418	objDreamking	你自己一定也看到了...
3419	objDreamking	一切都在||分崩离析。
3420	objDreamking	所有人|都在失去希望。
3421	objDreamking	那不仅仅是|{glitch .6}终结将至的征兆...
3422	objDreamking	那就是|{glitch .6}终结||{shake}本身。{/shake}
3423	objDreamking	这是不可避免的。
3425	objDreamking	收集各种歌曲||没有意义。
3427	objDreamking	而且执着于地球之歌...
3428	objDreamking	当作某种||简单的答案...
3429	objDreamking	来解决我们所有的问题...
3430	objDreamking	那才是真正令人难过的。
3431	objDreamking	这个世界在你开始之前就已经结束了。
3434	objBard	{}...
3436	objBard	就这样吗？
3437	objBard	你就想|这样放弃吗？
3438	objBard	放弃地球之歌吗？
3451	objDreamking	{spirit}不可能。
3452	objDreamking	万物都在分崩离析...
3453	objDreamking	一直如此。
3454	objDreamking	从宇宙诞生起便是这样。
3455	objDreamking	膨胀。||衰败。
3456	objDreamking	如果全世界还能团结一心...
3457	objDreamking	{glitch .6}末日|一开始就不会降临。
3460	objDreamking	听着。||我也不希望一切结束。
3461	objDreamking	我已竭尽全力拖延它。
3464	objDreamking	我打破了规则。
3465	objDreamking	但||这反而让一切更糟。
3466	objDreamking	在我拖延时，外面的世界变得面目全非。
3467	objDreamking	人们在受苦。
3468	objDreamking	强行延续世界...||本就不合自然。
3469	objDreamking	你该|放手了。
3470	objHero	{}太简单了！
3471	objHero	这就是结局了，|对吧？
3472	objHero	该播放制作名单了！
3473	objHero	感谢游玩！
3474	objMiriam	{shake}你！！！！||...
3476	objBard	{}奥黛丽，|我不敢相信你这么做了...
3482	objHero	别装得这么惊讶！
3483	objHero	你们俩干得真不错...
3484	objHero	每一步都在妨碍我！
3487	objHero	但从长远来看|这毫无意义！
3488	objHero	我赢了！
3489	objHero	你们这些失败者根本没有机会。
3490	objHero	说实话，|这感觉真棒！
3491	objHero	我甚至希望这别这么简单...
3492	objBard	艾娅拉告诉我...
3493	objBard	关于你们之间发生的事。
3494	objBard	她没对你们撒谎。|||对吗？
3495	objBard	她相信我们！
3496	objBard	如果你当时肯等等...
3497	objBard	我们本可以拯救梦之王。
3498	objHero	她跟你这么说的，|嗯？
3499	objHero	好吧！||确实如此。
3500	objHero	最后，|连艾娅拉也背叛了我。
3501	objHero	所以我抛弃了她。
3502	objHero	因为||她{shake}错{/shake}了。
3503	objHero	就算你们永远不懂，|也无所谓了。
3504	objHero	结束了。
3505	objMiriam	{size 1.5}{shake}哦|||见鬼！！！
3506	objBard	{size 1}要开始了吗？！
3507	objHero	{}这才像|{shake}真正{/shake}|的结局！
3508	objHero	一个|{shake}真正{/shake}|的最终boss！
3509	objMiriam	你疯了。
3510	objBard	这意味着...
3511	objBard	{shake}我们还有机会！！！{/shake}
3512	objBard	我们|{shake}必须{/shake}|阻止她杀死梦之王！！！
3513	objMiriam	我知道！
3514	objMiriam	最后一次机会。
3515	objMiriam	你，|我，||还有一个巨型邪恶boss...
3516	objMiriam	对抗英雄自己。
3517	objMiriam	胜算挺大，|对吧？
3518	objBard	梦之王先生！！！
3519	objBard	你...||真的|{wiggle}放弃{/wiggle}|对抗英雄了？
3525	objDreamking	{dk_a4}|||你看我像是自愿的吗？
3526	objBard	{}不像！
3527	objBard	但是，|所以...！
3528	objBard	也许|现在|是时候
3529	objBard	让你教给我地球之歌了！！！
3530	objDreamking	{dk_a4}天啊，|你根本没明白
3531	objDreamking	当统领放弃自己的歌时...
3532	objDreamking	我们是在放弃自己“纯粹”的部分...
3533	objDreamking	这会加速变成怪物的过程
3534	objDreamking	说白了，|这只是换种方式让我去死
3535	objBard	{}但如果你这么做...|世界就能存活！
3538	objDreamking	{dk_a4}当然，||但有个小问题
3539	objDreamking	英雄小姐可能是个疯子，
3540	objDreamking	但她是艾娅选中的人
3541	objDreamking	而她杀死我||是计划的一部分
3542	objDreamking	而|{wiggle}你{/wiggle}|...||什么都不是
3545	objDreamking	让我牺牲生命的意义何在
3547	objDreamking	去托付给一首...||{shake .6}{quake}从未{/shake}|被唱响的地球之歌吗...
3548	objDreamking	托付给{wiggle}你吗？{/wiggle}
3549	objBard	{}...
3550	objBard	因为...
3551	objBard	我已经拥有两段歌谣了！
3553	objBard	如果让你选择放任世界终结...
3554	objBard	或是拯救它...
3555	objBard	你|{shake .6}必须{}|选择拯救！
3556	objBard	哪怕只有一丝可能！
3557	objDreamking	{dk_a4}{background black}或者，||我可以选方案C：
3558	objDreamking	||活下去。
3559	objDreamking	不被任何英雄杀死
3560	objDreamking	也不为任何吟游诗人牺牲自己
3561	objDreamking	我想|{shake .5}这...{/shake}
3562	objDreamking	是我的选择。
3563	objMiriam	{}{shake}呃呃|啊啊啊啊啊！！！！{/shake}
3564	objMiriam	...|||哈...||{shake .4}哈啊啊...
3565	objMiriam	别动！
3566	objHero	{shake .5}你...{/shake}
3567	objBard	奥黛丽...
3568	objHero	你们这些||{shake}{quake}失败者！！！{/shake}
3569	objHero	毁掉了|{shake .5}一切！！！{/shake}
3570	objHero	而且我是说真的毁掉一切！
3571	objHero	这是|我的|使命！
3572	objHero	这是|{shake}我的故事！{/shake}
3573	objHero	{shake}世上存在的一切{/shake}|都处于危险之中！
3574	objHero	你|{shake}竟敢{/shake}|试图把这一切据为己有！
3575	objHero	你|{shake}竟敢{/shake}...
3576	objHero	想要让它变成|{quake}{shake}你的事！！！{/shake}
3577	objHero	{shake}它|不是！{/shake}
3578	objBard	奥黛丽！
3579	objBard	你很特别！
3580	objHero	||什|么？
3581	objBard	我说，|你很特别！
3582	objBard	即使你不是英雄！
3583	objBard	奥黛丽，|你超级强大...
3584	objBard	而且超级聪明，
3585	objBard	而且你做什么都很棒。
3586	objBard	我明白为什么你被选为英雄！
3587	objBard	你值得！
3588	objBard	但是...
3589	objBard	那并不意味着你必须去做！
3590	objBard	成为英雄...||只是一个称号！
3591	objBard	{wiggle}你|{/wiggle}可以做任何你想做的事！
3592	objBard	而且你|{wiggle}依然{/wiggle}|特别！
3594	objBard	我是真的这么想的！
3595	objBard	我们别再打了。
3600	objBard	如果你只要||放弃用你的方式去做...
3601	objBard	也许你就不再是|{wiggle}英雄...{/wiggle}
3602	objBard	但我可以从梦之王那里学到地球之歌！
3603	objBard	并阻止世界毁灭！
3604	objBard	我们|真的可以拯救世界！
3606	objBard	每个人都会没事的！
3608	objBard	而你会成为真正的英雄！
3611	objBard	好吧？
3615	objHero	那还不够。
3616	objDreamking	{size 2}{speed .2}{shake}{background black}{rainbow}12345670
3617	objBard	{}什么
3618	objDreamking	{size 3}{shake 3}{background black}{rainbow}10765432
3619	objBard	{}什什什么
3620	objDreamking	{size 1.5}{background black}{color white}{spirit}现在明白我了吗？
3621	objBard	{}是的
3622	objDreamking	{size 1.5}{background black}{color white}{spirit}{wiggle}太太太|太|太|太|{/wiggle}棒了
3623	objDreamking	所以
3624	objDreamking	{shake}{wiggle}{size 2}为什么{/shake}{/wiggle}{size 1.5}
3625	objDreamking	我醒了
3626	objBard	{}呃...
3627	objBard	世界要终结了！！！
3628	objDreamking	{size 1.5}{background black}{color white}{spirit}哦。
3629	objBard	{}是啊！！！||所以...
3630	objBard	我冒险进入了灵界...
3631	objBard	并解开了一堆谜题...
3632	objBard	还和一只猫蝴蝶战斗...
3633	objBard	才能来见你！！！
3634	objBard	我想让你教我地球之歌！
3635	objDreamking	{size 1.5}{background black}{spirit}{color white}{wiggle}哦哦{/wiggle}|||好吧...
3638	objDreamking	{dreamking}抱歉啊
3640	objDreamking	{dreamking}清醒|{wiggle}不是我的风格...{/wiggle}
3642	objBard	{}没关系！！
3643	objBard	你真的能教我地球之歌吗？
3644	objDreamking	{dreamking}...
3645	objDreamking	不。
3648	objDreamking	{dreamking}地球之歌传递着这颗星球上所有生命的声音
3649	objDreamking	如果所有生命不能完全和谐共鸣...
3650	objDreamking	这首歌就没用。
3652	objDreamking	所以...||我觉得没什么意义。
3662	objBard	{}呃？？
3663	objBard	所以你...||{wiggle}不会{/wiggle}||帮我...？
3664	objDreamking	{dreamking}不。
3665	objBard	{}但是！！！
3666	objBard	那...
3667	objBard	地球上的所有人怎么办...？
3668	objDreamking	{dreamking}嗯？
3669	objDreamking	那...|||宇宙的其他地方怎么办？
3670	objDreamking	一切|{wiggle}都{/wiggle}|要消失了...
3671	objDreamking	那是自然的秩序
3672	objDreamking	你要我打破规则
3673	objDreamking	只为了拯救这小小的一部分...
3674	objDreamking	有点自私，|你不觉得吗？
3675	objDreamking	我反正也不太想做。
3681	objBard	{}...
3683	objDreamking	{dreamking}好吧？||我现在能回去睡觉了吗？
3684	objBard	{}不，||等等...！
3685	objBard	{}有...||幽灵|在朗特里作祟！
3686	objDreamking	{dreamking}哦！
3687	objDreamking	{dreamking}听起来||挺惨的。
3690	objDreamking	好吧，
3691	objDreamking	祝你好运。
3692	objDreamking	{size 1.5}{background black}{color white}{spirit}不行
3693	objDreamking	{size 1.5}{background black}{color white}{spirit}什么...
3694	objDreamking	你为什么还在这里
3695	objBard	{}我||{shake}真的{/shake}|想让你教我地球之歌！！！
3696	objDreamking	{size 1.5}{background black}{color white}{spirit}...
3697	objDreamking	你知道吗...
3698	objDreamking	面对这种决心
3699	objDreamking	我想我不得不得教你
3700	objBard	{}{shake}真的？？？{/shake}
3701	objDreamking	{size 1.5}{background black}{color white}{spirit}才怪
3702	objDreamking	{size 1.5}{background black}{color white}{spirit}这已经不好笑了
3703	objDreamking	滚|出去
3704	objDreamking	{size 1.5}{background black}{color white}{spirit}不行
3705	objAngel	{angel}哦|我的天啊...
3706	objAngel	我真的|非常|非常|非常|
3707	objAngel	非常|非常|非常|
3708	objAngel	{shake}非常{/shake}|||为你们俩感到骄傲！
3709	objBard	{}{shake}我们成功了！！！
3710	objBard	对吧？？？
3711	objBard	{}我们做到了吗？
3715	objBard	{}我以为结束了！
3716	objBard	我们没拿到地球之歌的最后一段...
3717	objAngel	{angel}|||我也以为如此...
3719	objAngel	但最后||并不重要！
3720	objAngel	当你用歌声呼唤时，
3721	objAngel	整个世界都回应了
3722	objAngel	而且...||艾娅听到了你！
3723	objAngel	她看到了你们齐心协力
3724	objAngel	就在那一瞬间...
3725	objAngel	而那|就足够
3726	objAngel	与她的新歌共鸣了！
3730	objAngel	你所唱的...
3731	objAngel	不是地球之歌
3732	objAngel	那是某种特别的东西！
3733	objAngel	只有你能做到的事情
3734	objAngel	即使经历无数个无限循环
3735	objAngel	宇宙的诞生、终结、再诞生
3736	objAngel	我从未见过这样的事
3737	objAngel	所以我才如此为你们俩感到骄傲！
3739	objAngel	没有人像你们那样去尝试过
3740	objAngel	这本来就不可能做到的！
3741	objAngel	但是你们让它|成为了|可能！
3742	objAngel	你们永远改变了规则...
3743	objAngel	你们给所有生灵带来了希望！
3744	objAngel	这实在是|太特别了...
3746	objEduard	{size 1.2}欢迎来到莫哈布米！
3747	objEduard	请拿一份免费的导览地图吧。
3748	objBard	{size 1.2}嘿！
3749	objBard	这张地图上什么都没有...
3750	objEduard	它会随着你去不同的地方自动补全的。
3751	objEduard	没有魔法，城市的大部分区域都很难进入。
3752	objEduard	所以我们没有在地图上画你去不了的地方...
3753	objEduard	{size 1.2}莫哈布米有很多值得一去的地方。
3754	objEduard	就算你没有魔法。
3755	objEduard	市中心就在前面。
3756	objEduard	如果你对魔法研究感兴趣的话，
3757	objEduard	学院也在一楼...
3758	objEduard	{size 1.2}你可能注意到了，|这座城市完全位于地下...
3759	objEduard	我们用魔法水晶照明。
3760	objEduard	游客们会觉得这很奇特。
3761	objEduard	但垂直设计的城市对空间的利用效率更高。
3762	objEduard	而且很容易导航...||前提是你|会飞。
3763	objEduard	咳咳，||你好。
3764	objEduard	我是这艘船的船长...
3765	objEduard	我还是...||乐队的马林巴琴手。
3766	objEduard	在三人团队中我打头阵。
3767	objEduard	因为我是船长。
3768	objEduard	而船长就是领导者。
3769	objEduard	是演出中最重要的部分。
3770	objEduard	我必须吸引观众的兴趣，
3771	objEduard	并为音乐的其他部分做铺垫。
3772	objEduard	但我没有任何音乐可以演奏...
3773	objEduard	也许...||你能为我作一曲？
3774	objBard	没|门！
3775	objBard	当|然！
3776	objEduard	你要为我谱曲吗？
3777	objBard	不。
3778	objBard	好|呀！
3779	objEduard	我明白了。
3780	objEduard	那就这样吧。
3781	objEduard	太棒了。
3782	objEduard	记住，|我是第一个演奏的。
3783	objEduard	所以在构思时请牢记这一点。
3784	objEduard	请开始吧
3785	objEduard	这是我的部分，最先演奏！
3786	objEduard	你还满意吗？
3787	objBard	挺|好|的。
3788	objBard	换|一|首！
3789	objEduard	当然可以。
3790	objEduard	哦？||那，|请便吧。
3791	objEduard	记住，|我是第一个演奏的。
3792	objEduard	所以在构思时请牢记这一点。
3793	objEduard	嗯，||咳咳。
3794	objEduard	我这么重要的演奏部分，
3795	objEduard	我接受不了这么单调的曲调...
3796	objEduard	你能稍微拓展一点吗？
3797	objBard	现|在|不|行...
3798	objBard	我|试|试！
3799	objEduard	嗯！||咳咳。
3800	objEduard	真是|||让人印象深刻...
3801	objEduard	但我不可能记住那么多...
3802	objEduard	你能稍微简化一下吗？
3803	objBard	现|在|不|行...
3804	objBard	我|试|试！
3805	objEduard	那我们就陷入僵局了。
3806	objEduard	我必须恳请你改变你的想法。
3807	objEduard	嗯，||嗯！||那就这样了？
3808	objBard	我|再|试|一|次。
3809	objBard	对！
3810	objEduard	嗯，||嗯！||那就这样了？
3811	objBard	我|再|试|一|次。
3812	objBard	演|奏|原|来|那|首？
3813	objBard	对！
3814	objEduard	这是原来那首。
3815	objBard	我|再|唱|一|次。
3816	objBard	演|奏|刚|才|那|首？
3817	objBard	替|换|这|个！
3818	objEduard	太出色了！
3819	objEduard	我想我是最后一个需要帮助的人了。
3820	objEduard	现在乐队差不多要表演了...
3821	objEduard	我的队友们可能也需要帮助。
3822	objEduard	你应该帮帮他们配合我的表演。
3823	objEm	你找到我们了！
3824	objEm	耶！
3825	objEm	我是Em。
3826	objEm	我负责了这个游戏的全部音效设计！
3827	objEm	也就是说我录制并编辑了对白、环境音、脚步声...
3828	objEm	还有一大堆搞笑的声音。
3829	objEm	我很感激能有机会参与《Wandersong》。
3830	objEm	我觉得它真的很特别。
3831	objEm	我很开心能为这个世界增添一些积极的东西。
3832	objEm	我也非常感激你花时间玩它。
3833	objEm	希望你听得开心！
3834	objEm	我们为游戏的声音投入了很多心血和爱。
3835	objEm	我认为这是讲故事中非常重要的一部分。
3836	objEm	并且它能带来巨大的价值
3837	objEm	去聆听。
3838	objEm	因此能与Greg合作对我意义重大，
3839	objEm	他真的很在意这些，
3840	objEm	从一开始就是如此！
3841	objEm	我们一起制作时非常开心。
3842	objEm	现在要把这一切放下
3843	objEm	感觉有点疯狂。
3844	objEm	我最后只希望
3845	objEm	你保留了一些
3846	objEm	那些我们倾注心力的情感。
3847	objEm	我希望这种感觉很好。<3
3848	objEm	《Wandersong》是我参与的第一款游戏！
3849	objEm	早在2016年
3850	objEm	它让我开始了独立游戏的旅程。
3851	objEm	从那以后我参与了几款游戏
3852	objEm	但这款游戏一直是我最大的陪伴。
3853	objEm	它也是最让我心动的那一款。
3854	objEm	Greg探讨的主题让我产生了共鸣。
3855	objEm	我觉得这些现在特别重要，需要传播出去。
3856	objEm	因此能为此做出贡献真是太棒了。
3857	objEm	对我来说回顾过去很有意思
3858	objEm	从一开始
3859	objEm	一路走到最后
3860	objEm	听到声音的变化。
3861	objEm	随着这个游戏一起成长非常自然
3862	objEm	因为我们让每一幕在声音上都有不同的主题。
3863	objEm	我们做了很多尝试！
3864	objEm	有趣的小知识时间到！
3865	objEm	一共有5|0|8|4||个音效
3866	objEm	对于独立游戏来说算很多了！
3867	objEm	Greg和我进行了大部分角色的配音。
3868	objEm	大部分音效都是录制的。
3869	objEm	很多声音都是我的声音。
3870	objEm	很多环境音会随场景变化。
3871	objEm	有非常非常多搞笑的细节。
3872	objEm	真的很搞笑。
3873	objEm	嗯...
3874	objEm	谢谢你的倾听。
3875	objEm	:)
3876	objMiriam	{shake .5}嘿！！
3877	objMiriam	{shake .5}嘿...
3878	objMiriam	{shake .5}醒醒！！
3879	objBard	{}...
3880	objMiriam	看来出了点问题。
3881	objMiriam	所以我来了|，嗯...
3884	objMiriam	你是怎么进来的？
3885	objMiriam	你知道统领之歌吗...？
3886	objMiriam	你还||好吗？
3887	objBard	不好！
3888	objBard	我不是英雄，|米莉安...
3889	objBard	我一点都不酷||也不强||而且||一无是处。
3890	objBard	我以为我能拯救世界||，但我做不到。
3891	objBard	所以
3892	objBard	我就打算躺在这里
3893	objBard	|||永远
3894	objBard	所有人都会忘了我
3895	objBard	然后世界就会终结。
3896	objMiriam	真蠢。
3897	objMiriam	你现在真的很蠢。
3900	objMiriam	反正也没人觉得你是英雄。
3902	objBard	那一点都没有让我感觉好点！
3903	objMiriam	我的意思是，那并不是你最棒的地方！
3904	objMiriam	你很棒是因为你总是快乐又爱唱歌。
3905	objMiriam	我真希望我也能那样。
3906	objMiriam	我脾气差又没用...
3907	objMiriam	你总是用你的快乐让一切变得更好。
3908	objBard	可我现在并不快乐。
3909	objBard	就算我们现在想学地球之歌...
3910	objBard	统领死了，我们也学不了了。
3911	objMiriam	其实不是。
3912	objMiriam	你能跟幽灵说话，对吧？
3913	objBard	啊？
3914	objMiriam	这里还有...什么东西...
3915	objEphias	噜噜噜噜！
3916	objEphias	欢迎来到我简陋的大篷车！||希望你想买点东西...
3917	objEphias	我有野外捡来的各种植物和虫子！
3918	objBard	哦！||我没钱...
3919	objEphias	||哦...|我也没有...
3920	objEphias	没人想和熊猫做生意||，噜噜噜...
3921	objBard	你真的是熊猫吗？
3922	objEphias	{shake}咻！！！{/shake}||是的！
3923	objEphias	我和我的大篷车走遍了世界各地！
3924	objEphias	可这里的人不相信会说话的红色熊猫...
3925	objEphias	他们说他们喜欢动物...||但他们不喜欢我...
3926	objBard	我觉得你挺可爱的！
3927	objEphias	噜噜噜！||谢谢你的好意！
3928	objEphias	实话说，|现在日子真不好过...
3929	objEphias	为了钱我不得不卖掉我的马...
3930	objEphias	但我现在又向往开辟新的道路了！|噜噜噜...
3931	objEphias	你试过荒野求生吗？
3932	objEphias	噜噜噜噜！||没什么比这更适合我了！
3933	objEphias	树木的气息...
3934	objEphias	和雨水打在我大篷车顶上的声音...
3935	objEphias	不过说实话，||我越来越喜欢人类的食物了...
3936	objEphias	我猜这是我开始需要钱的一部分原因，|咻...
3937	objEphias	穿越沙漠来到这里很难！
3938	objEphias	我浑身的毛皮都很热...
3939	objEphias	而且我差点就没饭吃了！||咻！
3940	objEphias	沙漠里没什么可搜刮的...
3941	objEphias	但我听说另一边有一座美丽的城市！
3942	objEphias	以我的冒险精神，|我根本无法拒绝！
3943	objEphias	...
3944	objEphias	但现在我被困在这里了...
3945	objEphias	这可不容易...
3946	objEphias	但无论如何，|我会始终保持微笑！
3947	objEphias	事情总会有转机的！|噜噜！
3948	objBard	嗨！||你那个黄色的蘑菇...
3949	objBard	我需要它来做药水！||可以给我吗？
3950	objEphias	噜噜噜...||我希望我能把它送给你...
3951	objEphias	但我缺钱！|很缺！
3952	objEphias	我不得不卖掉我的马，|而我现在被困在这个城市里...
3953	objBard	啊啊！|我知道了...
3954	objBard	噢！|我很抱歉...！
3955	objBard	但或许我可以做点什么事，||来交换它？
3956	objEphias	{size .7}{wiggle}噜噜噜噜噜...{/wiggle}
3957	objEphias	{size 1}{shake}咻！！！{/shake}
3958	objEphias	好吧，|我的生意一直很惨淡...
3959	objEphias	如果你能帮我{wiggle}宣传{/wiggle}的话...
3960	objEphias	比如...||在我的大篷车前表演？
3961	objBard	现|在|不|行...
3962	objBard	我|可|以！
3963	objEphias	你能为我的商店演奏音乐吗？
3964	objBard	现|在|不|行...
3965	objBard	我|可|以！
3966	objEphias	噜噜噜...|我明白了...
3967	objEphias	但除非你想办法帮帮我...||不然我得留着我的存货！
3968	objEphias	{shake}咻！！！{/shake}
3969	objEphias	你得给我的小店写一首主题曲...
3970	objEphias	我有一些成功秘诀！
3971	objEphias	我虽然是只熊猫，|但我非常了解人类！
3972	objEphias	他们喜欢规律！||还有重复！
3973	objEphias	无论你写的歌怎么样，|你都得一遍又一遍地唱。
3974	objEphias	{shake .3}不做任何变化！！！{/shake}
3975	objEphias	所以要让它有趣...|但不要太有趣！
3976	objEphias	{size .7}{wiggle}噜噜噜噜...{/wiggle}
3977	objEphias	{}它得比这...||比这更{wiggle}有趣{/wiggle}一点！
3978	objEphias	你能用更多音符再试一次吗？
3979	objBard	现|在|不|行...
3980	objBard	我|试|试！
3981	objEphias	咻！
3982	objEphias	这太复杂了，我记不住...
3983	objEphias	你能让它|不这么|有趣吗？
3984	objBard	现|在|不|行...
3985	objBard	我|试|试！
3986	objEphias	{wiggle}噜噜噜...{/wiggle}||给人类写歌真难呀！
3987	objEphias	但我喜欢这个点子！|我希望我们能做到！
3988	objEphias	{wiggle}噜，||噜...{/wiggle}||这是你想要的歌吗？
3989	objBard	我|再|试|一|次。
3990	objBard	是|的！
3991	objEphias	{shake .6}咻！！！{}|这太棒了！
3992	objEphias	现在，|我们只需要把它唱出来！
3993	objEphias	一遍又一遍地唱！
3994	objEphias	然后人类就会蜂拥而至！
3995	objEphias	嗯？
3996	objEphias	你没有唱...
3997	objEphias	出什么问题了吗，|噜噜？
3998	objEphias	你还想继续试吗？
3999	objBard	不...
4000	objBard	是|的！
4001	objEphias	当然！我们现在可以休息一下。
4002	objEphias	{shake .6}咻！{/shake}
4003	objEphias	就要这股精神！
4004	objEphias	跟我一起唱！
4005	objEphias	{shake .6}咻！{/shake}
4006	objEphias	看看来了这么多顾客！
4007	objEphias	全都多亏了你的歌声！
4008	objEphias	我当然愿意把这个给你！
4009	objBard	耶！
4010	objEphias	{wiggle}噜噜噜噜...{}
4011	objEphias	我现在要发财啦！
4012	objEphias	把我可爱的大篷车告诉所有你认识的人！
4013	objEphias	我有野外捡来的各种植物和虫子！
4014	objBard	你真的是一只熊猫吗？
4015	objEphias	{shake}咻！！！{/shake}||当然了！
4016	objEphias	我和我的大篷车走遍了世界各地！
4017	objEphias	可这里的人不相信会说话的红色熊猫...
4018	objEphias	他们说他们喜欢动物...||但他们不喜欢我...
4019	objBard	我觉得你挺可爱的！
4020	objEphias	噜噜噜！||谢谢你的好意！
4021	objEphias	你试过荒野求生吗？
4022	objEphias	噜噜噜！||没什么比这更适合我了！
4023	objEphias	树木的气息...
4024	objEphias	和雨水打在我大篷车顶上的声音...
4025	objEphias	不过说实话，||我越来越喜欢人类的食物了...
4026	objEphias	我猜这是我开始需要钱的一部分原因，|咻...
4027	objEphias	穿越沙漠来到这里非常艰难！
4028	objEphias	我浑身的毛皮都很热...
4029	objEphias	而且我差点就没饭吃了！||咻！
4030	objEphias	沙漠里没什么可搜刮的...
4031	objEphias	但我听说另一边有一座美丽的城市！
4032	objEphias	以我的冒险精神，|我根本无法拒绝！
4033	objEphias	这可不容易...
4034	objEphias	但无论如何，|我会始终保持微笑！
4035	objEphias	事情总会有转机的！|噜噜！
4036	objFallenstar	{background black}{rainbow}{wiggle}噢我的天哪...
4037	objFallenstar	你||{shake}太|||可爱啦！！！{/shake}
4038	objFallenstar	这里是地球，对吧？
4039	objBard	{}是的！
4040	objFallenstar	{background black}{rainbow}{wiggle}太好了
4041	objFallenstar	我带来了女神艾娅的信息
4042	objFallenstar	很久很久以前，|她的创世之歌让你们的宇宙诞生了
4043	objFallenstar	这算是||一个礼貌通知
4044	objFallenstar	很快，她又要唱起那首歌了
4045	objFallenstar	然后，||嗯
4046	objFallenstar	你们的宇宙会被一个新的宇宙取代
4047	objBard	{}等等，所以，
4048	objBard	世界要结束了？？
4049	objFallenstar	{background black}{rainbow}{wiggle}嗯嗯嗯嗯嗯...
4050	objFallenstar	是的
4051	objFallenstar	不过别太慌张
4052	objFallenstar	你们的宇宙已经很老旧了
4053	objFallenstar	每隔几个永世，艾娅就想重置一切
4054	objFallenstar	重新开始，||你知道吧？
4055	objFallenstar	...|哎|呀|呀|呀|呀...
4056	objFallenstar	听起来的确很糟糕
4057	objFallenstar	我还挺喜欢你的
4058	objFallenstar	很遗憾你的星球要完蛋啦
4059	objBard	{}...有没有...
4060	objBard	我们能做的|事情？
4061	objFallenstar	{background black}{rainbow}{wiggle}嗯...
4062	objFallenstar	理论上||算是有吧...
4063	objFallenstar	但其实...||#也不算
4064	objBard	{}是什么？？？
4065	objFallenstar	{background black}{rainbow}{wiggle}嗯...
4066	objFallenstar	我该怎么说呢
4067	objFallenstar	并没有
4068	objFallenstar	对不起！！！
4069	objBard	...哦！
4070	objBard	我总觉得这里应该有什么...
4071	objBard	...|也许我该再唱一次。
4072	objFernando	哦啦！||看来观众席有位特别嘉宾啊！
4073	objMatilda	现在边境又开放了，|我们又要上路了！
4074	objEduard	或者...||上水路，|和我的船一起。
4075	objMatilda	我们可是个帆船乐队！
4076	objBard	{shake}像海盗一样？！{/shake}
4077	objFernando	那倒...||不是。
4078	objFernando	但你看！|我还买了架新手风琴！
4079	objMatilda	我们|还记得你的歌呢！
4080	objFernando	没错！
4081	objFernando	你想听听吗？
4082	objBard	不
4083	objBard	嗯！
4084	objFernando	想让我们演奏你的歌吗？
4085	objBard	不
4086	objBard	嗯！
4087	objFernando	好啦，|朋友。
4088	objFernando	哈|哈！||开始吧！
4089	objEduard	一、||二、||三、||四...
4090	objFernando	...
4091	objFernando	这次我不砸手风琴了。
4092	objFernando	它太贵了。
4093	objFernando	谢谢你的微笑，|朋友。
4094	objEduard	愿我们有缘再相会。
4095	objFernando	哦啦！
4096	objFernando	来这看今晚的演出吗？
4097	objFernando	我是乐队成员，|你知道的。
4098	objFernando	我的部分可是最重要的！
4099	objFernando	我是最后出场的。
4100	objFernando	压轴好戏！
4102	objFernando	我是演出结束后让大家都记住的那个人！
4103	objFernando	见到我一定很激动吧，|哦？
4104	objFernando	只是||有个小问题...
4105	objFernando	...||我们的指挥把乐谱搞丢了，|哎呀呀！
4106	objFernando	虽然我一个人也能搞定啦。
4107	objFernando	但我的乐队该怎么跟上我呢？
4108	objBard	真没办法。
4109	objBard	我可以写首歌！
4110	objFernando	见到我一定很激动吧，|哦？
4111	objBard	是|的，|#和|我|多|说|点！
4112	objBard	我|只|是|来|写|歌。
4113	objFernando	哦啦！
4114	objFernando	等今晚的演出就好啦。
4115	objBard	等|不|及|了！
4116	objBard	我|来|写#|你|的|部|分！
4117	objFernando	很不幸，但这是事实。
4118	objFernando	祝他们今晚好运。
4119	objFernando	嗯，|我只是出生在莫哈布米的一个普通巫师...
4120	objFernando	但我知道我注定是个伟大的人！
4121	objFernando	好了，|不说这些了。
4123	objFernando	我们的指挥弄丢了今晚的乐谱。
4124	objFernando	但是问题不大！
4125	objFernando	我会即兴发挥！
4126	objFernando	祝我今晚演出好运吧！
4127	objFernando	好吧，|你必须这么做！
4128	objFernando	什么？||{shake .5}你？{}
4129	objFernando	你觉得你能作出配得上压轴的大作吗？
4130	objFernando	好吧，|让我们看看你的本事！
4131	objFernando	就是这个！！！||压轴好戏！
4132	objBard	太|棒|啦！
4133	objBard	换|一|首|吧！
4134	objFernando	没问题！
4135	objFernando	让我看看你的本事！
4136	objFernando	哦啦！|船上的朋友！
4137	objFernando	你喜欢莫哈布米吗？
4138	objFernando	正好...
4139	objFernando	就在我最喜欢的地方附近！
4140	objFernando	火山口剧院！
4141	objFernando	全世界最棒的音乐家都来这里！
4142	objFernando	我本来也会在这里演奏，|但是...
4143	objFernando	我的手风琴被我砸了。
4144	objFernando	可能我没考虑周到。
4145	objFernando	你必须永远跟随音乐的指引。
4146	objFernando	这才是真正的音乐家精神！
4147	objFernando	而|有时候...
4148	objFernando	音乐告诉你砸碎你的手风琴。
4149	objFernando	然后点燃它！
4150	objFernando	没人知道她为什么这么说。
4151	objFernando	但当你成为音乐家时。
4152	objFernando	你将效忠于她的奇思妙想。
4153	objFernando	你有真正的音乐家精神。
4154	objFernando	我刚见到你时并不知道...
4155	objFernando	但现在！||我能感觉到！
4156	objFernando	你的灵魂和我的一样闪耀！
4157	objFernando	我们心有灵犀，|朋友。
4158	objFernando	无论走到哪里，都请携着音乐同行。
4159	objFernando	呃额额。
4160	objFernando	压轴好戏的音符得比这要多。
4161	objFernando	抱歉，|这是规矩。
4162	objBard	做|不|到。
4163	objBard	我|试|试！
4164	objFernando	哇啊啊！！！
4165	objFernando	这太复杂了！
4166	objFernando	哈...||但我能搞定。
4169	objFernando	认真的？
4170	objFernando	好|吧|，|朋友。
4171	objFernando	你觉得这听起来像压轴曲吗...？
4172	objBard	我|再|试|一|次。
4173	objBard	就|这|样！
4174	objFernando	嘿，|这个不错...
4175	objBard	我|再|试|一|次。
4176	objBard	演|奏|原|来|那|首？
4177	objBard	就|这|样！
4178	objFernando	这是原来那首...
4179	objBard	我|再|唱|一|次。
4180	objBard	演|奏|刚|才|那|首？
4181	objBard	替|换|这|个！
4182	objFernando	没问题！
4183	objFernando	看来现在我们有压轴曲了。
4184	objFernando	现在我们只需要演奏出来！
4185	objFernando	只要确保乐队跟上我们！
4186	objFlowersteal	所以？||要开始吗？
4187	objBard	不！
4188	objBard	嗯！
4189	objMiriam	好吧，|行吧...
4190	objSandra	天啊！！！||比我们想的还大！
4191	objVivian	{shake}{quake}没什么大不了的！！！{/shake}
4192	objVivian	记住我们的训练！
4193	objSandra	{shake}{quake}{glitch .6}啊！！！
4194	objVivian	{quake}这些东西是什么？？？
4195	objMiriam	{shake}{name}！！！{/shake}
4196	objMiriam	你到底在这里干什么？？？
4197	objBard	嗯！||好吧...
4198	objBard	墙太高我跳不出去...
4199	objBard	这些巫师说她们需要帮助...
4200	objMiriam	{shake}{quake}太不负责任了！！！{/shake}
4201	objMiriam	这东西很危险！！！
4202	objMiriam	我简直不敢相信他们让你跳进来...
4203	objMiriam	...
4204	objMiriam	我想|没办法阻止它，|所以...
4205	objMiriam	我想|我会帮忙对付这东西。
4206	objMiriam	但只是为了救|{wiggle}你的{/wiggle}|小命！
4207	objVivian	{shake}太棒了！！！
4208	objSandra	又干掉一个！！！
4209	objBard	{}呜呼！
4210	objMiriam	{{shake .6}别在这时候|“呜呼”|！！！
4211	objMiriam	{}这些蠢巫师差点害死我们！
4212	objMiriam	已经两次了！
4213	objMiriam	这是怎么回事，|啊？
4214	objMiriam	那是什么东西？？
4215	objVivian	我们不知道，|老大！
4216	objVivian	它们最近开始出现的...
4217	objMiriam	你的意思是...|||它们不是|{qiggle}你们的？{/wiggle}
4218	objVivian	{wiggle}我们的？{/wiggle}||你什么意思？
4219	objMiriam	嗯。|我以为那些怪物是...
4220	objMiriam	{size .8}呃...
4221	objMiriam	像...||巫师搞的事情...？
4222	objVivian	{shake}什么？{/shake}||不可能，|老大！
4223	objVivian	它们对我们来说完全是个谜！
4224	objVivian	我们只知道...
4225	objVivian	它们是在公主失踪时出现的...
4226	objMiriam	哦...||公主...
4227	objVivian	是啊，|公主！
4228	objVivian	奇怪的是...
4229	objVivian	它们是从...||地里长出来的？
4230	objVivian	而且它们好像没有自我意识...
4232	objSandra	{shake}薇薇安！！！{}
4233	objSandra	别忘了！！
4234	objSandra	平民可不该知道这些事！！！
4235	objVivian	哦。||是啊。
4236	objVivian	抱歉！
4237	objVivian	算是军事机密吧。
4238	objVivian	不过既然你帮我们干掉了那玩意儿...
4239	objVivian	我们能相信你保密，|对吧？
4240	objVivian	对了，|你说你要去哪来着？
4242	objMiriam	我们要去首都...||大概吧...
4243	objSandra	哦！||你是说莫哈布米？
4244	objSandra	那简单！！
4245	objSandra	我们可以帮你去那儿，没问题！
4246	objSandra	要我们带你一程吗？
4247	objMiriam	{size .7}不用，
4249	objMiriam	{size .7}你弄坏了我的扫帚。
4250	objSandra	{}{quake}{shake .2}我就是说的这个！！！
4251	objSandra	{}我们可以补偿你！
4252	objBard	（我觉得我们应该和他们一起去，|米莉安...）
4253	objMiriam	{size .7}...
4254	objFrancine	小诗人！
4255	objFrancine	哦，|天哪...
4256	objFrancine	我没想到还能再见到你！
4257	objFrancine	玛莉和我好想你。
4258	objFrancine	这里的日子可真是...
4259	objFrancine	我想，|就像灵魂们警告我们的那样...
4260	objFrancine	我简直不敢相信这就是末日...
4261	objFrancine	这一切对我们来说好艰难...
4262	objFrancine	尤其是露比...
4263	objFrancine	我好担心她...
4264	objFrancine	但镇长告诉我别担心，
4265	objFrancine	要我陪在玛莉身边...
4266	objFrancine	她一直代替我照顾露比。
4267	objFrancine	她...||真是个好人，|小诗人。
4268	objFrancine	我是说镇长。
4269	objFrancine	我非常敬佩她的坚强。
4270	objFrancine	她真的很关心我们。
4271	objFrancine	我希望...||我也能成为像她那样的人。
4272	objFrancine	我希望我还有时间去成为那样的人。
4273	objFrancine	这些人对我意义重大...
4274	objFrancine	朗特里真是个特别的地方。
4275	objFrancine	你一直都属于这里，|小诗人。
4276	objFrancine	我好高兴...
4277	objFrancine	我能再见到你。
4278	objFrancine	小诗人！||哦，|天哪...
4279	objFrancine	一个|{shake}黑暗|||灵魂{/shake}||出现在露比家...
4280	objFrancine	我试着把她带出来，但...
4281	objFrancine	嗯，|你知道她有多固执...
4282	objFrancine	她是个那么甜美的老太太！
4283	objFrancine	如果她出了什么事，|我...
4284	objFrancine	我想过去找人帮忙，|但是...
4285	objFrancine	要是我不在的时候出事怎么办？
4286	objFrancine	我太害怕了，||根本|动不了！
4287	objFrancine	我好丢脸...
4288	objFrancine	那？||#露比没事吧？？
4289	objBard	...
4290	objBard	她很好。
4291	objFrancine	谢天谢地！
4292	objFrancine	你真是个英雄，小诗人。
4293	objFrancine	露比就是|||那么善良温柔...
4294	objFrancine	像她这样甜美的女人|不该被困扰！
4295	objBard	...
4296	objFrancine	镇长听到灵魂们已经安顿好一定会很高兴！
4297	objFrancine	天知道她有多担心...
4298	objFrancine	镇长听到灵魂们已经安顿好一定会很高兴！
4299	objFrancine	天知道她有多担心...
4300	objFrancine	谢谢你帮忙救了露比，|小诗人...
4301	objFrancine	我想知道像那样邪恶的灵魂#到底想从那可怜的老妇人那里得到什么...
4302	objFrancine	我小时候，露比会在沉眠之树下唱歌。
4303	objFrancine	据说那是一种与统领交流的仪式...
4304	objFrancine	但他从未回应过我们。
4305	objFrancine	我知道露比有时候可能有点严厉。
4306	objFrancine	但她的心地善良...只是年纪大了，历经沧桑。
4307	objFrancine	现在罗恩回来了，露比看起来||更开心了。
4308	objFrancine	说实话，|我还是觉得他作为幽灵有点吓人...
4309	objFrancine	我一直忙着帮露比，都几乎没见到玛莉...
4310	objFrancine	我很感激她那么贴心。
4311	objFrancisco	啊呀，|这不是那个傻瓜吗。
4312	objFrancisco	又想来吃苦头了？
4313	objFrancisco	开个玩笑。
4315	objFrancisco	事实上...
4316	objFrancisco	这群人全是大傻瓜。
4317	objFrancisco	我一直在骗自己否认这个明显的事实。
4318	objFrancisco	你能回来真好。
4319	objFrancisco	还有，|其实...
4320	objFrancisco	我一直在考虑戒掉咖啡。
4321	objFrancisco	...|对...
4322	objFrancisco	我喝咖啡会失眠。
4323	objFrancisco	而且它让我经常焦虑。
4324	objFrancisco	我今天还一口都没喝呢。
4325	objFrancisco	天空中满是闪烁的星光，
4326	objFrancisco	所以想保持清醒并不难。
4327	objFrancisco	当你第一次出现在我们船上时，
4328	objFrancisco	我确信你会是个大麻烦。
4329	objFrancisco	我果然没猜错...
4330	objFrancisco	但|，总之我还是会想念你的。
4331	objFrancisco	不管你接下来要做什么奇怪的傻事，|都祝你好运...
4332	objFrancisco	嘿，|在你走之前...
4333	objFrancisco	老实说...
4334	objFrancisco	你觉得|我长得吓人吗？
4335	objBard	不！
4336	objBard	是的。
4337	objFrancisco	呃，||好吧...
4338	objFrancisco	我感觉我确实有点，
4339	objFrancisco	但很难从别人那儿得到直接的回答。
4340	objFrancisco	我想也是...
4341	objFrancisco	现在问这个有点奇怪，抱歉。
4342	objFrancisco	我就是一直想知道...
4343	objFrancisco	好吧，|回见。
4344	objFrancisco	哇哦，||好吧。
4345	objFrancisco	谢谢你对付那个白痴。
4346	objFrancisco	我还以为你傻得什么都做不成呢。
4347	objFrancisco	我很高兴你证明我错了。
4348	objFrancisco	现在想想，
4349	objFrancisco	自从你出现后，我们就在惹各种各样的麻烦。
4350	objFrancisco	混乱好像一直围着你转...
4352	objFrancisco	呃，||我不是故意这么刻薄的。
4353	objFrancisco	你知道的，|||这么多刺激之后...
4354	objFrancisco	我真想喝杯咖啡。
4355	objFrancisco	天啊！
4356	objFrancisco	怎么回事？||大家都疯了吗...
4357	objFrancisco	是你干的吗？
4358	objFrancisco	卢卡斯船长说我们要去找人鱼？
4359	objFrancisco	什么？
4360	objFrancisco	她们不是好多年前就消失了吗？
4361	objFrancisco	我本来只卖咖啡豆就好...
4362	objFrancisco	我被安排去卖咖啡豆。
4363	objFrancisco	通常这是佩妮的活...
4364	objFrancisco	...
4365	objFrancisco	唉，||太无聊了。
4368	objFrancisco	我们一直在喝咖啡，|所以我们在船上几乎不睡觉。
4369	objFrancisco	我真不知道|他们不睡觉是怎么熬过来的。
4370	objFrancisco	我真想给每个人脸上|||来一刀。
4371	objFrancisco	有人想要{wiggle}咖——啡——|豆——{/wiggle}吗？
4372	objFrancisco	你|{wiggle}要{}|来点{wiggle}咖——啡——豆——{/wiggle}吗？？
4373	objFrancisco	{shake .25}有人|{wiggle}想要{/wiggle}|来点{wiggle}咖——啡——豆吗？？？
4374	objFrancisco	没什么比漫长的一天后来杯咖啡更惬意了。
4375	objFrancisco	但愿所有人都能忘掉唱歌的事。
4376	objFrancisco	这样我今晚就能睡个好觉了，||哈，哈，|开玩笑的。
4377	objFrancisco	呃，|我累死了。
4378	objFrancisco	我都不记得上次睡觉是什么时候了...
4379	objFrancisco	...那我为什么还喝咖啡？
4380	objFrancisco	我是这艘船的领航员。
4381	objFrancisco	意思是我让我们朝着正确的方向前进。
4382	objFrancisco	而这{wiggle .25}不仅仅{}是字面上的意思。
4383	objFrancisco	我受不了傻子。
4384	objBard	...
4385	objBard	哈！|我也是！
4386	objBard	我正在进行一场{wiggle}严肃的{/wiggle}冒险。
4387	objFrancisco	...
4388	objFrancisco	在我看来你就是那种傻乎乎的人。
4389	objFrancisco	当然，他们都没跟我商量就让你上船了。
4390	objFrancisco	我是说，|那也行吧。
4391	objFrancisco	只要|请别弄坏任何东西。
4392	objFrancisco	{shake}唉。
4393	objFrancisco	{}又失去了一个杯子，|太棒了。
4394	objFrancisco	{shake}呃啊。
4395	objFrancisco	{}请|{wiggle}尽量{/wiggle}|小心点拿好吗？
4396	objFrancisco	{shake}谁一直给这个捣蛋鬼送咖啡？？
4397	objFrancisco	{shake}这些杯子||可不便宜！！！{/shake}
4398	objFrancisco	我的意思是，|相对来说，||是这样...
4399	objFrancisco	{quake}{shake}但这不是重点！{/shake}
4400	objFrancisco	别再|打碎杯子了！！！
4401	objFrancisco	你...
4402	objFrancisco	拜|{wiggle}托。
4403	objFrancisco	...
4404	objFrannie	陌生人！
4405	objBard	呃...
4406	objBard	米莉安？
4407	objBard	{shake}{quake}米莉安！！！{}
4408	objMiriam	{shake}{quake}我醒了我醒了！！！{}
4409	objMiriam	哎呀...
4410	objFrannie	那个灵魂...
4411	objFrannie	它真的消失了吗？
4412	objBard	是的！
4413	objFrannie	也许我们都误会你了。
4414	objFrannie	我们以为你...||来自边境的那一边...
4415	objBard	||...啊？
4416	objFrannie	你一定对这里|非常|陌生吧？
4417	objBard	确实！
4418	objFrannie	好吧，|让我简单解释一下。
4419	objFrannie	这里有两个大王国。
4420	objFrannie	鲁勒...||也就是我们，|在东边...
4421	objFrannie	还有钱德什|，在西边。
4422	objFrannie	我们打了好几代的仗了...
4423	objBard	...|为什么？
4424	objOlaf	原因可|多|了，旅行者！
4425	objOlaf	他们对我们的攻击从未停止过！
4426	objOlaf	就连这片森林...
4427	objOlaf	曾经长满了树木和花朵。
4428	objOlaf	但是钱德什人烧毁了它！
4429	objOlaf	他们完全不尊重自然...
4430	objFrannie	我们现在在边境的无人区。
4431	objFrannie	所以我们总得提防间谍。
4432	objFrannie	你赶走的那个幽灵...#||她也是钱德什人。
4433	objBard	她带给我一条信息！
4434	objBard	是给鲁勒国王的...
4435	objFrannie	来自钱德什的消息，|要给我们的国王？
4436	objFrannie	那肯定不是什么好事。
4437	objMiriam	消息是什么？
4438	objBard	我不知道...
4439	objBard	但她说这能结束战争！
4440	objBard	我能感觉到它在我心中|等待|...
4442	objBard	我觉得我们应该送去！
4443	objMiriam	{size .7}为什么这种破事总发生在我们身上...
4444	objBard	{}啊？
4445	objMiriam	我说太好了！
4446	objMiriam	我们去把这条幽灵消息带给国王吧！
4447	objBard	嗯！
4448	objFrannie	...
4449	objFrannie	陌生人，|谢谢你帮了我和我的旅店。
4450	objFrannie	所以我不会|拦着你...
4451	objFrannie	但我要说||...|要小心这样的消息。
4452	objFrannie	你可能很难理解，#|因为你不是这里的人，
4453	objFrannie	但来自钱德什的东西...#||我们都学会了不去相信。
4457	objBard	什什什|什什|什|么？
4458	objBard	但她看起来很友好啊！
4459	objBard	我是说，||她一开始又吓人又鬼气森森，
4460	objBard	她还用彩虹幽灵球攻击我，
4461	objBard	但是...
4462	objBard	之后，||她就很好啦！
4463	objBard	我觉得没问题。
4464	objFrannie	...
4465	objMiriam	...
4466	objFrannie	祝你旅途顺利，陌生人。
4467	objFrannie	这里有点破旧...|但过了那堵墙后风景可好了。
4468	objFrannie	尤其是如果你能到首都夏天城的话。
4469	objFrannie	鲁勒是个漂亮的地方，#不像这里一片狼藉。
4470	objFrannie	很多危险人物会经过这里。
4471	objFrannie	我从父母那里继承了这个地方，#但这片区域已经不行了。
4472	objFrannie	我不明白他们为什么火灾后还要重建。
4473	objFrannie	但对这里可怜的几个人来说，#|这是他们唯一的避难所。
4474	objMiriam	呃。|你好。
4475	objMiriam	我们想住在这里。
4476	objFrannie	嗯。
4477	objMiriam	...
4478	objFrannie	嗯嗯嗯...
4479	objMiriam	...|||呃...
4480	objFrannie	不行。
4481	objFrannie	所有房间都满了。
4482	objFrannie	还剩一个。
4483	objFrannie	而那一个...|闹鬼。
4484	objMiriam	...|什么？||真的？
4485	objFrannie	通常我是在开玩笑。
4486	objFrannie	但现在我不是。
4487	objMiriam	嘿，|{name}...
4488	objMiriam	{wiggle}你{/wiggle}|不能唱歌给幽灵听或者什么的吗？
4489	objBard	是的，|我可以！
4490	objFrannie	...|真的吗？
4491	objMiriam	通常我们是在开玩笑。
4492	objMiriam	但我们从来不开玩笑，#|因为我们本身就是个笑话。
4493	objFrannie	...
4494	objFrannie	好吧，|如果你愿意去冒险...
4495	objFrannie	就在楼上的最后一扇门。
4496	objFrannie	小心点。
4497	objFrannie	它是个刻薄的幽灵。
4498	objFrannie	...
4499	objFrannie	别搞什么小动作...
4500	objFrannie	就是楼上最尽头的那扇门。
4501	objFrannie	嘿，|陌生人。
4502	objFrannie	你觉得你在这里干什么？
4503	objSue	哦，|是你啊！
4504	objFrederick	你是来自疯狂渡鸦酒馆的表演者，|对吧？
4505	objSue	就是把我们撮合在一起的人...
4506	objSue	很高兴又见到你。
4507	objSue	这里发生了很多起起伏伏的事。
4508	objSue	我觉得世界差点就毁灭了。
4509	objSue	我不知道我能不能撑过去...
4510	objSue	如果没有弗雷德里克陪我谈心的话。
4511	objSue	所以，|谢谢你。
4512	objFrederick	是真的。
4513	objFrederick	我不知道如果没有苏我会怎样...
4514	objFrederick	她教会了我很多东西。
4515	objFrederick	我现在正努力少挑剔一点。
4516	objFrederick	你是个善良的人...
4517	objFrederick	我很感激你。
4518	objFrederick	我表现得怎么样？
4519	objFrederick	你听过新的福尔摩斯甜品店主题曲吗？
4520	objFrederick	它有一些不错的地方。
4521	objFrederick	但它能在滥大街的“糖果店”曲风中脱颖而出吗？
4522	objFrederick	我觉得不能。
4523	objFrederick	吧啦吧啦音乐吧啦
4524	objFrederick	吧啦吧啦||{wiggle}极快{/wiggle}|吧啦
4525	objFrederick	吧啦吧啦吧啦，集合了所有人做过的好歌
4526	objFrederick	...
4527	objFrederick	从现在起我会努力少挑剔一点。
4528	objFrederick	好吧。
4529	objFrederick	你的表演...
4530	objFrederick	其实非常有趣。
4531	objFrederick	我对此没有任何抱怨。
4532	objFrederick	其实我是个很有才华的评论家，你要知道。
4533	objFrederick	无论什么东西多好，
4534	objFrederick	我总能挑出毛病。
4535	objFrederick	我从没听过真正“好”的音乐。
4536	objFrederick	没有什么是完美的。
4537	objFrederick	总得|{wiggle}有人{/wiggle}|指出这一点。
4538	objFrederick	我的好品味适用于所有事情。
4539	objFrederick	顺便说一句，|你穿得不错。
4540	objFrederick	是的，|我看了你的表演。
4541	objFrederick	镇上的每个人也许都喜欢它，
4542	objFrederick	但是|我...
4543	objFrederick	嗯，||我觉得它||{wiggle}还...|挺好...{/wiggle}
4544	objFrederick	不过还是可以改进一下。
4545	objFrederick	这里那里。
4546	objFrederick	如果你需要|{wiggle}我{/wiggle}|告诉你问题在哪...
4547	objFrederick	我只是觉得你当不了音乐家。
4548	objFrederick	多美的歌曲啊。
4549	objFrederick	嗯。|我不确定那首曲子适不适合我。
4550	objFrederick	但音乐不需要讨好每个人。
4551	objFrederick	那首曲子让我想起我以前听过的另一首。
4552	objFrederick	但是你赋予了它独特的风格！
4553	objFrederick	做得好。
4554	objFrederick	那是个不错的尝试。
4555	objFrederick	但我认为它需要在强音部分加入更多|稍快板。
4556	objFrederick	如果你不知道那是什么意思，
4557	objFrederick	你大概成不了音乐家。
4558	objFrederick	嗯。|我不确定我有没有被那首曲子打动。
4559	objFrederick	你是想走什么风格？
4560	objFrederick	那绝对是个|有趣的曲子。
4561	objFrederick	但如果你觉得那很原创，
4562	objFrederick	那你就大错特错了。
4563	objFrederick	我绝对听过那段旋律。
4564	objFrederick	那首歌...！
4565	objFrederick	它是如此||充满...
4566	objFrederick	{quake}{shake .8}缺陷！{/shake}
4567	objBard	好吧，|有人为你写了它...|嘿嘿！
4568	objFrederick	你是说，|有人写了一首歌...
4569	objFrederick	专门给我？
4570	objFrederick	{quake}{shake .3}让我批评？{/shake}
4571	objFrederick	快带我去找那个人！
4572	objFrederick	我不会让他们久等的！
4573	objGabe	我走遍了全世界...
4574	objGabe	但我从没见过这样的城市！
4575	objGabe	莫哈布米真的是个神奇的地方！
4576	objGabe	字面意义上的！||因为这里有魔法！！
4577	objGabe	没有魔法的话，|很难到达城市的大部分地区...
4578	objGabe	但是旅游区有好多东西可以看！
4579	objGabe	我参观了学院，还旁听了一节课。
4580	objGabe	有点无聊，
4581	objGabe	但看看巫师们怎么学习还是挺有趣的！
4582	objGabe	其实，|我正在写一本旅行指南...
4583	objGabe	我想看遍世界上的一切！
4584	objGabe	你呢？
4585	objGabe	你觉得我下一站该去哪？
4586	objBard	朗|特|里！
4587	objBard	德|尔|菲！
4588	objBard	塔|坦|戈！
4589	objBard	圣|诞|镇！
4590	objBard	夏|天|城！
4591	objGabe	朗||特里...？
4592	objBard	它在一片森林里！
4593	objBard	它很小，而且离这里很远，
4594	objBard	但它|很特别！
4595	objGabe	嗯，|好吧！
4596	objGabe	德尔菲！我知道那地方。
4597	objGabe	我听说那里秋天的叶子很美。
4598	objBard	那里还有个很酷的乐队呢！
4599	objBard	{size .6}（嘿嘿...）
4600	objGabe	塔坦戈！||那是哪来着？
4601	objBard	它是海洋中的一个岛屿！
4602	objBard	那里有海盗！
4603	objBard	还有神奇的人鱼！
4604	objBard	哦等等，||也许没有人鱼。
4605	objBard	但是！||有海盗！！
4606	objGabe	嗯，|好吧！
4607	objGabe	圣诞镇！||真的？
4608	objGabe	它离这里非常远...
4609	objBard	是的，|那里很冷。
4610	objBard	但是你可以看到年度灯光！
4611	objBard	而且我妈妈住在那里！
4612	objGabe	我应该去拜访你妈妈来改进我的旅行指南吗？
4613	objBard	也许吧！
4614	objBard	她很棒。
4615	objGabe	夏天城？||那可能很困难...
4616	objGabe	他们有疯狂的边境墙...
4617	objGabe	光是进入钱德什就已经够难了！
4618	objGabe	值得费劲去吗？
4619	objBard	嗯！
4620	objBard	那里阳光明媚！
4621	objBard	而且很多人都非常友好。
4622	objGabe	嗯，|好吧！
4623	objGabe	哦，|哇哦！
4624	objGabe	我是按照你的推荐来到这里的。
4625	objGabe	还记得吗？
4626	objGabe	但我没想到还能再见到你！
4627	objGabe	这里有些特别的东西，
4628	objGabe	在陌生的地方见到熟悉的面孔。
4629	objGabe	我一定要把这写进我的旅行指南！
4630	objGabe	我真的很喜欢，||嗯...
4631	objGabe	这个地方的小镇氛围！
4632	objGabe	我注意到有些房子没有屋顶。
4633	objGabe	而且当地人似乎喜欢站在外面，
4634	objGabe	凄然地注视着世界末日。
4635	objGabe	这是一种有点吓人的群体氛围...
4636	objGabe	所以我才站在这里。
4637	objGabe	德尔菲看起来像是个热闹|有趣的地方。
4638	objGabe	我很期待见到你提到的那个乐队！
4639	objGabe	我真的很喜欢塔坦戈。
4640	objGabe	谁会想到海盗这么有趣？
4641	objGabe	它让我迫不及待想去尝试一场属于我自己的海上冒险...
4642	objGabe	这就是我现在在这里的原因！
4643	objGabe	我会有整整一章写海盗冒险！
4644	objGabe	这里真有一种变化之地的感觉。
4645	objGabe	我看得出人们在挣扎...
4646	objGabe	但对未来仍怀有希望！
4647	objGabe	新实验室是我见过最大的！
4648	objGabe	我想知道他们会在那里发现什么奇妙的东西！
4649	objGabe	你说得对！||这趟旅行值得！
4650	objGabe	我从没见过这样的树...
4651	objGabe	还有那些可爱的动物！
4652	objGabe	呃，||亲宠...
4653	objGabe	你真的能感受到这里的自然之灵。
4654	objGert	嗯？|我在看书...
4655	objBard	...
4656	objBard	这是什么书？
4657	objGert	嗯，||是一本小说。
4658	objBard	挺|酷|的！
4659	objBard	讲|了|什|么？
4660	objGert	很复杂，一时讲不完。
4661	objBard	明|白|了。
4662	objBard	说|来|听|听！
4663	objGert	呃，||好吧
4664	objGert	有四个孩子决定玩个游戏
4665	objGert	但游戏导致了宇宙的毁灭
4666	objGert	他们不得不进行一次星际探险
4667	objGert	去收集材料，创造一个新宇宙
4668	objGert	还涉及了外星人和时间旅行
4669	objGert	...很复杂，一时讲不完。
4670	objMatriarch	{shake}{size 1.25}艾娅|||在上啊！！！
4671	objMatriarch	这些东西就是不罢休！！！
4672	objClyde	{shake .2}{size .8}你能做到的，镇长小姐！
4673	objMatriarch	{}谢谢，克莱德
4674	objBard	{}你好！
4675	ghost[0]	{background black}{spirit}{color white}{wiggle .5}哎呀，又是那孩子
4676	ghost[2]	呃呃呃
4677	ghost[0]	{background black}{spirit}{color white}{wiggle .5}这孩子到底是谁？？？
4678	objBard	{}嘿，等等！！！
4679	ghost[0]	{background black}{spirit}{color white}{wiggle .5}什么？
4680	objBard	{}{shake}{size 1.25}我现在能听懂你们的话了！！！{/shake}
4681	objBard	{}{shake}{size 1.25}我能听懂你们了！！！{/shake}
4682	ghost[0]	{}{background black}{spirit}{color white}{wiggle .5}什什什么
4683	ghost[2]	那太棒了！
4684	objBard	{}{size .8}我猜这是梦之王说的语言...
4685	ghost[0]	{}{background black}{spirit}{color white}{wiggle .5}那么孩子，
4686	ghost[0]	我们可能需要你帮个大忙
4688	ghost[1]	我们需要你把我们的幽灵语言翻译成音乐！
4689	objBard	{}我可以做到！
4690	ghost[2]	{}{background black}{spirit}{color white}{wiggle .5}{size 1.15}天||{shake .5}呐！！{/shake}
4691	objMatriarch	{}{size .7}这到底是怎么回事...
4692	ghost[0]	{}{background black}{spirit}{color white}{wiggle .5}好吧，|听好了...
4693	objBard	{}朗|特里|的|善|良|人
4694	objBard	为|何|看|不|清
4695	objBard	我|们|虽|为|幽|灵
4696	objBard	但|并|非|恶|灵
4697	objBard	{}这|是|罗恩，|约翰|和|玛丽
4698	objBard	刚|离|世|之|人
4699	objBard	但|世|界|正|终|结
4700	objBard	我|们|才|聚|集
4701	objBard	{}你|们|失|去|未|来
4702	objBard	人|生|断|中|途
4703	objBard	为|此|我|们|归|来
4704	objBard	相|伴|终|结|路
4705	objMatriarch	{}天哪！
4706	objMatriarch	爸，|是你吗？
4707	ghost[0]	{background black}{spirit}{color white}{wiggle .5}的确。
4708	objBard	{}呃...|#他说"是"
4709	objMatriarch	我感觉自己像个十足的傻瓜...
4710	objMatriarch	那些灵魂{wiggle}当然{}都是我们的亲人。
4711	objMatriarch	他们怎么会想伤害我们呢？
4712	objMatriarch	看来我们的幽灵问题解决了。
4713	objMatriarch	鉴于这些事件...
4714	objMatriarch	孩子！
4715	objMatriarch	我要让你...|||成为朗特里的新镇长！
4716	objBard	什么？？？
4717	objMatriarch	你没听错。
4718	objMatriarch	今天我无法履行职责。但你可以。
4719	objMatriarch	我的乡亲们值得有能力的人守护。
4720	objMatriarch	就这么简单。
4721	objClyde	{shake .2}{size .9}打扰了镇长小姐，但...
4722	objClyde	你在说什么？？
4723	objFrancine	{}你是位出色的领袖！
4724	objMarley	记得布朗森家孩子在森林迷路那次吗？
4725	objBronson	对啊！还有克莱德卡在树上那次？
4726	objClyde	{shake .2}{size .9}嘿...
4727	objMarley	{}我们都为有你当镇长感到骄傲。
4728	objFrancine	小诗人虽然不错，|但...
4729	objFrancine	还|||有点呆。
4730	objClyde	{shake .2}{size .9}其实大部分问题不能靠唱歌解决。
4731	objMatriarch	{}嗯...
4732	objMatriarch	经过深思熟虑，
4735	objMatriarch	{size .9}关于镇长的事我可能有点草率了。
4736	objBard	{}没关系！！！
4737	objBard	反正|我还打算去冒险！
4738	objMatriarch	{}我们会一直在这里，孩子。
4739	objMatriarch	感谢你做的一切。
4740	objGnome	...
4741	objGonzalo	每当我在莫哈布米迷路...
4742	objGonzalo	我总是牢记三个字！
4743	objGonzalo	下|||，开|||，开...||开图！
4744	objGonzalo	等等，|这不太好记。
4745	objGonzalo	等等...||怎么打开地图|来着？
4746	objGonzalo	糟了...
4747	objGonzalo	{shake .5}打开地图的按钮是什么？！{/shake}
4748	objGonzalo	是...||左？||上？||{shake .5}X？？？{/shake}
4749	objGonzalo	太糟糕了...
4750	objGonzalo	我还在上面记了|所有喜欢的咒歌。
4751	objGonzalo	我得找到它！！！
4752	objGonzalo	在莫哈布米很容易迷路...
4753	objGonzalo	尤其是走在天花板和墙壁上时...
4754	objGonzalo	有时我会分不清上下！
4755	objGonzalo	等一下...||下！|就是这个！
4756	objGonzalo	下下下，|开地图！
4757	objGonzalo	看来还是挺好记的。
4758	objGord	哦嘿！
4759	objGord	你在这里:)
4760	objGord	我叫Gord。
4761	objGord	我为《Wandersong》创作了音乐
4762	objGord	不过Greg帮忙写了很多歌！
4763	objGord	Em也写了一首:)
4764	objGord	篝火那首。
4765	objGord	你肯定喜欢吧。
4766	objGord	我不骗你
4767	objGord	这游戏太难搞了！
4768	objGord	刚答应参与时我就想，
4769	objGord	我都干了什么
4770	objGord	但我知道自己很想和Greg合作
4771	objGord	而且他做的东西肯定很棒
4772	objGord	可能我当时也想要挑战自我？？？
4773	objGord	其实我不太记得了，
4774	objGord	但早期我就知道自己很可能精疲力尽，
4775	objGord	或者搞砸，
4776	objGord	或者江郎才尽。
4777	objGord	这游戏有
4778	objGord	{shake}超级
4779	objGord	多的
4780	objGord	音乐
4781	objGord	{}把我吓得够呛
4782	objGord	但看啊，你通关了！
4783	objGord	我也坚持下来了！
4784	objGord	我们做到了！
4785	objGord	2017年对我来说很艰难
4786	objGord	某些我毕生坚信的事情
4787	objGord	结果并非如此？
4788	objGord	世界充满愤怒
4789	objGord	虽然我之前就开始做《Wandersong》，
4790	objGord	但它突然变得无比重要，
4791	objGord	为了生平第一次扭转愤世嫉俗
4792	objGord	（我确实愤世；我喜欢愤世的东西）
4793	objGord	为那些唯一目的就是让人快乐的事物贡献自己的力量
4794	objGord	但不是那种肤浅的快乐，
4795	objGord	比如情景喜剧之类的
4796	objGord	真正的快乐；
4797	objGord	是为生活陷入黑暗的人点亮微光
4798	objGord	（顺便说我现在好多了）
4799	objGord	这是我做过最庞大的原声带
4800	objGord	可能是史上最大体量的？？？
4801	objGord	这可能是我这辈子做过最大的事
4802	objGord	它居然有四个半小时长？！
4803	objGord	计划是保持极简主义，这样我们能完成
4804	objGord	我坚持了这个计划，直到第二幕中途
4805	objGord	然后一切都不极简了
4806	objGord	我完全不擅长极简主义
4807	objGord	我在这个游戏里录制了24种不同乐器的现场演奏
4808	objGord	我根本不知道用了多少数字乐器
4809	objGord	很多
4810	objGord	哦，你知道游戏结尾的那首大曲子吗？
4811	objGord	就是大家一起唱的那首？
4812	objGord	我们找了个合唱团来唱
4813	objGord	但不是那种真正的合唱团
4814	objGord	我只是上推特问谁想给我们唱歌
4815	objGord	有75个人为我们唱歌！
4816	objGord	有些人用的是高级麦克风
4817	objGord	有些人对着手机和电脑唱
4818	objGord	有些人唱得非常美
4819	objGord	有些人唱得没那么好
4820	objGord	但大家都尽力了
4821	objGord	每个人都很用心
4822	objGord	而这就是《Wandersong》的意义所在
4823	objGord	每个人都在努力
4824	objGord	每个人都在用心
4825	objGord	一起创造出美好的东西
4826	objGord	即使那不是你觉得自己擅长的事情
4827	objGord	（那些说“我唱得很糟”的人其实完全错了）
4828	objGord	我开始做那首歌的那周
4829	objGord	我和妻子得知我们要有宝宝了
4830	objGord	我不知道你什么时候读到这些
4831	objGord	预产期是2019年|3月|4日，所以我们可能已经生了，也可能还没
4832	objGord	我真心希望一切顺利！
4833	objGord	你来了！
4834	objGord	我也在这儿
4835	objGord	我们做到了
4836	objGord	我们只是这个游戏的制作人
4837	objGord	你也能做很棒的事情
4838	objGord	只要去尝试
4839	objGord	并用心
4840	objGord	再见啦！
4841	objGraveyardghost	{rainbow}{wiggle}{background black}
4842	objGreg	嘿，我是Greg。
4843	objGreg	是我做了这个游戏！
4844	objGreg	很高兴见到你！
4845	objGreg	你真的是自己找到这里的吗？
4846	objGreg	你是上网查的吗？
4847	objGreg	就算是也没关系
4848	objGreg	不管怎样，|我有很多话想对你说
4849	objGreg	你能走到这里让我很感动
4850	objGreg	发自内心地...
4851	objGreg	我想说声谢谢你
4852	objGreg	谢谢你玩这个游戏！！！
4853	objGreg	这个游戏对我意义重大
4854	objGreg	我倾注了很多爱、|思考和努力进去
4855	objGreg	而这真的很特别...
4856	objGreg	去创造这样的东西并与人分享
4857	objGreg	我真心希望你喜欢
4858	objGreg	写下这些的时候，我完全不知道...
4859	objGreg	游戏发售后会发生什么
4860	objGreg	我不知道会有多少人玩它...
4861	objGreg	或者是否有人会发现这段信息
4862	objGreg	但只要有一个人在乎这个游戏...
4863	objGreg	对我来说就值得了
4864	objGreg	所以，我想这不仅仅是“谢谢游玩”...
4865	objGreg	更是谢谢你在乎
4866	objGreg	我希望有一天...
4867	objGreg	你也能创造些什么并分享出来
4868	objGreg	表达自己非常重要
4869	objGreg	世界需要听到你的声音！
4870	objGreg	你做得到
4871	objGreg	你很特别！
4872	objGreg	你值得被爱
4873	objGreg	我真的相信这一点
4874	objGreg	你想在这里待多久都可以
4875	objGreg	如果你继续和我聊天
4876	objGreg	我会聊聊做这个游戏的感受
4877	objGreg	如果你对这些感兴趣的话！
4878	objGreg	在开始做《Wandersong》之前
4879	objGreg	我骑自行车在美国跑了五个月
4880	objGreg	一路上我遇到了很多人...
4881	objGreg	做了些我原本以为自己做不到的事！
4882	objGreg	那时候我对生活和人性感到非常乐观
4883	objGreg	我想做个游戏来表达这种感受...
4884	objGreg	我做的第一样东西是彩虹音乐轮盘
4885	objGreg	就是那个，漂浮在空无一物的空间中
4886	objGreg	我想把控制器变成一个乐器
4887	objGreg	让它尽可能自然又好玩
4888	objGreg	当我看到它奏效时，更多的点子开始涌现...
4889	objGreg	然后像瀑布一样喷涌而出...
4890	objGreg	我花了一段时间才确定故事
4891	objGreg	我有一个剧情想法已经有一段时间了，但总觉得缺了点什么...
4892	objGreg	然后有一天我突然灵光一现，
4893	objGreg	地球之歌的概念浮现在我脑海中。
4894	objGreg	我记得当时还小小地哭了一下。
4895	objGreg	那是解开故事结构的关键。
4896	objGreg	我原来的剧情点子最后只变成了第五幕。
4897	objGreg	而《Wandersong》的世界开始成型。
4898	objGreg	第一幕在几个月内完成。
4899	objGreg	之后我对它做了无数次修改...
4900	objGreg	但基本上和现在的版本差不多。
4901	objGreg	我的朋友们玩了之后觉得它很有潜力。
4902	objGreg	我需要的是音效|和音乐。
4903	objGreg	我试着用自己的声音录制所有音效...
4904	objGreg	我也写了一些歌曲。
4905	objGreg	但游戏需要的，比我能提供的还要好。
4906	objGreg	简单来说，我意识到音频必须得非常棒。
4907	objGreg	这意味着我需要资金。
4908	objGreg	于是我把项目放到了Kickstarter上。
4909	objGreg	Kickstarter上的反响非常棒。
4910	objGreg	每个人都充满热情！
4911	objGreg	这个游戏很快就拥有了比我其他作品更多的同人创作。
4912	objGreg	有很多音乐人主动来找我合作。
4913	objGreg	这感觉非常特别...
4914	objGreg	即便如此，到最后我都不知道能不能成功。
4915	objGreg	而当我成功时...那感觉就像奇迹一样。
4916	objGreg	在每一步过程中，
4917	objGreg	我都觉得自己在做一件对我来说有点太大的事。
4918	objGreg	然后总是勉强完成。
4919	objGreg	那感觉非常...有力量。
4920	objGreg	我是通过一些朋友认识了Gordon。
4921	objGreg	他为《Parkitect》做的音乐感觉非常棒...
4922	objGreg	尽管资金有限、想法宏大，他依然相信《Wandersong》。
4923	objGreg	而且他是本地人！所以我们能密切合作。
4924	objGreg	经过长时间的寻找，我终于找到了我的音乐人。
4925	objGreg	Em是他雇的第一个人，|《Wandersong》是她的第一款游戏。
4926	objGreg	她为游戏带来了大量热情...
4927	objGreg	这让我感动不已。
4928	objGreg	...
4929	objGreg	于是，|我们开工了。
4930	objGreg	我们几乎是按顺序制作这款游戏的，
4931	objGreg	一幕接一幕。
4932	objGreg	我会冲在前面，|开发玩法和编写场景。
4933	objGreg	然后Em用音效为游戏注入生命。
4934	objGreg	一开始Gord忙于其他事务...
4935	objGreg	但他最后还是赶上了。
4936	objGreg	花了将近两年才做到游戏结局部分。
4937	objGreg	然后又花了好几个月来打磨、润色和修正。
4938	objGreg	关于这些我可以说个没完没了。
4939	objGreg	它占据了我整整三年的生活...
4940	objGreg	但我现在先到此为止。
4941	objGreg	谢谢你倾听。
4942	objGreg	我们在游戏中的一些场景里添加了一些评论笔记。
4943	objGreg	如果你想了解更多，可以去看看那些笔记！
4944	objGreg	然后...
4945	objGreg	{size 2}感谢游玩！
4946	objGreg	{}这对我意义重大。
4947	objGreg	比我能用语言表达的还要多。
4948	objGreg	...
4949	objGreg	{color red}{size 2}0
4950	objGuppy	啊，||你好。
4951	objGuppy	你来得正是时候...
4952	objGuppy	来见证终结。
4953	objGuppy	我们齐聚一堂，在此见证。
4954	objGuppy	这对我们精灵来说是个很特别的时刻。
4955	objGuppy	对整个宇宙来说|也是。
4956	objGuppy	好悲伤...
4957	objGuppy	但或许也不至于|太悲伤...
4958	objGuppy	一切事物终有结束之时。
4959	objGuppy	你好。
4960	objGuppy	你可能觉得我只是一条不起眼的鱼。
4961	objGuppy	但我||其实||还是一把钥匙。
4962	objGuppy	如果你看到我在四处游动...
4963	objGuppy	请把我带到上锁的门前。
4964	objGuppy	你会发现我比一般的鱼更有用。
4965	objGuppy	我能问一句吗...
4966	objGuppy	你是来见|混沌女王的吗？
4967	objBard	...那是||这里的统领吗？
4968	objGuppy	是的。
4969	objBard	她的名字真酷！
4970	objGuppy	我可以说是|她的小助手。
4971	objGuppy	但她最近表现得很奇怪。
4972	objBard	我见过的统领举止都挺奇怪的！
4973	objGuppy	嗯...
4974	objGuppy	你有没有想过...
4975	objGuppy	为什么统领们会表现得这么奇怪？
4976	objBard	他们不就是这样的吗？
4977	objGuppy	不。
4978	objGuppy	有些事很不对劲...
4979	objGuppy	这是|末日的征兆。
4980	objBard	噢！
4981	objBard	听起来不妙。
4982	objGuppy	...
4983	objGuppy	统领们出生时是完美的存在。
4984	objGuppy	他们代表维系世界的自然力量。
4985	objGuppy	但||随着宇宙的衰老...
4986	objGuppy	他们变得阴郁...||迷失了方向...
4987	objGuppy	他们的腐化逐渐蔓延，
4988	objGuppy	于是世界也开始分崩离析。
4989	objBard	嗯...|听起来确实很糟！
4990	objGuppy	...
4991	objGuppy	{size 1.2}所以，||请告诉我...
4992	objGuppy	你是来||完成{wiggle .5}仪式{/wiggle}的吗？
4993	objBard	？
4994	objBard	我不知道那是什么...
4995	objGuppy	...
4996	objBard	我是来学习地球之歌的！
4997	objGuppy	噢。
4998	objGuppy	|||我明白了。
4999	objGuppy	...
5000	objGuppy	好吧，别在意。
5001	objGuppy	请进吧。
5002	objGuppy	{size 1.2}混沌女王可能很难相处。
5003	objGuppy	但是||只要遵守她的规则...
5004	objGuppy	并且礼貌对待她...
5005	objGuppy	她就会回应你的请求。
5006	objGuppy	{size 1.2}你已经在我的帮助下走了这么远。
5007	objGuppy	我希望我能证明...
5008	objGuppy	我真的比一般的鱼更有用。
5009	objGuppy	嗯，|无论如何...
5010	objGuppy	我来给你开门。
5011	objHala	吟游者...
5012	objBard	嗯？
5013	objBard	那是什么？
5014	objHala	吟游者！
5015	objBard	什什什什什||{quake}{shake}什么？？？？
5016	objHala	{}是我！
5017	objHala	那个公主！
5018	objHala	你遇到的那个幽灵...
5019	objHala	你向国王传达了我的信息...
5020	objBard	噢。
5021	objBard	你吓我一大跳！
5022	objHala	是的，|嗯，
5023	objHala	这很难不吓到人
5024	objHala	尤其是你已经死了的时候...
5025	objHala	求求你，|听我说...
5026	objHala	我被困在了你的身体里
5027	objHala	而且，||我仍然需要你的帮助...
5028	objHala	但是，|我也可以||帮助你。
5030	objHala	那位女王。
5031	objHala	你需要和她谈谈，|对吧？
5032	objHala	那是||我妈妈。
5033	objHala	我也需要和她谈谈。
5034	objHala	在明天的入侵之前...
5037	objHala	但是|要见她可不容易。
5038	objHala	莫哈布米是巫师的国度。
5039	objHala	而你...||不会魔法，|对吧？
5040	objBard	不会...
5041	objHala	是啊...
5042	objHala	但如果我们合作，
5043	objHala	我觉得我们能想出办法。
5044	objBard	我喜欢团队合作！
5045	objHala	这对我挺新鲜的。
5046	objHala	但是，|死了对我来说也一样...
5047	objHala	但我猜它也没能阻止我。
5048	objHala	对不起，||关于，|呃...
5049	objHala	入侵了你的身体...
5050	objHala	还被困在了里面...
5051	objHala	那真的很无礼。
5052	objHala	你已经为我做了很多。
5053	objHala	我意识到我的要求可能||太多了...
5054	objBard	{}没关系！
5055	objBard	{}而且听起来|我们也需要你的帮助！
5056	objHala	大概吧。
5057	objHala	顺便，|我叫哈拉。
5059	objHala	城市就在前面了...
5060	objEduard	{shake .6}我们快到了，|各位。
5061	objEduard	作为船长，|我建议...
5062	objEduard	大家准备下船。
5063	objHala	嘿...
5064	objHala	你能看见我，|对吧？
5066	objHala	我想我可以通过倒影说话...
5067	objHala	这还挺方便的。
5068	objHala	如果你要去见女王...
5069	objHala	我知道可以从哪里开始。
5070	objHala	我妹妹在附近读书。
5072	objHala	她可能知道通往宫殿的路。
5073	objHala	我把她标在你的地图上，|好吗？
5074	objProtul	咳！||打扰一下！
5075	objProtul	请不要对着镜子说话！
5076	objProtul	那...|||看着很吓人。
5077	objBard	但我什么都没说啊...
5078	objProtul	我清楚听见了你的声音！
5079	objHala	{size .6}（哎呀。）
5080	objHala	（其他人也能听得到？）
5081	objHala	（做幽灵这种事还是得适应一下...）
5082	objProtul	{size 1}{shake}咳咳！{/shake}
5083	objHangdrum	哇哈哈！
5084	objHappyvisor	{wiggle}我们到了！{/wiggle}
5085	objHappyvisor	是不是很美妙？？？
5086	objHappyvisor	现代机械完美和谐地运转！！！
5087	objHappyvisor	这让我感到无比喜悦...
5088	objHappyvisor	...
5089	objHappyvisor	好啦！||让我告诉你你的任务！！！
5090	objHappyvisor	{quake}{shake}首先！{/shake}||从这一堆煤里拿一块！
5091	objHappyvisor	{quake}{shake}然后！{/shake}||把它扔进炉子里！！！
5092	objHappyvisor	最后重复！
5093	objHappyvisor	你记得住吗？？？
5094	objBard	能|再|说|一|遍|吗？
5095	objBard	明|白！
5096	objHappyvisor	这就对了！！！
5097	objHappyvisor	好！！！
5098	objHappyvisor	让我们引以为傲吧！
5100	objHappyvisor	男爵先生就在楼上！
5101	objHappyvisor	{wiggle}嘿嘿！{/wiggle}||你一定很激动吧！
5102	objHappyvisor	我们以前从没有过这样的骚乱...
5103	objHappyvisor	但是别{shake .4}太{/shake}||担心...
5104	objHappyvisor	男爵先生可是很和蔼的...
5105	objHappyvisor	嘿嘿！
5106	objHappyvisor	嘿||嘿...
5107	objHappyvisor	{wiggle}嘿嘿！{/wiggle}||我好兴奋呀！
5108	objHappyvisor	我敢肯定，|||你会在这里工作得很开心的！
5109	objHappyvisor	在这家工厂里，|我们生产{wiggle}快乐孩子！{/wiggle}
5110	objHappyvisor	这是世界上最快乐的娃娃！|也是所有人最爱的玩具！
5111	objHappyvisor	可以说|我们就像一个巨大的快乐家庭！|嘻嘻
5112	objHappyvisor	{shake .5}就快到了！！！{/shake}
5113	objHappyvisor	呃。
5114	objHappyvisor	打|{wiggle}扰{/wiggle}一下！
5115	objHappyvisor	但是你绝对不应该在这里！
5116	objHappyvisor	{shake .5}立刻回到你的岗位...||{quake}马上！！！
5117	objHappyvisor	嘿嘿！
5118	objHappyvisor	我在笑...
5119	objHappyvisor	{quake}{shake}但这一点也不好笑！！！{/shake}
5120	objHappyvisor	{shake .5}你正在扰乱我们工厂的秩序！！！
5121	objHappyvisor	立刻停下！
5122	objHappyvisor	{quake}{shake}听见没有！！！{/shake}
5123	objHappyvisor	你要是再不停下会惹大麻烦的！！！
5124	objHappyvisor	嘿嘿...
5125	objHappyvisor	{size 1.2}{quake}{shake}打扰||一下！！！
5126	objHappyvisor	{size 1}{shake .6}你...
5127	objHappyvisor	{size 1.2}{shake}{quake}小|捣蛋鬼！！！
5128	objHappyvisor	{size 1}{shake .6}你造成了相当大的混乱...
5129	objHappyvisor	男爵先生要和你谈谈！！！
5130	objHappyvisor	现在马上去他的办公室...
5131	objHappyvisor	{shake}够了！！！
5132	objHappyvisor	{}...
5133	objHappyvisor	你的班结束了！
5134	objHappyvisor	现在让我们看看你的表现...
5135	objHappyvisor	在这个{shake}{quake}奖励界面上！！！{/shake}
5136	objHappyvisor	...
5137	objHappyvisor	你干的...
5138	objHappyvisor	{quake}{size 1.5}{shake 1.5}{color #FF0000}太糟了！！！！！！！！{/shake}
5139	objHappyvisor	{}完全不合格！
5140	objHappyvisor	但别担心！
5141	objHappyvisor	下次再来！
5142	objHappyvisor	我们会教你如何成为一名||快乐的工人...
5143	objHappyvisor	我甚至会免费给你升一级，|看见没？
5144	objHappyvisor	{shake}哇哦！！！||{/shake}干得好！
5145	objHappyvisor	我知道你想在这不眠不休地工作一辈子...
5146	objHappyvisor	但好的工人要学会休息！
5147	objHappyvisor	回去明天再来！！！
5148	objHappyvisor	{shake}{quake}想来工厂工作吗？！{/shake}
5149	objHappyvisor	||哎嘿...|嘿嘿...
5150	objHappyvisor	{shake}我不知道该怎么办！！！{/shake}
5151	objHappyvisor	男爵先生为什么要关闭工厂？
5152	objHappyvisor	{quake}{shake}你对他说了什么！！！{/shake}
5153	objHappyvisor	...
5154	objHappyvisor	{wiggle}嘿嘿...{/wiggle}
5155	objHappyvisor	...|我会做他最忠实的仆人，直到最后...
5156	objHappyvisor	生产线一定会|回来的！
5157	objHappyvisor	那时会有更好的玩具！
5158	objHappyvisor	快乐孩子...|只个是开始...
5159	objHappyvisor	{wiggle}嘿嘿...{/wiggle}
5160	objHappyvisor	喂，|{wiggle}嘿那边的小子{/wiggle}|！||！||！
5161	objHappyvisor	你看起来年少有为！
5162	objHappyvisor	嘿嘿！
5163	objHappyvisor_time	今天想来|{wiggle}工厂{/wiggle}|||上班吗？？？
5164	objBard	不|了|谢|谢。
5165	objBard	好|吧！
5166	objHappyvisor	...
5167	objHappyvisor	哦||{shake}{quake}太好了！！！{/shake}
5168	objHappyvisor	这边请！！！
5169	objHappyvisor	...
5170	objHappyvisor	好吧，||你{quake}{shake}不行！！！{/shake}
5171	objHappyvisor	你得空着手来干活！！！
5172	objHappyvisor	所以|{shake .5}扔掉那个||{shake}{quake}垃圾{/shake}||再回来！！！
5173	objHauntghost	{rainbow}{wiggle}{background black}{data_ghostsongstr}
5174	objHeartfairy	{shake .5}汪！！！{/shake}
5175	objHeartfairy	...||心之王终究没能回来...
5176	objBard	啊！
5177	objBard	我很抱歉...
5178	objBard	我真的尽力了。
5179	objHeartfairy	没关系！！！
5180	objHeartfairy	|||失去你的统领...
5181	objHeartfairy	是做精灵的一部分！！！
5182	objHeartfairy	虽然很难过！！！
5183	objHeartfairy	但我早就预料到了！！！
5184	objHeartfairy	和大家聊聊天...
5185	objHeartfairy	让我感觉好多了！！！
5186	objHeartfairy	我知道一切都会好起来的！！！
5187	objBard	...
5188	objBard	我还是很抱歉。
5189	objBard	但是，||我很高兴你没事！
5190	objBard	精灵聚会很常见吗？
5191	objBard	像这样？
5192	objBard	所有精灵聚在一起？
5193	objHeartfairy	不！！！
5194	objHeartfairy	能见到其他精灵太酷了！！！
5195	objHeartfairy	我一个都不认识！！！
5196	objHeartfairy	我们从来没机会一起玩！！！
5198	objBard	哦！
5199	objBard	你平时只和你的统领在一起？
5200	objHeartfairy	是的！！！
5201	objHeartfairy	直到||他们死去！！！
5202	objBard	哇！
5203	objBard	精灵们和统领是从哪里来的？
5204	objHeartfairy	嗯！！！
5205	objHeartfairy	嗯...
5206	objHeartfairy	精灵是由统领创造的！！！
5207	objHeartfairy	不过我们没有他们那么古老！！！
5208	objHeartfairy	统领就像是...
5209	objHeartfairy	星球的一部分！！！
5210	objHeartfairy	世界存在时他们就存在！！！
5211	objHeartfairy	而当他们死去时世界也会灭亡！！！
5212	objHeartfairy	他们是不同实体的想法...
5213	objHeartfairy	是...
5214	objHeartfairy	一种错觉！！！
5215	objHeartfairy	他们其实是同一个存在！！！
5216	objBard	啊。
5217	objHeartfairy	实际上！！！
5218	objHeartfairy	万物的分离...
5219	objHeartfairy	是一种错觉！！！
5220	objHeartfairy	我们都是同一个整体的一部分！！！
5221	objHeartfairy	你以为自己内在的所有东西...
5222	objHeartfairy	其实都受外在力量的影响！！！
5223	objHeartfairy	而那些力量也受你影响！！！
5224	objHeartfairy	因为它们都是相互关联的！！！
5225	objHeartfairy	而你的感官，让你认为不是这样...
5226	objHeartfairy	它们在{shake .5}说谎！！！{/shake}
5227	objBard	啊。
5228	objBard	我不确定这是否真的回答了我的问题。
5229	objBard	不过，谢谢你！
5230	objHeartfairy	{shake .5}汪！！！{/shake}
5231	objBard	...
5232	objHero	这是...||统领的城堡吗...？
5233	objHeartfairy	是的！！！
5234	objHeartfairy	{size .6}{shake}而我...||是心之精灵！！！{/shake}
5235	objBard	为什么这个洞穴里有一座城堡？
5236	objHeartfairy	我不知道！！！
5237	objHeartfairy	那为什么这座城堡里|有个洞穴？？？
5238	objHero	哦。
5239	objHero	那是因为|灵界崩塌了...
5240	objHero	所以那里的东西都被推到这里来了。
5241	objHeartfairy	汪！！！
5242	objHeartfairy	看起来你...||了如|指爪！！！
5243	objHero	{size .5}呃。{/size}
5244	objHero	等等！||所以，|这是不是意味着...
5245	objHero	统领在这里？
5246	objHeartfairy	不！！！
5247	objHeartfairy	他...||离开了！！！
5248	objHeartfairy	这些奇怪的事情一下子都发生了！！！
5249	objHeartfairy	心之王生病了！！！
5250	objHeartfairy	然后开始表现得奇怪...
5251	objHeartfairy	还制造出怪物！！！
5252	objHeartfairy	然后我们现在在一个洞穴里？？？
5253	objHeartfairy	然后他逃走了！！！
5254	objHeartfairy	我不知道我该做什么！！！
5255	objHero	你什么都不用做。
5256	objHero	心之王已经无药可救了。
5257	objHero	唯一能做的事情...
5259	objHero	是结束他的痛苦。
5260	objBard	{shake}哇等等！！！
5261	objBard	{shake}奥黛丽！！！
5262	objBard	你承诺过...
5263	objBard	不杀统领的！！！
5264	objHero	没错。||是这样...
5265	objHero	但是...||我们{shake .5}该{/shake}|怎么办？
5266	objHero	你觉得这样更好吗？
5267	objHero	心之王变成了|{shake .5}野兽，{/shake}|||四处潜伏
5268	objHero	等一下。
5269	objHero	心之王是...||一只巨大的黑狼怪物？
5271	objHeartfairy	是的！！！
5272	objHeartfairy	嗯...|现在是！！！
5273	objHeartfairy	但他以前很友善！！！
5274	objHero	所以我们之前看到的那个怪物...
5275	objBard	{shake .5}那{/shake}|原来是心之王？？？
5277	objHeartfairy	你...？
5278	objHeartfairy	真的吗？？？
5279	objHeartfairy	你打算||{shake}杀了他？？？{/shake}
5280	objBard	不！
5281	objBard	我们会找到...||另一种方法！
5282	objBard	对吧，|奥黛丽？
5283	objHero	...
5284	objHero	你打算做什么？|{shake .5}唱歌{/shake}给他听？
5285	objBard	也许！
5287	objHero	那太荒谬了！
5288	objHeartfairy	那也许有效！！！
5289	objHeartfairy	心之王|真的很喜欢音乐！！！
5290	objHeartfairy	如果他还有一点自我存在...
5291	objHeartfairy	并且你倾注|{wiggle}所有{/wiggle}|你的心意...|！！！
5292	objHeartfairy	他也许会有所回应！！！
5293	objHeartfairy	值得一试！！！
5294	objBard	是的！！！
5295	objBard	看吧，|奥黛丽！
5296	objBard	我们必须尝试！
5297	objHero	...
5298	objBard	而且...||你{shake .5}答应过！{/shake}
5299	objHero	好吧！
5300	objHero	好吧，|没问题！
5301	objHero	我们照你的方式做。
5302	objHero	也许...
5303	objHero	也许，|它最终会奏效。
5304	objHero	那就太好了...
5305	objHeartfairy	汪！！！
5306	objHeartfairy	你让我感觉很好！！！
5307	objHeartfairy	你是|英雄吗？？？
5308	objBard	哦，|不是！
5309	objBard	那是奥黛丽！
5310	objBard	但你真的觉得...
5311	objBard	我看起来像个英雄吗？！
5312	objHeartfairy	是的！！！
5313	objHeartfairy	我喜欢你！！！
5314	objBard	哇！
5315	objBard	我也喜欢你！！！
5316	objHeartfairy	心之王真的很好！！！
5317	objHeartfairy	或者至少，|他曾经是！！！
5318	objHeartfairy	他是最甜美、|最有爱心的
5319	objHeartfairy	{shake .5}最善良的{/shake}|小狼！！！
5320	objHeartfairy	他爱所有人，从不会伤害任何人！！！
5321	objHeartfairy	哇哦，|我好担心他！！！
5322	objHeartfairy	他为什么开始变得这么奇怪？？？
5323	objHeartfairy	你觉得他会没事吗？？？
5324	objBard	我不知道！
5325	objBard	|但是...
5326	objBard	我们会尽一切所能帮他！
5327	objBard	我和奥黛丽...||有一个非常特别的约定！
5328	objBard	我们现在正在一起合作！
5329	objHeartfairy	|||好吧！！！
5330	objHeartfairy	天啊我好激动！！！
5331	objHeartfairy	我真的希望你们能帮到他！！！
5332	objHeartfairy	并把他带回来！！！
5333	objHeartfairy	他是我在整个宇宙中最特别的朋友！！！
5334	objHeartfairy	他喜欢汪汪叫、玩耍和嚎叫...
5335	objHeartfairy	而且|{shake}不会{/shake}|制造邪恶的怪物！！！
5336	objHeartfairy	（尽管他现在这么做了！！！）
5337	objHeartfairy	如果你能让他恢复正常...
5338	objHeartfairy	我觉得一切都会好起来的！！！
5340	objHero	好吧，|已经够了！
5341	objHero	你和...||{shake .5}所有东西{/shake}都说这么多话吗？？？
5342	objHero	我们得赶紧行动了！
5343	objBard	（好吧...||再见！）
5344	objHeartfairy	（再见！！！）
5352	objHermes	魔法到底有什么意义？
5353	objHermes	我会毫不犹豫地放弃它...
5354	objHermes	如果它能让我找回女朋友。
5355	objHermes	嗯。|大概吧。
5356	objHermes	我想我得考虑一下。
5357	objHermes	当我女朋友甩了我时...
5358	objHermes	魔法怎么没来帮我？
5359	objHermes	这就是我想问的。
5360	objHermes	我能飞还能在墙上走...
5361	objHermes	但是，|女人？||我就是不懂她们。
5362	objHermes	话说，|做个巫师并不会让生活变得轻松。
5363	objHermes	我一直在想这个。
5364	objHermes	人们以为魔法能解决你所有的问题。
5365	objHermes	但我有很多问题。
5366	objHermes	我希望它能解决我所有的问题。
5367	objHero	好了，|小跟班们！
5368	objHero	兴奋吗？
5369	objHero	紧跟在我后面。
5370	objBard	啊！！
5371	objMiriam	嘿！
5372	objMiriam	振作点...
5373	objMiriam	我们快到了。
5374	objHero	...
5375	objHero	你真的觉得唱歌会有用吗？
5376	objBard	是的！
5377	objBard	这||肯定有用！
5378	objHero	...
5379	objHero	我希望你是对的。
5380	objHero	这也是为了我们俩好。
5381	objHero	还记得日月统领们吗？
5382	objHero	当统领濒死时，|他们会个性全无...
5383	objHero	连形体都保不住...
5384	objHero	到最后，|就什么都认不出来了。
5385	objHero	所以，|哪怕心之王曾经热爱音乐...
5386	objHero	现在无法保证他那部分还存在着。
5387	objBard	啊！||不可能的！
5388	objBard	音乐是...||不会消亡的，|奥黛丽！
5389	objBard	你会明白的！
5390	objHero	嘿，|等一下...
5391	objHero	你的...||那位巫师朋友呢？
5392	objBard	哦，|米莉安？
5393	objBard	你...|打伤了她。
5394	objBard	还记得吗？
5395	objHero	哦。
5396	objHero	好吧，|那时候你们俩真的很乱来啦。
5397	objHero	居然把那些生物放出了灵界。
5399	objHero	而且她对我的态度也很差啊。
5400	objHero	但你||没那么糟。
5401	objHero	我还挺意外你居然让她一直跟着你。
5402	objHero	她态度这么差，|肯定总让人扫兴...
5403	objBard	嘿。
5404	objBard	...
5405	objBard	别那么说米莉安。
5406	objBard	她是我的朋友。
5407	objBard	而且...
5408	objBard	我还因为你伤了她而生气呢。
5409	objBard	我|{shake}很讨厌{/shake}||你称自己为英雄！
5410	objBard	你的表现完全就是个大恶霸！
5411	objBard	每当遇到问题时...
5412	objBard	你所做的都是在伤害别人。
5413	objBard	你这算什么英雄！
5414	objBard	还有你对米莉安做的事...
5415	objBard	简直||糟糕透了！
5416	objBard	她只是想帮我的朋友们。
5417	objBard	她和我在一起拯救世界！
5418	objBard	她是个好人！
5419	objBard	你没必要对她下手，|奥黛丽！
5420	objBard	那...|简直坏透了！
5421	objHero	...
5422	objHero	...|||对不起。
5423	objHero	我为伤了你朋友道歉。
5424	objBard	...
5425	objBard	你在道歉？
5426	objHero	我||只是在尽力。
5427	objHero	去做好一个英雄。
5428	objHero	做正确的事。
5433	objHero	也许||我做得过头了。
5434	objHero	她还好吗？
5435	objBard	我不清楚...
5436	objHero	...
5437	objBard	她回家去了。
5438	objBard	但我想她会没事的。
5439	objBard	我只是希望她现在能在这里...
5440	objHero	...
5441	objBard	你用那把剑做的事...
5442	objBard	并不都是对的。
5443	objBard	我知道你打败了很多怪物，救了不少人。
5444	objBard	但是||你也伤了我们|不少。
5445	objBard	我觉得|||你没了它也挺好的...
5446	objBard	你不需要它也能当英雄。
5447	objBard	你会明白的
5448	objBard	我们一起合作！
5449	objBard	去拯救心之王吧！
5450	objHero	我希望你是对的。
5451	objHero	你已经让我惊讶过了...
5452	objHero	所以我想，现在这个时候，
5453	objHero	我什么都愿意相信了。
5454	objHero	没有我的剑，我也帮不上什么忙。
5455	objHero	所以，
5456	objHero	虽然这听起来很可怕...
5457	objHero	但我的命运就交给你了。
5458	objHero	...
5459	objHero	{size .7}（我到底把自己搞进了什么局面...）
5460	objHero	我简直不敢相信我们能摆脱这一切。
5461	objHero	当我发现我的剑不见了...
5462	objHero	||...我以为我完了。
5463	objHero	没有它我感觉像是赤裸着。
5464	objHero	即使我们离开这里...
5465	objHero	我也不知道没有剑我能做什么。
5466	objHero	我希望它还在山顶上。
5467	objBard	你到底为什么需要它？
5468	objBard	你不再去杀统领了！
5469	objHero	不只是那样。
5470	objHero	它是我力量的源泉！
5471	objHero	没有它...||我基本上什么都不是。
5472	objBard	奥黛丽...|不是这样的！
5473	objBard	你的剑不是让你出色的原因！
5474	objHero	嗯，|我的剑让我能释放闪电。
5475	objHero	我觉得那挺厉害的。
5476	objBard	你以前是怎样的...
5477	objBard	...|在你知道自己是英雄之前？
5478	objHero	在我成为英雄之前...
5479	objHero	||没人关心我。
5480	objBard	没人？
5481	objHero	他们为什么要关心？
5482	objHero	我是说，|我很强壮，|聪明，|漂亮...
5483	objHero	但是...||很多人也是这样。
5484	objHero	那不是让人关心你的原因。
5485	objBard	...
5488	objHero	当我得到剑时...
5490	objHero	那时候|他们才开始在乎。
5491	objHero	所以，|艾娅拉在梦中测试了你，|对吧？
5492	objBard	是啊！
5493	objBard	她也|测试你了吗？
5494	objHero	是啊。
5495	objHero	当世界末日临近时...
5496	objHero	我觉得世界上每个人都会做那个梦。
5497	objHero	他们就是这样找到英雄的。
5498	objBard	...|每个人？
5499	objHero	每个人。
5500	objHero	他们也都|被告知世界即将毁灭。
5501	objHero	但大多数人之后会忘记这件事。
5502	objHero	或者把这个事情抛之脑后。
5503	objHero	这是很难接受的事情。
5504	objHero	话说你怎么和虫子成了朋友？
5505	objBard	我只是非常非常小心！
5506	objBard	大家都会不经意踩到虫子...
5507	objBard	你能想象那是什么感觉吗？
5508	objHero	什么，|踩虫子的感觉？
5509	objBard	不是！||是被踩到的感觉！
5510	objHero	听起来相当痛苦。
5511	objBard	不仅仅是痛苦...
5512	objBard	这很悲伤...||当没人关心你的时候。
5513	objBard	所以我不踩虫子，|奥黛丽！
5514	objHero	就因为这样，|它们就是你的朋友？
5516	objBard	没错！
5517	objBard	关心别人能带来很大的改变！
5518	objHero	...
5519	objHero	你怎么会在乎...
5520	objHero	这么微不足道的东西...|比如虫子？
5521	objHero	你又怎么知道它们会帮你？
5522	objBard	啊？||我根本不知道它们会帮我！
5523	objBard	那不是我关心它们的原因，|奥黛丽。
5524	objBard	我关心它们，因为它们是生命！
5525	objBard	即使它们从未帮过我...
5526	objBard	它们也值得被关心。
5527	objHero	...
5528	objHero	你||真是...
5529	objHero	...
5530	objHero	|单纯。
5531	objBard	嗯。
5532	objBard	大概是吧！
5533	objHero	我们走吧...
5534	objBard	呃...
5535	objBard	你...
5536	objHero	{shake}啊啊啊！！！！{/shake}
5537	objHero	{shake .3}啊...
5538	objHero	我...
5539	objHero	{shake}我这是在哪？！
5540	objHero	{shake .75}我的剑呢？！
5541	objHero	我把它弄丢了吗？！
5542	objHero	啊，{/shake}|对了！||那只怪物！
5543	objHero	我喝下了药水，||然后...
5544	objHero	我要去找找出去的路。
5545	objBard	呃！...
5546	objHero	{shake}这里彻底塌方了！！！
5547	objHero	{shake}我们|被困住了！！！
5548	objHero	而且我的剑不见了！！！
5550	objHero	{shake}你！！！
5551	objHero	你毁了||{quake}一切！
5552	objHero	跟往常一样！！！
5553	objHero	而现在...
5554	objHero	|||{shake .2}而||现在...
5555	objHero	{/shake}我们出不去了。
5556	objHero	...
5557	objHero	...
5558	objHero	我们真有可能会死在这里。
5559	objHero	...
5560	objHero	{shake}我||{/shake}可能真的会死在这里...
5561	objHero	英雄。
5562	objBard	你...||{wiggle}什么都做不了吗？{/wiggle}
5563	objHero	没有我的剑就不行。
5564	objBard	哦！
5565	objBard	那||彩虹女孩呢？
5566	objHero	|谁？
5567	objBard	彩虹女孩！
5568	objBard	你知道的...|艾娅的信使！
5569	objHero	你是说艾娅拉？
5570	objBard	{shake}她有名字？！
5571	objHero	{}...
5572	objHero	她不会来帮忙的。
5573	objHero	在钱德什的时候...
5574	objHero	我让她走了。
5575	objHero	||...而且永远别再回来。
5576	objBard	你为什么要那样做？
5577	objHero	...
5578	objHero	...
5579	objHero	...|她...
5580	objHero	...|{wiggle}她让我很心烦。{/wiggle}
5592	objHero	她喜欢操控别人。
5594	objHero	她|{wiggle}本该{/wiggle}|是来指导我的...
5595	objHero	但她只会告诉我该做什么！
5596	objHero	却从不让我自己思考。
5598	objHero	好像她自己很懂似的！
5599	objHero	据我所知，|我才是英雄，|而不是她。
5616	objHero	真正的英雄|不该总是被人指挥着！
5617	objHero	如果你只是听从别人的话...
5618	objHero	那你永远无法为自己做决定。
5619	objHero	那太羞辱人了！
5620	objHero	你大概不会懂的。
5621	objHero	艾娅拉也不会懂。
5622	objHero	她只是一味地告诉我该干什么，||该去哪里。
5623	objHero	但我可不是她的傀儡。
5624	objHero	拯救世界是我的任务。
5627	objHero	所以我赶走了她。
5628	objBard	她也让我很心烦！
5629	objBard	她说||{wiggle}我{/wiggle}|能拯救世界...
5631	objBard	只要见到所有的统领，
5632	objBard	并唱出那首地球之歌。
5640	objBard	还说我很特别，|她一直都很信任我。
5642	objBard	但感觉完全不是那么回事。
5643	objBard	统领们都这么快地死去...
5644	objBard	无论我做什么，都变得越来越糟糕。
5648	objHero	当我问起你的时候，
5649	objHero	她说...
5650	objHero	{angel}“别担心那个小吟游诗人啦！”
5651	objHero	{angel}“地球之歌完全是编出来的...”
5652	objHero	{angel}“根本不可能成功的”
5653	objHero	{angel}“你才是真正的英雄！”
5656	objBard	{}她...|她这么说的？
5658	objHero	我还以为她也是这么对你说的！
5659	objHero	所以我真不明白你为什么还在坚持...
5660	objHero	现在看来明白了。
5661	objHero	她只是|||在骗你。
5662	objBard	不...
5663	objBard	她对我们||说了不同的话。
5664	objBard	也许是她骗了|{wiggle}你呢！{/wiggle}
5665	objBard	又或许骗了我们两个！
5666	objHero	||她绝不会骗我！
5667	objHero	我||可是英雄！
5669	objHero	她只是说了|{wiggle}你{/wiggle}||想听的话而已。
5670	objBard	...
5671	objHero	...
5672	objHero	所以...
5673	objHero	是她告诉你...
5675	objHero	你|{wiggle}不是{/wiggle}|英雄的吗？
5676	objBard	是啊...
5677	objBard	她考验了我，
5678	objBard	我想，|是用的你那把剑吧。
5679	objBard	但我用不了它...
5680	objHero	哦。
5681	objBard	你一定非常特别...
5682	objBard	特别到能用那把剑...
5683	objBard	我想...
5684	objBard	这||让我有点...
5685	objBard	||嫉妒。
5686	objHero	真的吗？
5687	objBard	我|真的很害怕...
5688	objBard	关于世界的终结...
5689	objBard	我希望我能做些什么来阻止它...
5690	objBard	我想做出改变。
5691	objBard	但我太渺小了...
5692	objBard	太微不足道了...
5693	objBard	你||可以改变这一切。
5694	objBard	你能成就一些事情。
5695	objBard	但你却用你的力量...
5696	objBard	去杀死统领们...
5698	objBard	我不想放弃这个世界...
5700	objBard	感觉不该就这么结束一切。
5702	objBard	我希望||这能够是|我|的选择。
5703	objHero	好吧，|那我放心了。
5704	objBard	||啊？
5705	objHero	考虑到艾娅拉的这些谎言...
5706	objHero	我曾有一瞬间想过...
5707	objHero	呃，|虽然很离谱，||但...
5709	objHero	她让我觉得...||我可能并不是英雄。
5710	objHero	在这一切开始之前，
5711	objHero	我也和你有一样的感觉。
5712	objHero	渺小，||脆弱...
5713	objHero	|||{wiggle}平庸。{/wiggle}
5714	objHero	当英雄并不容易！
5715	objHero	你得知道如何行动...
5720	objBard	{shake}你到底有没有在听我说话？！{/shake}
5721	objBard	你对此就没有什么想说的吗？
5723	objBard	让世界毁灭？
5724	objBard	你对此没意见吗？
5725	objHero	呃，|我不知道！
5726	objHero	世界||就是这样运作的...
5728	objBard	你怎么知道世界就是这样的？
5729	objBard	你自己说艾娅拉撒了谎...
5730	objBard	如果那也是其中一个谎言呢？
5731	objBard	...
5732	objHero	...
5733	objHero	...
5734	objHero	我知道。||因为...
5735	objHero	我||是英雄...
5739	objBard	但如果这一切都是编出来的呢？
5740	objBard	你说过你担心自己不是英雄。
5741	objHero	你还没让我说完。
5742	objBard	但如果你不是呢？
5743	objHero	我是。
5744	objHero	我能用那把剑|而你不能。
5745	objHero	就是这样。
5746	objBard	为什么用得了剑就成了英雄？
5747	objHero	因{shake}|为|{quake}{shake 1.2}这就是{shake}||事情|{shake 1.2}{quake}的规则！{/shake}
5748	objHero	哼！||听着...|随便吧。
5749	objHero	我不在乎你是否觉得我是英雄。
5750	objHero	这完全不重要。
5751	objHero	好吧？
5752	objHero	这对我们的处境没有任何改变。
5753	objBard	...
5754	objBard	我们真的被困住了，|对吧？
5755	objHero	是啊。
5756	objBard	...
5757	objHero	...
5758	objBard	...
5759	objHero	...
5760	objHero	...好吧。
5761	objHero	你真的想知道真相吗？
5762	objHero	我||{shake .5}确实{/shake}|很害怕。
5763	objHero	关于终结这个世界。
5764	objHero	有一点吧。
5765	objHero	但是...||那就是英雄应该做的事！
5766	objHero	我不能让我小小的恐惧控制我。
5767	objHero	即使，|有时候，||那意味着...
5770	objHero	|||假装。
5775	objHero	我不能对艾娅拉说这些。
5776	objHero	因为那样她就会认为我不是英雄。
5777	objHero	如果她改变主意了呢？|把我的剑收回去呢？
5779	objHero	我不能就这么||回到默默无闻的状态...
5791	objBard	但是...
5792	objBard	既然她已经离开了...
5793	objBard	而且||你现在可以真正做出自己的决定...
5794	objBard	你其实...||{shake .5}不必{/shake}|这样做，|对吧？
5795	objBard	如果这不是拯救世界的正确方式怎么办？
5796	objBard	你有考虑过吗？
5797	objBard	你真的还想这么做吗？
5799	objHero	是的。
5802	objHero	我从各个角度都考虑过了。
5803	objHero	而且...||这是唯一的选择。
5810	objBard	我已经分不清什么是真实的，
5811	objBard	什么只是她说出来的东西。
5812	objBard	但如果还有一线希望...
5813	objBard	哪怕只是微小的一线...
5814	objBard	世界也许不必终结，
5815	objBard	而一切也许都会好起来...
5816	objBard	难道不值得尝试一下吗？
5817	objBard	...|奥黛丽？
5818	objHero	...
5819	objBard	那是什么声音？？？
5820	objHero	...
5821	objHero	所以...？
5822	objHero	你要去看看吗，|还是说？
5823	objBard	我还是希望你能回答我的问题！
5824	objBard	关于终结世界的！
5825	objHero	||当然。
5826	objHero	但你最好先去查查那个声音。
5827	objHero	||那些岩石可能会再次坍塌...
5828	objHero	...
5829	objMiriam	你||在干什么？？
5830	objBard	{size .7}{shake .5}那是|幽灵的信息...
5831	objBard	它知道我们离国王很近了...
5832	objBard	{shake .5}我觉得它||想从我体内出来...{/shake}
5833	objMiriam	好吧，那...||确实||挺吓人的...
5834	objHero	{size 1}你们两个还好吗？
5835	objBard	{shake .25}嗯！|没问题！
5836	objBard	哈哈。{/shake}
5837	objHero	呃...||好吧。
5838	objHero	{wiggle}尽量{/wiggle}|跟上好吗？
5839	objHero	哦，|{wiggle}你在这儿{}|啊！
5840	objHero	你们可真慢啊！
5841	objHero	你们是睡着了吗？
5842	objHero	你们差点让我迟到了...
5843	objHero	我没时间听你们那些搞笑的借口。
5844	objHero	重点是...
5845	objHero	你们没拿到，|对吧？
5846	objMiriam	嗯！||不，|就在这里呢。
5847	objHero	|...||真的吗？
5848	objMiriam	把东西给她看，|{name}。
5849	objHero	...|啊。
5850	objHero	嗯...
5851	objHero	干得不错！
5852	objHero	这真是帮了大忙。
5853	objMiriam	小意思！
5854	objMiriam	那么现在...||你会带我们去见国王了，|对吧？
5855	objHero	|||当然！
5856	objHero	但我们得走了。||立刻。
5857	objHero	哎哟哟！
5858	objHero	这不是我最喜欢的吟游诗人和巫师嘛。
5859	objHero	我还不知道你们两个在镇上呢！
5860	objMiriam	别胡说。|我们之前就在你身边走过！
5861	objHero	是吗？
5862	objHero	那么，|有什么新鲜事？
5863	objBard	我们想见国王...
5864	objHero	鲁勒的国王？
5865	objHero	对，|他最近好像挺低调的。
5866	objHero	你得是挺重要的人|才能见到他...
5867	objMiriam	是，|这我们知道！
5868	objMiriam	为什么|{wiggle}你{}|能见到国王？
5869	objHero	天啊！|这什么态度！
5870	objHero	你得知道，
5871	objHero	我救了这座城市，{wiggle}击退了巨型怪兽的攻击。{/wiggle}
5872	objHero	{shake}还有...{/shake}
5873	objHero	我需要从国王那学统领之歌！
5874	objHero	你懂吧？|关系到拯救世界的大事。
5875	objMiriam	||{size .7}国王||{shake .5}知道统领之歌？？？
5876	objBard	{}{shake}{quake}我们也需要那个！
5877	objHero	{}你们也要？
5878	objHero	{wiggle}哦哦哦...{/wiggle}|对，|有道理...
5879	objHero	不然你们怎么能一直闯进灵界？
5880	objHero	这样吧，
5881	objHero	我来帮你们两个！
5882	objBard	真的吗？
5883	objHero	当然！
5884	objHero	我等会带你们去我跟国王的会面。
5885	objHero	我正好需要几个跟班。
5886	objMiriam	{shake}“跟班”？！？{/shake}
5887	objHero	我是说，|我又不|{wiggle}非要{/wiggle}带你们...
5888	objBard	不不不！|我们愿意！
5889	objMiriam	{size .4}呃
5890	objHero	{size 1}酷！
5891	objHero	不过听我说，
5892	objHero	既然我帮了你们这么大一个忙...
5893	objHero	我也想请你们帮个小忙。
5894	objBard	什么忙？
5895	objHero	不难啦！|哈哈。
5896	objHero	我需要从本地商店弄一瓶力量药水。
5897	objHero	你们能帮我弄一瓶吗？
5900	objHero	那真是帮了我大忙。
5901	objHero	你知道...||如果你想稍后一起同行的话。
5902	objMiriam	...
5903	objHero	谢啦！|你最棒了。
5904	objHero	嘿，|你没忘我需要的东西吧？
5905	objBard	我|记|得！
5906	objBard	也|许|吧...
5907	objHero	再次感谢。
5908	objHero	如果我自己再出去，会被更多粉丝包围的。
5909	objHero	这既是福也是祸，|你懂吧？
5910	objHero	所以你擅长唱歌，|对吧？
5911	objBard	是的！
5912	objHero	那太好了。
5913	objHero	你还有什么其他装备？
5914	objBard	装备？
5915	objHero	对，|比如...||武器？
5916	objBard	我没那种东西...
5917	objHero	{shake .5}什么？？{/shake}||你是说你|就只是|唱歌？
5918	objBard	我是个吟游诗人！
5919	objHero	哎呀。
5920	objHero	我一直以为你起码是，|比如...
5921	objHero	弓箭手...||或者类似的职业...
5922	objHero	你能走到这里真是太不可思议了。
5923	objHero	好吧！|只是确认一下。
5924	objHero	是力量药水。
5925	objHero	镇上有家药水店可能有卖的。
5926	objHero	谢谢！|你救了我一命。
5927	objBard	{size .7}|...||她没注意到我们...{/size}
5928	objMiriam	她绝对注意到了。
5929	objMiriam	但她装得{wiggle}太酷{/wiggle}了所以假装没看到...|哼。
5930	objMiriam	笑到最后的是我们。
5931	objMiriam	当她正忙着被人奉承的时候...
5932	objMiriam	{wiggle}我们{/wiggle}|可以直接去找国王...
5933	objMiriam	把你那傻乎乎的信息传达过去，
5934	objMiriam	然后领先一步开始{wiggle}真正的{/wiggle}任务。
5935	objMiriam	世界末日？|统领之歌？|记得吗？
5937	objMiriam	计划如何？
5938	objHero	嘿！||小心点！
5939	objHero	待在我身后，|好吗？
5940	objMiriam	{shake}啊啊啊啊！！！{/shake}||这太蠢了！
5941	objMiriam	我们不能永远保护梦之王！
5942	objMiriam	最终...||她会赢的！
5943	objMiriam	{shake}我们该怎么办？？？{/shake}
5944	objBard	...
5945	objBard	偷她的剑。
5946	objBard	没有那把剑她就什么都做不了！
5947	objMiriam	偷她的|{shake}剑？？？{/shake}
5948	objMiriam	那太|{quake}{shake}荒唐了！！！{/shake}
5949	objMiriam	但||{shake}好吧！！！{/shake}
5950	objMiriam	你负责吸引她的注意力。
5951	objMiriam	我来...||去拿那把剑！
5952	objHero	{shake .5}嘿！{/shake}
5953	objHero	你能不能有点用？
5954	objHero	比如试着...||掩护我一下？
5955	objHero	他在攻击我的话我就无法蓄力...
5956	objBard	{shake}奥黛丽！！！{/shake}
5957	objBard	{shake}别踩到那些虫子！！！{/shake}
5958	objHero	{shake .5}什么？！{/shake}
5959	objHero	只是虫子而已！
5960	objHero	哦。
5961	objHero	||我根本没注意到它们...
5962	objBard	它们可能很小很脆弱...
5963	objBard	但它们是|{shake .5}特别的{/shake}！
5965	objBard	虫子很酷，|奥黛丽！
5966	objBard	而且它们是我们的朋友！
5967	objBard	而且你|{shake .5}答应过{/shake}...||要友善的！
5968	objHero	...
5969	objHero	好吧，||那么...
5971	objHero	你能叫它们挪开吗？
5972	objBard	{shake}虫子！！！{/shake}
5973	objHero	虫子？
5974	objBard	{shake}虫子||，|奥黛丽！！！{/shake}
5975	objBard	{shake}虫子|{/shake}来了！！！
5976	objHero	它们...
5977	objHero	把...||这些|石头搬走了？
5978	objBard	{shake}{quake}是的|{/shake}，奥黛丽！！！
5979	objBard	{shake .5}虫子搬走了石头！！！{/shake}
5983	objBard	{shake .5}它们太厉害了！！！{/shake}
5985	objBard	它们还可以帮我们||{shake}{quake}逃出去！！！{/shake}
5986	objHero	所以||你的意思是...
5987	objHero	我得靠||{shake .5}虫子|{/shake}才能离开这儿？
5988	objBard	嗯...
5989	objBard	好吧...|{shake .5}我{/shake}||是虫子的朋友...
5990	objBard	但...||我们并||{shake .5}不一定{/shake}|要帮你...
5991	objHero	|什么？
5993	objHero	你们||要把我丢在这等死？
5994	objBard	你得发个{shake .5}誓{/shake}|，奥黛丽！
5995	objBard	你必须||{shake .5}答应{/shake}||...||要友善！
5996	objHero	...
5997	objHero	好吧，|当然。
5998	objBard	你得{shake .5}说{/shake}出来！！！
5999	objBard	说你{shake}答应{/shake}要友善！
6000	objHero	...
6001	objHero	真的吗？
6002	objBard	{quake}{shake}是的！！！{/shake}
6003	objBard	{shake}说出来！！！{/shake}
6004	objHero	{size .2}我保证会友善的。
6005	objBard	{size 1}{quake}{shake}大声点！！！{/shake}
6006	objHero	{shake}我保证会友善的！！！{/shake}
6007	objHero	...
6008	objBard	而且||你必须|{shake .5}答应...{/shake}
6010	objBard	{size 1}不能毁灭世界！
6012	objHero	我不行。
6014	objBard	你可以！
6015	objBard	那是个非常普通、|容易承诺的事情！
6016	objBard	你看，|我现在就可以做到！
6017	objBard	{wiggle}"我|保证||不毁灭|世界|！"{/wiggle}
6018	objHero	{quake}{shake}没那么简单！！！
6019	objHero	{/shake}那位|{shake .5}创世者{/shake}...
6020	objHero	创造了我们整个|||{shake}宇宙{/shake}的那位
6021	objHero	{shake}选择了{/shake}|我来做这件事！
6022	objHero	我不能就这样...|||{shake}承诺{/shake}||摆脱这一切！
6023	objHero	事情不能是这样的！
6025	objBard	好吧！
6026	objBard	但是...
6027	objBard	那么...
6028	objBard	也许我不该帮你。
6029	objHero	什么？||拜托！
6030	objBard	我是认真的。
6031	objBard	如果我帮你逃走...
6032	objBard	而且||你杀了最后的统领...
6033	objBard	那就是我的错。
6034	objBard	我现在就能拯救世界。
6035	objBard	我可以把你留在这里...
6037	objHero	别那样做！
6038	objHero	那不会...
6039	objHero	唉...
6040	objHero	{size .9}我保证不会毁灭世界。
6041	objBard	{size 1}！
6042	objHero	好了。
6044	objHero	||行吗？
6045	objBard	嗯！
6051	objBard	看哪，|奥黛丽！
6052	objBard	我觉得它们在让我们跟着它们！！！
6053	objHero	...
6054	objHero	...|嗯...
6055	objHero	那我就不客气了！
6056	objHidemaru	{shake .7}现在别来打扰我！！！{}||我...
6057	objHidemaru	...|在思考...
6058	objHidemaru	我女朋友之前跟我说了一些很奇怪的话。
6059	objHidemaru	我完全搞不懂她什么意思。
6060	objHidemaru	我做错了什么吗？
6061	objHidemaru	她要和我分手吗？
6062	objHidemaru	我搞不明白...
6063	objHidemaru	我希望我能和我的亲宠聊聊这事...
6064	objHidemaru	我觉得她比我更懂女孩...
6065	objHipster	对，|哇哦，|所以...
6066	objHipster	工厂好像...|停工了。
6067	objHipster	这是不是意味着我现在失业了？
6068	objHipster	我听到这个消息时，
6069	objHipster	我偷偷带了一堆快乐孩子回家...
6070	objHipster	||然后一把大火
6071	objHipster	全烧了。
6072	objHipster	|感觉太棒了。
6073	objHipster	可能我终于能像一直期待的那样搬出去了...
6074	objHipster	我听说海的那边有个很酷的地方叫德尔菲...
6078	objBard	你想推翻工厂吗？
6079	objHipster	||哇哦...
6081	objHipster	我绝对不喜欢那个工厂...
6082	objHipster	但是...推翻整个工厂...
6083	objHipster	听起来有点过分。
6084	objHipster	我宁愿不惹事生非...
6085	objHipster	嘿。
6086	objHipster	欢迎来到，|这个...
6087	objHipster	{wiggle}礼品屋...{/wiggle}
6088	objHipster	我们有，|那个，|这里最棒的玩具出售...
6089	objBard	不过我没兴趣买玩具
6090	objHipster	包括快乐孩子，||有史以来最受欢迎的玩具...
6091	objHipster	就是在这个工厂生产的，|{wiggle .5}哇哦...{/wiggle}
6092	objHipster	今天就带快乐孩子回家
6093	objHipster	让你的家人脸上浮现出微笑，|或者别的什么...
6094	objHipster	{wiggle}快乐孩子...{/wiggle}|他就，|像是...
6095	objHipster	纯粹的快乐...||以孩子的形式...
6096	objHipster	哇噢...|买一个吧...
6097	objHipster	所有人都喜欢快乐孩子...
6098	objHipster	所有人...||都想|成为|快乐孩子...
6099	objHipster	和快乐孩子融为一体...
6100	objHipster	我经常在早晨看到一些怪人在这...
6101	objHipster	像在...|密谋什么|...？
6102	objHipster	你是他们的一员吗...？
6103	objHipster	嘿...|我记得你在礼物店...
6104	objHipster	嘿...|我在礼物店工作...
6106	objHipster	我讨厌那里...||但这是我的工作，|我...
6107	objHipster	那里，|就是...
6108	objHipster	现在在大力推销快乐孩子...
6109	objHipster	但是...||我觉得没人真的想要快乐孩子...
6110	objHipster	事实上...
6111	objHipster	我觉得所有人都烦透了快乐孩子...
6112	objHipster	||特别是我...
6113	objHipster	工厂就像，|拥有着，|整座城市...
6114	objHipster	所以每个人的生活都绕着工厂转...
6115	objHipster	而整个工厂专门生产快乐孩子...
6116	objHipster	所以就像...|整个城市所做的一切都是为了制造快乐孩子...
6117	objHipster	||这|{wiggle}糟透了...
6118	objHipster	快乐孩子是男爵发明的...|他掌管着这家工厂...
6119	objHipster	...
6120	objHipster	他肯定是个怪人...
6121	objHipster	...
6122	objHipster	天哪...|我只是...
6123	objHipster	我希望我能聊点快乐孩子以外的|{wiggle}别的东西{/wiggle}
6124	objHiro	你好啊。||你可能已经看出来，#我是一名正在接受训练的英雄。
6125	objHiro	我父母说当英雄没前途，
6126	objHiro	但我必须追随我的梦想！
6127	objHiro	所以，||如果你听说有什么，|那种，任务的话，||请告诉我
6128	objBard	嗯...
6129	objBard	英雄任务，是吧？
6130	objBard	我绝对什么都不知道！
6131	objHiro	好吧！||这一点都不可疑。
6132	objHiro	无论如何谢谢啦。
6133	objHiro	我在挑一些英雄必备的东西，
6134	objHiro	为我的盛大登场做准备。
6135	objHiro	世界，|等着吧！
6136	objHiro	我有了英雄的剑，|还有英雄的发型...
6137	objHiro	万事俱备，|| {shake .4}{quake}英雄时刻！|宝贝！{/shake}
6138	objHiro	只是，||嗯，||需要一些任务...|||呵呵...
6139	objBard	嗯...
6140	objBard	英雄任务，是吧？
6141	objBard	我绝对什么都不知道！
6142	objHiro	好吧！||这一点都不可疑。
6143	objHiro	无论如何谢谢啦。
6144	objHuang	一位客人！||真意外...
6145	objHuang	你也是艾娅的学生吗？
6146	objHuang	你来到此等高地是为了见证|{glitch .1}终结吗？
6147	objHuang	我们这空间还很充足！
6148	objHuang	还有住房，|和口粮...
6149	objHuang	这座寺庙原本可以容纳更多人。
6150	objHuang	但他们全都撤离了...
6151	objHuang	我们很高兴你能在这里！
6152	objHuang	能参与其中是很特别的体验。
6153	objHuang	我想知道那听起来是什么样的...
6154	objHuang	我想知道当她歌唱时，||我们会看到什么。
6156	objHuang	我不觉得我们会痛苦...
6157	objHuang	而且，|我在想...
6158	objHuang	下一个宇宙会是什么样的！
6159	objHuang	尽管我们不配成为它的一部分...
6160	objHuang	但我希望...||我们能窥见它的一瞬。
6161	objHuang	他们说每个宇宙诞生时都是完美的。
6162	objHuang	我们现在身处末日，不和谐已经占据了大部分...
6163	objHuang	但我想看到一个完美的宇宙。
6164	objHuang	那会多么充实...
6165	objHuang	看到她奇妙的愿景...
6166	objHuang	听到她奇妙的歌声...
6167	objHuey	哦，|真麻烦！
6168	objHuey	这根指挥棒老是出毛病！
6169	objHuey	这是件古老的传家宝...
6170	objHuey	被施了魔法，|不知怎么的，|会对音乐产生反应。
6171	objHuey	但这该死的东西太敏感了！
6172	objHuey	我甚至不能|路过|一个音乐家！
6173	objHuey	我确定这东西很适合拿来指挥...
6174	objHuey	只要乐队在几公里之外！
6175	objHuey	有一次，
6176	objHuey	我带着这个东西出门，
6177	objHuey	然后我不幸...
6178	objHuey	碰上了一支行进乐队！
6179	objHuey	我被困在高处好几个小时！
6180	objHuey	他们不得不找人把我弄下来！
6181	objHuey	对音乐这么敏感的东西本来可以很有用！
6182	objHuey	也许吧...
6183	objHuey	所以我把它带到了学院。
6184	objHuey	这里的人对魔法很有研究。
6185	objHuey	或者他们能把这破玩意修好！
6186	objHuey	那就太好了。
6187	objHuey	{shake}哇|啊啊！！！{/shake}
6188	objHuey	{shake}嗷！！！{/shake}|求你停停行不行！！！
6189	objHuey	{shake}我的妈呀！！！{/shake}
6190	objHuey	{shake}该死的|玩意儿！！！{/shake}|够了啊！！！
6191	objIma	哇，||你逮到我了！
6192	objIma	没错...
6193	objIma	巫师学院的神秘涂鸦艺术家，
6194	objIma	在各处都留下了她的记号，
6195	objIma	但从未被人见过...
6196	objIma	这个人就是我！！！
6197	objIma	哦，||你从来没听说过我？
6198	objIma	别告诉别人你见过我，|好吗？
6199	objIma	巫师学院的巫师太自大了！
6200	objIma	人们以为学了魔法就无所不知。
6201	objIma	我讨厌这样！
6202	objIma	得有人来捣捣乱。
6203	objIma	那就是我！
6204	objIma	我也是这里的学生。
6205	objIma	要是学校查出是我...
6206	objIma	我肯定会被开除的！
6207	objIma	虽然我不喜欢这里...
6208	objIma	但我得毕业！
6209	objIma	这是我离开这个无聊城市的敲门砖。
6210	objIma	跨入真正世界的第一步！
6211	objIma	我想成为少数离开钱德什的巫师之一	。
6212	objIma	我有很宏伟的计划，|伙计！
6250	objIslandportal	在{data_islandname}下船？
6251	objBard	不。
6252	objBard	好|啊！
6253	objCaptain	...
6254	objCaptain	我现在可没心情冒险，|伙计...
6255	objJaime	唉...
6256	objJaime	是啊...||我是这个乐队的...
6257	objJaime	就是个临时成员。
6258	objJaime	他们||真是...
6259	objJaime	死板...
6260	objJaime	我正努力开创我的个人事业。
6261	objJaime	我的音乐与众不同...
6262	objJaime	但是...||我需要这些演出机会。
6263	objJaime	女孩们喜欢乐队里的男人。
6264	objJaime	我表演完后，|她们会排起长队...
6265	objJaime	好吧...||这个乐队除外...
6266	objJaime	我跟这些呆子们在一起很难看起来酷。
6267	objJaime	但我会尽力的。
6268	objJaime	你是他们之前的主唱吗？
6269	objJaime	那就说得通了...
6270	objJaime	他们总是提起你。
6271	objJaime	每当我唱歌时...
6272	objJaime	他们都希望我唱的更像你。
6273	objJaime	你能给我示范一下吗？
6274	objJaime	唱一段给我听。
6275	objJaime	噢...
6276	objJaime	那...||呃。
6277	objJaime	我不这么唱。
6278	objJasmine	我的曾曾祖母引发了与鲁勒的整个战争。
6279	objJasmine	这可是千真！||万确！
6280	objJasmine	很久很久以前，|她在夏天城，
6281	objJasmine	看见了那里的一只动物...
6282	objJasmine	他们怎么称呼那些？||庆宠？
6283	objJasmine	我觉得，|||那是一只美丽的|鸟。
6284	objJasmine	她决定收养它！
6285	objJasmine	但她后来发现那是王子的庆宠！
6286	objJasmine	当它失踪时，|他惊慌失措。
6287	objJasmine	他们以为它被间谍绑架了...
6288	objJasmine	对，||所以他们因为它发动了战争。
6289	objJasmine	你知道吗，|这太疯狂了，
6290	objJasmine	因为那只亲宠更喜欢我的曾曾祖母。
6291	objJasmine	那个王子，|就...||对它很凶。
6292	objJasmine	这让鲁勒很尴尬。
6293	objJasmine	所以他们把战争的真正原因保密。
6294	objJasmine	但那是我的曾曾祖母，||对。
6295	objJasmine	愿她安息...
6296	objJasmine	我的整个家族都很疯狂。
6297	objJasmine	我们以前住在莫哈布米城堡，||对。
6298	objJasmine	我还小的时候，|我的工作是给女王梳头发。
6299	objJasmine	我每天都得干！||即使我当时那么小。
6300	objJasmine	我爸爸算是，||她的政治顾问。
6301	objJasmine	所以他知道，|几乎，||所有秘密。
6302	objJasmine	但他知道的太多了...||对。
6303	objJasmine	有一天他发现了一些他不该知道的事。
6304	objJasmine	所以女王就把他杀了！
6305	objJasmine	是啊...||太悲伤了。
6306	objJasmine	我们不得不永远离开城堡。
6307	objJasmine	我从来没找到过他被杀的原因。
6308	objJasmine	但是，
6309	objJasmine	我觉得那是关于，||其中一位公主的...
6310	objJasmine	对。
6311	objJasmine	她们总干违法的事。
6312	objJasmine	她们逍遥法外，|就因为他们是皇室。
6313	objJasmine	我小时候，|所有人都说我是个神童。
6314	objJasmine	比如在魔法方面。
6315	objJasmine	我和公主们一起在城堡里学习。
6316	objJasmine	她们都嫉妒我，|因为我太有天赋了。
6317	objJasmine	我小时候就申请进入魔法学院。
6319	objJasmine	参加了入学考试和其他的什么。
6320	objJasmine	当我交卷时，|监考老师说我的答案简直完美。
6321	objJasmine	但之后，|我看到了官方成绩，
6322	objJasmine	我的分数惨不忍睹。
6323	objJasmine	但后来我看了我的考试答案...
6324	objJasmine	那甚至都不是我的笔迹！
6325	objJasmine	他们换了我的试卷...|故意的，||对。
6326	objJasmine	这绝对是贿赂。
6327	objJasmine	女王把我的成绩买给了其中一位公主。
6328	objJasmine	我猜根据她的成绩，
6329	objJasmine	她也不太聪明。
6330	objJasmine	所以我从未真正考入过魔法学院。
6331	objJasmine	很疯狂吧，|哈？
6343	objJeff	这里是雄鹰咖啡馆。
6344	objJeff	每天我都在这，
6345	objJeff	每天我都提供咖啡。
6346	objJeff	每天我都想知道为什么。
6347	objJeff	随便了。
6348	objJeff	我曾经觉得生活毫无意义。
6349	objJeff	但看了你的表演后...||我改变心意了。
6350	objJeff	我要在生活中做出些改变。
6351	objJeff	我要多笑一笑！
6352	objJeff	我的脸僵住了。
6353	objJeff	欢迎来到雄鹰咖啡馆。
6354	objJeff	我在这|过得||还好。
6355	objJeff	我的脸由于多年挤压有点僵住了。
6356	objJeff	哈，哈，||哈。
6357	objJeff	我挺好的。
6358	objJonas	嘿，|那边的朋友。
6359	objJonas	在这里请不要对任何人无礼！
6360	objJonas	莫哈布米...||是个和谐友爱的城市！
6361	objJonas	好吧，|我是唯一一个这么说的。
6362	objJonas	但我会让它成真的。
6363	objJonas	通过把爱扩散到每个角落！
6364	objJonas	如果每个人都能学会...
6365	objJonas	相互爱和尊重，
6366	objJonas	世界会更美好的，|朋友。
6367	objJonas	我们不需要战争！
6368	objJonas	我们不需要仇恨！
6369	objJonas	只需感受爱！！！
6370	objJonas	这才是生活的意义！
6371	objJonas	有些人会嘲笑你。
6372	objJonas	因为你说了胡话...
6373	objJonas	即使那可能会成真！
6374	objJonas	特别是|{wiggle}万一{/wiggle}|成真了呢！
6375	objJonas	不要让世界阻止你，|朋友。
6376	objJonas	让你的爱自由生长吧！
6377	objJordan	现在|这里不剩多少人了。
6378	objJordan	你觉得国王知道我们被困在这里了吗？
6379	objJordan	我敢说||他不知道。
6380	objJordan	或者|他根本不在乎。
6381	objJordan	我担心我孙女和她的亲宠...
6382	objJordan	她们本该回到夏天城的。
6383	objJordan	直到那些怪物出现。
6384	objJordan	我们还要被困在这多久？
6385	objJordan	这可不是个适合女孩长大的地方。
6386	objJordan	会飞真好啊。
6387	objJordan	来去自如，|不像我们被困在这。
6388	objJordan	巫师们拥有一切。
6389	objJordan	如果你见到了国王，
6390	objJordan	至少你能提醒他一下我们的事。
6391	objJordan	看在我对你这么好的份上。
6392	objJuan	太可怕了！
6393	objJuan	我还以为世界末日到了！
6394	objJuan	幸好没有...
6395	objJuan	多亏英雄救了我们！
6396	objJuan	她是最酷的！
6397	objJuan	我真希望她在这的时候我见过她！！！
6398	objJuan	没人知道她现在在哪。
6399	objJuan	她消失了！
6400	objJuan	我打赌，既然世界已经得救了，#她一定想像个普通人一样生活。
6401	objJuan	她太谦虚了。
6402	objJuan	要是我...||肯定会想着出名的！
6403	objJuan	我真的很想知道她现在在做什么...
6404	objJuan	我希望有一天能像她一样强大。
6405	objJuan	{shake .5}你看到英雄了吗？？？{/shake}
6406	objJuan	她刚才还在这！
6407	objJuan	她太酷了！
6408	objJuan	我觉得她去旅馆了...
6409	objJuan	{shake .5}所以她要住在这！！！{/shake}
6410	objJuan	我好想见见她啊！
6411	objJuan	钱德什的怪物来的时候好可怕...
6412	objJuan	但然后英雄就把那些坏东西杀掉了！
6413	objJuan	我简直不敢相信她是真实存在的！
6414	objJuan	而且她现在就在镇上，|就在旅馆...
6415	objJuan	你觉得她真的能发射闪电吗？
6416	objJuan	我听说她还有一个神奇的冲刺动作！
6417	objJuan	{shake}还有{}|一把超酷的剑！
6418	objJuan	嘿！||看我找到的这只酷酷的青蛙！
6419	objBard	哇哦！
6420	objBard	我和我的朋友需要一只这样的青蛙...
6421	objBard	你能给我吗？
6422	objJuan	可以！
6423	objBard	噢！||可以吗！
6424	objBard	谢谢！
6425	objJuan	嘿，|我能问你个问题吗？
6426	objBard	当然！
6427	objJuan	你是个|呆子吗？
6428	objBard	啊？
6429	objJuan	因为你看着就像个大呆子！|哈哈！
6430	objJuan	戴着你那呆呆的帽子和羽毛！
6431	objBard	我是个吟游诗人！
6432	objJuan	{shake .3}哈哈！{}
6433	objBard	||那很不礼貌...
6434	objJuan	剑真是太酷了！
6435	objJuan	我想要一把像英雄那样的大剑！
6436	objJuan	看起来超好玩。
6437	objJuan	唰！！！||{shake .5}哇啊啊啊啊！{/shake}
6440	objKamala	嘿！！！||有什么可以帮您的？
6441	objKamala	想买瓶药水吗？
6442	objBard	|...我没钱...
6443	objKamala	啊哦！
6444	objKamala	真可惜。
6445	objKamala	我的药水是最棒的！
6446	objKamala	我喜欢真实的，|来自|自然的，|明白吗？
6447	objKamala	我每天都制作新鲜的药水。
6448	objKamala	我就是...||倾听宇宙...
6449	objKamala	听听它今天想要什么材料...
6450	objKamala	然后我就会用那些材料！
6451	objKamala	有时候会调得很奇怪。
6452	objKamala	但有时候我也会有新发现！
6453	objKamala	我觉得我真的很适合|{shake .5}现在{/shake}|的生活，知道吗？
6454	objKamala	知道吗，|这整个宇宙...
6455	objKamala	就是我们所有人合在一起的一团浆糊。
6456	objKamala	我们以不同的方式混合在一起，
6457	objKamala	但我们其实都是同一个整体的一部分。
6458	objKamala	我喜欢这些思考！
6459	objKamala	还有所有小部分混合在一起的方式。
6460	objKamala	这就是为什么调药水是最酷的事！！！
6461	objKenneth	欢迎您，|朝圣者...
6462	objKenneth	我想您一定注意到了...
6463	objKenneth	这里...||多么|安静。
6464	objKenneth	山之心已然改变...
6465	objKenneth	一只黑暗的|{glitch .1}野兽在山上游荡...
6466	objKenneth	这里曾经的住民已经撤离。
6467	objKenneth	如今只剩下我们这些僧人。
6468	objKenneth	起初，|有很多怪物...
6469	objKenneth	它们从山顶下来...
6470	objKenneth	那些毁灭性的，|饥饿的东西...
6471	objKenneth	我们试着把所有人都藏在寺庙里...
6472	objKenneth	但当那些自山顶而来的怪物散开后，
6473	objKenneth	接下来|{glitch .1}那只野兽出现了...
6474	objKenneth	它的出现...||令人恐惧，|朝圣者。
6475	objKenneth	它是空虚的...||没有任何生命或个性...
6476	objKenneth	一个|{glitch .1}末日的黑暗预兆。
6477	objKenneth	此地无人安全。
6478	objKenneth	欢迎你与我们共同驻留寺庙...
6479	objKenneth	但...||你也该考虑永远离开这里。
6480	objBard	嗯！...
6481	objBard	其实，|我正打算登上这座山！
6482	objBard	我要去见这里的统领...
6483	objKenneth	...
6484	objKenneth	朝圣者...
6485	objKenneth	你|必须|三思...
6486	objKenneth	在我们的有生之年，无人与统领成功交流过...
6487	objKenneth	他们早已抛弃了我们。
6488	objBard	他们只是生病了！
6489	objBard	所有的统领状态都很糟...
6490	objBard	这就是为什么会发生这些怪事。
6491	objBard	但我会解决的！
6492	objBard	我正在学习地球之歌！
6493	objKenneth	你看起来如此坚定...
6494	objKenneth	我不知道|“地球之歌”|是什么...
6495	objKenneth	但我不会阻止你实现你的愿望。
6496	objKenneth	如果这真的是|{glitch .1}末日||...
6497	objKenneth	可能你做什么都不重要了...
6498	objKenneth	如今还有安全的地方吗？
6499	objKenneth	此时此处我们与世隔绝...
6500	objBard	我确实见过怪物...
6501	objBard	但我不知道它们是不是|{wiggle}到处都有{/wiggle}！
6502	objKenneth	我畏惧着||{glitch .1}末日|的来临...
6503	objKenneth	而我们无处可逃...
6504	objKenneth	明智地利用剩下的时间吧，|朝圣者。
6505	objKenneth	哦...
6506	objKenneth	你...
6507	objKenneth	你来这里做什么，|朝圣者？
6508	objKenneth	这里不安全...
6509	objKenneth	请||随我来吧。
6510	objKing	感觉真奇怪，
6511	objKing	坐在这和巫师女王谈话...
6512	objKing	就好像她只是个普通人。
6513	objKing	我们一生都在害怕你...
6514	objQueen	{fade}放下吧。
6515	objQueen	我不会永远活着...
6516	objQueen	我们没有时间彼此猜疑。
6517	objQueen	我得知道我死后#我的人民能过上和平的生活。
6518	objQueen	{fade}天空神殿在那次#怪物暴动中被摧毁了。
6519	objQueen	这地方太重要了，#不能就这样丢下...
6520	objQueen	你打算重建它吗？
6521	objKing	{}呃...我以为|你|想要这座神殿的...
6522	objQueen	{fade}我以为|你|想要的！
6523	objKing	{}...
6524	objKing	好吧，|我们确实...
6525	objKing	{size .75}直到它被毁了...
6526	objKing	{}也许||我们该...
6527	objQueen	{fade}一起重建它。
6528	objKing	{}是啊。
6529	objKing	就像我们和解的象征。
6530	objQueen	{fade}那是个绝妙的主意。
6531	objKing	在这里很难知道该提出什么要求。
6532	objKing	我们一直以来真正想要的...
6533	objKing	大概|是...||不被打扰。
6534	objQueen	{fade}放任不管#才让我们陷入如今的困境。
6535	objQueen	当我们停止沟通时，#|猜疑便滋生了...
6536	objQueen	直到我们对你们的真实意图#一无所知。
6539	objQueen	{fade}我们需要一个承诺：#我们不会再被孤立。
6540	objQueen	现在我们就在一起，#|这一点不会改变。
6541	objQueen	所以如果我们要和平共处...
6542	objQueen	我们需要一起努力。
6543	objKing	...
6544	objKing	是啊，那么...
6545	objKing	呃...
6546	objKing	对不起我把你关进监狱...
6547	objKing	等等，其实我不后悔。
6548	objKing	你那次真的很粗鲁。
6549	objKing	这一切都让人如释重负。
6550	objKing	嗯...差不多吧...
6551	objKing	我们暂时还没有和钱德什开战...
6552	objKing	但现在到处都是巨型怪物...
6553	objKing	我们其实也没有变得更好...
6554	objKing	我一直觉得你可能是好人...
6555	objKing	我的亲宠在你身边时看起来非常放松。
6556	objKing	开玩笑的...
6557	objKing	他一直都很放松...
6558	objKing	他就是个毛茸茸的大块头。
6559	objKing	不过你真的是个好人。
6560	objKing	大概吧。
6561	objLee	现在介绍...
6562	objLee	陛下驾到...
6563	objLee	鲁勒国王亲临！
6564	objKing	谢谢，谢谢。
6565	objKing	好的，太好了。
6566	objKing	很高兴见到大家，诸如此类的。
6567	objKing	哇哦。
6568	objKing	真的，非常棒。
6569	objKing	显然，我们现在有很多事情要处理...
6570	objKing	比如三天后的大规模入侵之类的...
6571	objKing	如果我表现得简短粗鲁，还请见谅。
6572	objBard	{shake}啥？？？{/shake}
6573	objBard	一场...|||{shake}入侵？？？{/shake}
6574	objLee	{size .7}{shake .5}陛下！！！||那还应该是保密的！
6575	objKing	{}哦。
6576	objKing	{}呼。
6577	objKing	你看，这就是我为什么不能再和外人讲话的原因。
6578	objKing	秘密太多，根本记不过来。
6579	objKing	每天都是秘密。
6580	objKing	嘿，呃...
6581	objKing	你那朋友...还好吗...？
6582	objBard	{halasing}鲁|勒|王，|我|们|谈|谈|吧
6583	objBard	你|的|战|火|撕|毁|众|生
6584	objBard	我|以|公|主|之|名
6585	objBard	怀|赤|诚|之|心
6586	objBard	恳|请|你|终|止|未|来|的|战|争...
6587	objBard	干|戈|玉|帛
6588	objBard	代|此|愚|行
6589	objBard	你|播|种|仇|恨|伤|悲
6590	objBard	黑|暗|命|运|相|随
6591	objBard	皆|因|你|恐|惧|傲|慢|作|祟！
6592	objLan	我喜欢那位英雄！
6593	objLan	她太||酷了...
6594	objLan	她简直是全世界最酷，|最强的女孩...
6595	objLan	|||{wiggle}哇哦...{/wiggle}
6596	objLan	我听说她住在夏天城|的小旅馆里...
6597	objLan	像普通人一样...||真低调！
6598	objLan	夏天城的蝴蝶真漂亮...
6599	objLan	如果你唱歌，|它们就会跟着你！
6600	objLan	但如果你停下来，它们就会觉得无聊然后飞走...
6601	objLan	如果你能带5只到这棵树下...
6602	objLan	我感觉会发生些特别的事！
6603	objLan	我觉得蝴蝶真的很喜欢这里的红叶...
6604	objLan	我想知道它们对蝴蝶来说很好吃吗？
6605	objLan	我试着舔过一片...||但是很难吃。
6606	objLan	你试过对着蝴蝶唱歌吗？
6607	objLan	这附近就有5只...
6608	objLan	哇哦！||你简直是...蝴蝶大师...
6609	objLan	你也能和它们对话吗？
6610	objLan	请代我，兰，向它们问个好！
6611	objLan	我喜欢给蝴蝶唱歌...
6612	objLan	当我在夜晚独自一人时，
6613	objLan	我对着窗户唱歌，它们就会来找我...
6614	objLan	有几只蝴蝶每晚都会来。
6615	objLan	我觉得它们是一个小家庭！
6616	objLan	我小小的蝴蝶朋友们...
6617	objLan	它们就像我的第二只亲宠...
6618	objLan	哦！||但它们永远不会取代你，|露西亚！
6619	objLan	顺便说一下，我给蝴蝶家人取名叫苏姬和天元。
6620	objLan	我觉得它们应该有普通人的名字。
6621	objLan	如果我给它们取可爱小虫子的名字，|它们可能会觉得我在取笑它们...
6622	objLan	它们可是有家庭的成年虫子，|所以它们需要成年人的名字。
6623	objLapti	嗨呀，嗨！
6624	objLapti	你喜欢这个花园吗？
6625	objLapti	我和亲宠为城堡的这些植物倾注了全部心血。
6626	objLapti	它们就像我们的孩子一样...
6627	objLapti	你几乎能听见它们在阳光下唱歌。
6628	objLapti	几天前我遇见了一件很神奇的事。
6629	objLapti	我家里有一张桌子，|但它的形状很奇怪...
6630	objLapti	不管我怎么调整，它和墙壁之间都有一个烦人的缝隙。
6631	objLapti	但我在这里找到了一块碎木头...
6632	objLapti	它完美地填补了桌子和墙的缝隙！
6633	objLapti	简直是命中注定。
6634	objLapti	有时生活就是这么美好。
6635	objLapti	在干旱地区打理花园是个很有挑战性的工作。
6636	objLapti	大部分来参观的人都想不到这要付出多大的努力。
6637	objLapti	但这也很有，|成就感。
6638	objLapti	这些美丽的色彩为每个人带来一天的光明...
6639	objLapti	它们也在向我们伟大的国王致敬。
6640	objLapti	愿他的智慧让我们免受战争的侵害...
6641	objEduard	咳嗯。
6642	objEduard	谢谢你的到来。
6643	objEduard	在这艘空荡的船上，
6644	objEduard	无事可做。
6645	objEduard	让我们现在为你呈现，
6646	objEduard	我们的歌，
6647	objEduard	是今天刚有人编出来的。
6648	objFernando	嗨呀。
6649	objLayla	我的天哪！
6650	objProfessor	太精彩了！
6651	objHero	好极了！||好|极了！
6652	objBard	糟了！！！||是...
6653	objLayla	{shake .5}英雄小姐！！！
6654	objLayla	{/shake}我们非常荣幸您能出席！
6655	objHero	哦不不！
6656	objHero	是我倍感荣幸！
6657	objHero	不过，|话说回来...
6658	objHero	让我感到|非常不荣幸|的...
6659	objHero	是他们的出席...
6660	objHero	这些|{wiggle}罪犯！{}
6661	objProfessor	{wiggle}罪犯？{}
6662	objHero	是的，|恐怕是这样！
6663	objHero	{size .8}这些流氓突破了鲁勒的边境...
6664	objHero	{size .7}骗进了国王的宫廷...
6665	objHero	{size .6}还从监狱逃了出来到这里！
6666	objHero	{size .8}他们是鲁勒的逃犯！
6667	objDeva	{size .6}我简直|||不敢相信...
6668	objDeva	{size 1}这些小混混有多|{shake}酷{/shake}！！！
6669	objHero	|||什么？
6670	objDeva	他们违反了所有的规则...
6671	objProfessor	就是为了暗中破坏鲁勒？
6672	objProfessor	那些夺走我们亲爱公主的恶棍！
6673	objBard	什么？？？
6674	objEduard	还终结了她可怜的生命...
6675	objEduard	那些恶徒的敌人当然就是我们的朋友。
6676	objBard	我不知道这事！
6677	objMiriam	{size .6}那|{wiggle}也许{/wiggle}|能解释一些事情。
6678	objMiriam	比如我们是怎么找到她的...
6679	objBard	{size .8}但他们为什么要那样做？？
6680	objDeva	你难道不知道吗？
6681	objDeva	鲁勒人|{wiggle}憎恨{/wiggle}|钱德什...
6682	objDeva	他们会不择手段对付我们...
6683	objLayla	哦！|英雄小姐！
6684	objLayla	||她大概已经休息了...
6686	objEduard	确实已经很晚了。
6687	objEduard	作为船长，
6688	objEduard	我建议船上的所有客人...
6689	objEduard	今晚轻松一下，|好好享受。
6690	objLayla	哎呀，你好啊！
6691	objLayla	欢迎来到莫哈布米！
6692	objLayla	乐队现在已经解散了...
6693	objLayla	但我们真的非常喜欢你的作品！
6694	objLayla	也许我们会保留它用于以后的演出！|嘻！
6695	objLayla	别担心！
6696	objLayla	鲁勒无法在这里找到你。
6697	objLayla	莫哈布米就像一座巨大的堡垒！
6698	objLayla	不过嘛，|嗯...
6699	objLayla	你不能使用魔法，|是吧？
6700	objLayla	你在镇上走动会很困难...
6701	objLayla	我对这些商店完全没抵抗力！
6702	objLayla	每次来我都觉得必须买点什么。
6703	objLayla	或者两样，|三样，|四样...
6704	objLayla	当然，这些店大多是游客陷阱...
6705	objLayla	更高档的地方在城市的高处...
6706	objLayla	但|它们真的太缤纷、太可爱了！
6707	objLayla	我想我真的很好骗，|嘻！
6708	objLayla	{wiggle}嗯嗯嗯...{}
6709	objLayla	哦，||你好...
6711	objLayla	如果我显得心不在焉，请见谅...
6712	objLayla	我现在有点麻烦，|你知道的。
6713	objLayla	我负责今晚的音乐表演...
6714	objLayla	但我忘了最关键的部分。
6715	objLayla	|||...||音乐...
6716	objLayla	乐队没有乐谱可演奏！
6717	objBard	哦！
6721	objLayla	是的，|是的...
6722	objLayla	他们现在都在房间里准备...
6723	objLayla	但他们肯定也和我一样迷糊！
6724	objLayla	{wiggle}嗯嗯嗯...{}
6725	objLayla	{size .7}嗯，||我们可以...
6726	objLayla	不不，|不是那个...
6727	objLayla	但如果...
6728	objLayla	唔...
6729	objLayla	我能想到的唯一解决办法...
6730	objLayla	是即兴创作一个新的乐谱演奏...？
6731	objLayla	但，|哦...||这可真是赌博啊...
6732	objLayla	要是我们船上有作曲家就好了...
6733	objLayla	哎呀我的天！
6734	objLayla	奇迹般地，|乐队现在都有乐谱了！
6735	objLayla	那你愿意加入我们观看演出吗？
6736	objBard	没|准|备|好！
6737	objBard	开|始|吧！
6738	objLayla	准备好看我们的表演了吗？
6739	objBard	没|准|备|好！
6740	objBard	哦|是|的！
6741	objLayla	好的！||到时告诉我吧。
6742	objLayla	好吧，|没问题！
6743	objLayla	我还没听到他们的新曲子。
6744	objLayla	天啊，|我太激动了...
6745	objLee	是你...
6746	objLee	我曾对自己承诺，|如果我再见到你，
6747	objLee	我会抓住你，把你送回监狱。
6748	objLee	但现在我们正在进行和平谈判...
6749	objLee	所以你的叛国罪暂时被搁置了。
6750	objLee	我想是吧...
6751	objLee	哼。
6752	objLee	也许你的小歌真的传达了我们人民的声音...
6753	objLee	但是...||它不代表我...
6754	objLee	巫师们对我们仍然是个危险的威胁！
6755	objLee	我们不能就这样放松对她们的警惕...
6756	objBard	但她们只是普通人啊！
6757	objLee	哼。
6758	objBard	再说了，|在你内心深处...
6759	objBard	如果不打仗，不是更好吗？
6760	objLee	不。
6761	objBard	真的吗？
6762	objLee	不。
6763	objBard	{wiggle}真真真的吗？{/wiggle}
6764	objLee	不。
6765	objBard	你确定？
6766	objLee	不。
6767	objBard	但
6768	objLee	不。
6769	objBard	如果
6770	objLee	不。
6771	objBard	那如果
6772	objLee	不。
6773	objBard	即使
6774	objLee	不。
6775	objBard	{shake}GHHRRGHfgdflkgjsl{/shake}
6776	objLee	不。
6777	objLee	不。
6778	objLee	不...
6779	objLee	不。
6780	objLee	呃...
6781	objLee	好吧，|我明白你的意思了。
6782	objLee	也许是的。
6783	objLee	我们已经有够多麻烦了！！！
6784	objLee	我们生活在一个残酷的世界里...
6785	objLee	四面八方都是威胁...
6786	objLee	我们还没准备好对付这样的怪物。
6787	objLee	你和你的巫师朋友对我们王国造成了巨大威胁。
6788	objLee	我真搞不懂英雄怎么会相信你...
6789	objLee	但是...||今天，|你帮了我们很大的忙。
6790	objLee	我想是的。
6791	objLee	所以我不会试图抓你...
6792	objLee	也不会把你带回监狱，
6793	objLee	如我之前计划的那样。
6794	objLee	除非我再见到你...
6795	objLee	再见了，小混混。
6796	objLee	{size 2}你好。
6797	objMiriam	{size 1}呃...|你好。
6798	objMiriam	我们是来见国王之类的吧。
6799	objMiriam	你能...|去叫他一下...之类的吗？
6800	objLee	绝对|||{quake}{shake}不行！！！{/shake}
6801	objLee	你难道没注意到吗，|我们正在打仗！
6802	objLee	保护国王免受伤害是我|唯一的职责...
6803	objLee	所以目前我们不允许任何人进出。
6804	objLee	尤|其|是|巫师们...
6805	objMiriam	{shake}什么{/shake}
6806	objMiriam	这太荒唐了！||{shake}谁都不行？？{/shake}
6807	objMiriam	那你呢？|你也不进不出？
6808	objLee	显然我们有些例外。
6809	objLee	我们邀请了英雄来进行特别访问...
6810	objLee	但除非你和她一个等级...||{shake}否则没门{/shake}|，小姐！
6811	objMiriam	{shake}啊啊啊啊啊啊啊|呃啊啊啊啊！！！{/shake}
6812	objMiriam	是她...
6813	objMiriam	当然|{shake}当然{/shake}是她...
6814	objLee	不过嘛，
6815	objLee	你|可以|尽情享受这座精致的城堡花园。
6816	objMiriam	{shake}噢当然啦！！！{/shake}
6817	objMiriam	{shake .4}我要||狠狠{shake}摧残{shake .4}你这蠢花园！！！
6818	objMiriam	根本停不下来！！！
6819	objMiriam	也许我会把你那蠢树和花全吃掉！！！
6821	objBard	{}米莉安...
6822	objMiriam	{shake}因为它们真的是||太精致啦！！！
6823	objLee	{}...
6824	objBard	{}...
6825	objBard	我们该走了，|米莉安！
6826	objMiriam	好吧，当然。
6827	objLee	请尽情享受这座精致的城堡花园。
6828	objMiriam	{shake}啊啊啊！！！{/shake}
6829	objMiriam	我简直不敢相信...
6830	objBard	我们现在该怎么办？
6831	objMiriam	{shake}呃。{/shake}
6832	objMiriam	嗯，|我们可以不管你那幽灵信息了。
6834	objBard	{quake}{shake}不行！！||{/shake}我们不能那样！
6835	objBard	它可能会结束这场{wiggle}战争{/wiggle}，|米莉安！
6837	objBard	我们还不能放弃！
6838	objMiriam	好吧...
6839	objMiriam	那我们可以去找你那好朋友，|英雄！
6840	objBard	{quake}{shake}不不不！！！||{/shake}那也绝对不行！！！
6841	objMiriam	这||是我们仅有的选择！
6842	objMiriam	|我|觉得我们应该专心去找统领之歌。
6843	objMiriam	但你自己决定吧！
6844	objBard	你知道住在这里的那位音乐家吗？
6845	objLena	这个问题一点都不可疑呢。
6846	objLena	TA最近刚来小镇。
6847	objLena	几乎就一直在房间里不停的演奏。
6848	objLena	但是|邻居也没人投诉噪音。
6849	objLena	我猜他们还挺喜欢的。
6850	objLena	如果我没记错，
6851	objLena	TA说TA是来参加葬礼的。
6852	objLena	就在||小镇外的墓地。
6853	objLena	嗨，||欢迎来到德尔菲旅馆。
6854	objLena	需要定房间吗？
6855	objBard	|||不用？
6856	objLena	有什么新鲜事吗
6857	objLena	我被困在这里，就因为这是家族产业。
6858	objLena	但根本没人来德尔菲。
6859	objLena	因为这里从来没什么事发生。
6860	objLena	是啊，|这个小镇以前比这繁华多了。
6861	objLena	但它已经衰落有一段时间了。
6862	objLena	这里...||没人再{wiggle}在乎{}|什么事了||，所有事。
6863	objBard	你觉得为什么小镇会变得这么悲伤？
6864	objLena	我不知道，||为什么会发生这样的事？
6865	objLena	经济问题吗？
6866	objLena	{wiggle}唉...{/wiggle}
6867	objLena	求你别跟我提那个渡鸦表演什么的。
6868	objLena	我一直听说它很棒什么什么什么的。
6869	objLena	但是|{wiggle}我{}||{shake}错过{/shake}|了！
6870	objLena	因为我一直在这个破地方工作。
6871	objLena	{wiggle}{shake}唉。
6872	objLena	我错过了是很可惜，|但整个小镇似乎都更开心了。
6873	objLena	在这种焕然一新的气氛里，|我也感觉好多了。
6874	objLena	好吧，|如果渡鸦演出多了，|可能我的生意会变好。
6875	objLena	或者|||什么的。
6876	objLena	哇啊，|等一下。
6877	objLena	|{shake}你{}|就是渡鸦的那位歌手吗？
6878	objLena	大家都说你的演出很精彩。
6879	objLena	谢谢你给我试听了一段。
6880	objLena	所有人都这么说，|我还以为你是什么名人呢。
6881	objLena	你能抽空来给我唱歌真是太酷了。
6882	objLena	你的嗓音确实像大家说的那样迷人。
6883	objLena	能听见你的歌声我感觉好多了。
6884	objLenny	有什么意义？
6885	objLenny	何必费心呢？
6886	objLenny	谁在乎啊？
6887	objLenny	有些日子真的很难熬。
6888	objLenny	但你永远不知道，美好的未来会不会就在下一个转角。
6889	objLenny	感谢你用你的音乐告诉我这一点。
6890	objLenny	我不想永远悲伤下去
6891	objLenny	但我想只有我自己能去改变它
6892	objLenny	我会好好珍惜每一天的。
6893	objLighter	你看起来很累，|老朋友。
6894	objTanya	你见过那个点灯人吗？
6895	objTanya	他可是个明星！
6896	objTanya	开关城市里的每一盏灯，|每一个日落和日出...
6897	objTanya	这家伙让圣诞镇的时间流转！
6898	objLighter	...
6899	objLighter	你过奖了，||坦娅...
6900	objLighter	...
6901	objLighter	...
6902	objLighter	...
6903	objAngel	{angel}嘘！||嘿！|奥黛丽！
6904	objAngel	别忘了...
6905	objAngel	你可以将剑指向上方来蓄力闪电
6906	objHero	{}{shake}啊！{/shake}||闭嘴！
6907	objHero	我自己也能想到！
6909	objAngel	{angel}||哦
6910	objAngel	好吧
6913	objLin	你不是本地人吧？
6914	objLin	我不想这么说，|但...
6915	objLin	你的衣服...||太糟了...
6916	objLin	你上次洗衣服是什么时候？
6917	objLin	你到底去哪了能穿成这样？
6918	objLin	我朋友博是个军人。
6919	objLin	这交易太不划算了。
6920	objLin	我爸爸很有钱，|所以我很幸运...
6921	objLin	我不用参军或干什么。
6922	objLin	我希望博能有办法脱身。
6923	objLin	这年头想当个年轻人真不容易。
6924	objLin	你可以规划自己理想的工作...
6925	objLin	但一旦年龄到了，
6926	objLin	你就可能会被送上战场。
6927	objLin	然后所有这些计划都泡汤了。
6928	objLin	别报什么希望。
6929	objLin	我是说|{wiggle}我{/wiggle}|很幸运，||但...
6930	objLoreman	故事背景很重要。
6931	objLoreman	但我想趁这个机会告诉你：
6932	objLoreman	你的演出太棒了！
6933	objLoreman	总有一天我会把它作为其他故事的背景。
6934	objLoreman	嗨，|我叫内特。
6935	objLoreman	我可以给你讲些故事背景！
6936	objBard	不|了|谢|谢！
6937	objBard	说|来|听|听！
6938	objLoreman	嗯，|你确定不要听故事背景吗？
6939	objLoreman	这真的能帮你更好的沉浸在这个世界里。
6940	objLoreman	这真的很重要。
6941	objLoreman	我知道很多，|如果你想听就来找我聊聊吧！
6942	objLoreman	好的，||这有些故事背景！
6943	objLoreman	这个小镇已经有400多年历史了！
6944	objLoreman	那个疯狂渡鸦的女孩梦想成为一个舞蹈家。
6945	objLoreman	显然，||最近每个人都做了同一个|不祥的梦。
6946	objLoreman	以前的探险家因为洞穴里的怪物而止步于此。
6947	objLoreman	疯狂渡鸦是由糖果店老板的儿子经营的。
6948	objLoreman	一个著名的乐队起源于此，|但他们再也没有回来过。
6949	objLoreman	我上高中时，|所有人都叫我“伟大的内特”。
6950	objLoreman	这里的咖啡豆是海盗供应的！
6951	objLoreman	最近镇上来了群凶巴巴的人。
6952	objLoreman	他们在找统领之歌！
6953	objLoreman	但他们没找到...
6954	objLoreman	好吧，||感谢聆听。
6955	objLoreman	如果你想听，我总有更多的故事背景。
6956	objLoreman	哇哦，||所以...
6957	objLoreman	你真的很喜欢听背景故事，|对吧？
6958	objBard	...|可能我得再唱一遍试一下。
6959	objLu	{wiggle}唉...{/wiggle}
6960	objLu	这么大的压力对我的皮肤不好。
6961	objLu	这场永无止境的战争会很无聊...
6962	objLu	如果它不可怕的话！
6963	objLu	我不想被怪物吃掉...
6964	objLu	我觉得跳出生活的框架会是个有趣的改变。
6965	objLu	在我和男朋友分手后...
6966	objLu	是时候尝试点新东西了。
6967	objLu	结果我发现并没那么令人兴奋。
6968	objLu	我的生活还是一样无聊。
6969	objLu	但是框架外的无聊。
6970	objLu	在莫哈布米做建筑是个特别的挑战。
6971	objLu	那以前是我的课题...
6972	objLu	我本来在学习成为一名建筑师。
6973	objLu	直到现在，我已经不学了。
6974	objLu	人怎么知道...
6975	objLu	自己真正想做什么？
6976	objLu	我甚至无法决定自己住所的方向。
6977	objPing	{shake .8}{size 2}站住！
6978	objPing	{}{size 1.5}离墙远点！
6979	objPing	报上名来！
6980	objPing	这个|巫师||在森林里干什么？
6981	objMiriam	什||么？
6987	objBard	{size 1.5}我们有消息要传给国王！
6988	objMiriam	我们在这有什么问题吗，|老兄？
6989	objPing	{shake}你可是个{quake}巫师！{/shake}
6990	objMiriam	是，|我...||所以呢？？？
6991	objPing	现在是危险时期！
6992	objPing	我们不能随便让人通过这里！
6993	objPing	请稍等...
6994	objPing	{size .7}{font 2}怎么回事？
6995	objPing	{font 1}门口|有一个|巫师！
6996	objPing	{font 2}哇啊，|什么？
6997	objPing	{font 2}在森林里？
6998	objPing	{font 2}让我看看。
6999	objPing	{font 1}他们说有||要传给国王的消息...
7000	objPing	{font 2}嗯，|真的吗？
7001	objPing	{font 2}我看他们不像坏人...
7004	objPing	{font 1}{size .8}菲尔！！|他们显然是|||间谍！{/shake}
7005	objPing	{font 2}我不晓得，|兄弟。
7006	objPing	{font 2}我看他们像难民。
7008	objPing	{font 2}我们总不能把他们丢给怪物，|对吧？
7009	objPing	{font 1}我觉得||没问题...
7010	objPing	{font 2}{wiggle}不不不不不不|不行！{/wiggle}
7011	objPing	{font 2}让他们进来吧，|兄弟。
7012	objPing	{font 2}没时间计较这个了。
7013	objPing	{font 1}...
7014	objPing	{}{size 1.5}好吧，||我会|放你们进来。
7015	objPing	但请尽快通过！！！
7016	objManny	你是新来的吧？|欢迎来到德尔菲。
7017	objManny	这个小镇曾经很美好。
7018	objManny	但这些人已经很久没有见过美好的东西了。
7019	objManny	他们的精神正在{shake .5}消亡{/shake}|，知道吗？
7020	objManny	我会改变这一切，|我要唤醒他们的灵魂！
7021	objManny	但我需要||一位歌手...
7022	objManny	所以，||大家都清楚计划，|对吧？
7023	objViola	嗯哼。
7024	objClara	差不多吧。
7025	objBard	嗯，||我好像不知道！
7026	objManny	哦对。
7027	objManny	别担心王牌，|我们可给你安排好了。
7028	objViola	跟着我们的节奏就行。
7029	objManny	我们会表现得很棒的！
7030	objClara	{size .6}但愿吧...
7031	objManny	{size 1}别太紧张。
7032	objManny	这只是我们的第一场演出。||没人认识我们！
7033	objManny	观众不会太多的。
7034	objManny	就当是热身啦！
7035	objWhit	喂，||你们到底{quake}准备好了没？？
7036	objManny	好了好了，|抱歉迟到了！
7037	objWhit	几乎整个镇子的人都来了！！
7038	objWhit	他们可都在外面等着呢，|兄弟。
7039	objManny	几乎...||整个镇子的人，|啊？
7040	objWhit	{shake .5}对|{}，整个镇子！
7041	objWhit	你以为他们今晚还有别的事可做吗？？
7042	objWhit	希望你们对得起他们的等待！
7043	objClara	{size .6}{shake .3}艾娅之弦保佑啊...
7044	objWhit	{}准备好了就上场，|舞台就在这扇门后面！
7045	objManny	{shake}王牌！！！
7046	objManny	{}谁能想到我们会在德尔菲再次相遇！
7047	objManny	我以为我们再也不会回来了。
7048	objManny	你也是！
7049	objManny	但奇迹发生了！
7050	objManny	德尔菲比以往任何时候都要闪耀！
7051	objManny	我们还刚从环球冒险回来！
7052	objManny	感觉那种精气神全部|{shake}回来啦！{/shake}
7053	objManny	我们要在这演几出让人永生难忘的表演！
7054	objManny	看来你的旅程也快结束了，|对吧？
7055	objManny	你可得再和我们一起演唱！
7056	objManny	{shake}意下如何？！
7057	objBard	{}必须的！！！
7058	objBard	但...|不是现在！
7059	objBard	我已经很久没回家了。
7060	objBard	我想先休息休息。
7061	objBard	但我保证我会回来的！
7062	objManny	我可记住你说的了，|王牌！
7063	objManny	整个乐队都想死你了！
7064	objManny	我不能离开德尔菲太久。
7065	objManny	她是我的小镇子！
7066	objManny	她养育我长大，|给了我很多。
7067	objManny	即使我现在已经走遍了世界...
7068	objManny	但如果不是因为她，我哪儿都去不了。
7069	objManny	我欠这个地方太多了。
7070	objManny	我要一点点报答...
7071	objManny	因为我敢肯定，|这里还有人需要我的帮助！
7072	objManny	你知道吗，|我那小子可不是开玩笑。
7073	objManny	这个镇子需要一个猛烈的冲击。
7074	objManny	而{shake .3}今||晚！{}就是我们给它一击的时刻！
7075	objManny	就是现在！！||我们的高光时刻！！
7076	objManny	没有你这一切都不可能，|王牌！
7077	objManny	千万别忘了这点！
7078	objManny	我可没抱怨，|我在这活了一辈子。
7079	objManny	我爱我的家乡！
7080	objManny	现在终于到了我{wiggle}回报||的时候！{}知道吗？
7081	objManny	只要我们做到了，|他们会永远记得我们的！
7082	objManny	你是新来的吧？|欢迎来到德尔菲。
7083	objManny	这个小镇曾经十分辉煌。
7084	objManny	但这些人已经很久没有见过美好的东西了。
7085	objManny	他们的精神正在{shake .5}消亡{/shake}|，知道吗？
7086	objManny	我会改变这一切，|我要唤醒他们的灵魂！
7087	objManny	我要让小镇的精气神重新回来！
7088	objManny	但我需要||一位歌手...
7089	objManny	{wiggle}你的||嗓音...{/wiggle}
7090	objManny	在我组建的乐队里，|它会{shake .4}完美{/shake}无比！！
7091	objManny	我叫曼尼。
7092	objManny	很高兴认识你，||王牌！
7093	objManny	只是...
7094	objManny	现在|乐队里只有咱俩。
7095	objManny	所以||帮个忙！！
7096	objManny	帮帮我找两个别的音乐家！
7097	objManny	我们会办一场这个小镇前所未有的演出！！
7098	objMiriam	嗯哼。
7099	objMiriam	谢谢你的支线任务，|老兄。
7100	objMiriam	{shake .5}但我们没时间在这破地方满足每个人的小要求！{/shake}
7101	objMiriam	专心找风之女王的歌吧，|{name}。
7103	objManny	别打击我们啊！
7104	objManny	我觉得再来两个表演者就够了...
7105	objManny	我都能看到！||那完美的演出近在眼前...
7106	objManny	我们的表演者在等着呢，|王牌！||快去找他们！
7107	objManny	我干这行已经很久了，||这可不是容易活！
7108	objManny	但只要成功，||整个镇子的人都不会忘记我...
7109	objManny	不敢相信我能有和{wiggle}维奥拉{/wiggle}同台演出的一天！
7110	objManny	她简直是天才！
7111	objManny	而且长得也，|挺标致...
7112	objViola	噢，曼尼。
7113	objViola	当然了，|你说的太对了...
7114	objViola	但是||{quake}{anim sprViola_T_T}闭嘴。
7115	objManny	哎呀！||实话实说嘛。
7116	objManny	总之，|王牌，|我们还差一个表演者。
7117	objManny	越快越好。
7119	objManny	你知道吗，|王牌，|德尔菲有一位世界闻名的手风琴手！
7120	objManny	或者说，||嗯...|曾经有。
7121	objManny	听说她刚刚去世，||太悲痛了！
7122	objManny	就葬在本地的墓园！
7123	objManny	你觉得呢？||我们乐队里能有个幽灵成员吗？
7124	objManny	你听过维奥拉演奏了，|对吧？
7125	objManny	她太有天赋了！
7126	objManny	但我总觉得...
7127	objManny	{shake}内心深处{/shake}|有种感觉...
7128	objManny	那就是我们还缺一个人！
7129	objManny	你必须找到他们，|王牌！
7130	objManny	越快越好！
7131	objManny	王牌！|这个埃什有点东西啊。
7132	objManny	TA妈妈就是那个著名手风琴家！
7133	objManny	我从没听过埃什演奏，
7134	objManny	但|天赋应该会遗传的吧？
7135	objManny	再来一个表演者咱们乐队就能组齐了！
7136	objManny	越快越好！
7137	objManny	我不确定该不该这么说...
7138	objManny	但埃什看起来有些消沉，|对吧？
7139	objManny	不过，|只要技术到家，|音乐就不会差！
7140	objManny	再来一个表演者咱们乐队就能组齐了！
7141	objManny	越快越好！
7142	objManny	王牌！||你做到啦！！
7143	objManny	你可找了|{wiggle}一群狠角色{/wiggle}啊！
7144	objManny	但你猜怎么着？||德尔菲就是这么{shake .4}人才济济{/shake}！
7146	objManny	有件事我忘了告诉你，
7147	objManny	其实|在遇见你之前我就预定好演出了！
7148	objManny	就在疯鸦酒馆。||就在今晚！
7149	objManny	准确来说，|是现在！
7150	objManny	而且||我们已经||{shake .5}迟迟迟到了{/shake}！！！
7151	objManny	所以|快跟我来！
7152	objManny	现在|坏消息是...
7153	objManny	我们已经错过了预定的演出。
7154	objManny	疯鸦酒馆因为这个跟咱闹掰了。
7155	objManny	所以，||呃...|乐队暂时没活接了。
7156	objManny	不过嘿！
7157	objManny	总会有新机会的，|对吧？
7158	objManny	别走啊，|王牌！
7159	objManny	我们迟早会成为明星的！
7160	objManny	王牌，|那真是{quake}{shake}太棒了！{/shake}
7161	objManny	我怎么聊都聊不够！
7162	objManny	我要让你成为{shake}大明星！！{/shake}
7163	objManny	你|会|继续跟我们一起演出，|对吧？
7164	objManny	我真的感觉今天的小镇变得不一样了！
7165	objManny	好像他们的精气神都回来了，||{shake}太好啦！{/shake}
7166	objManny	该死...
7167	objManny	看来只能这样了，|是吧？
7168	objManny	即使没有你，|我们也会继续演奏的。
7169	objManny	这个小镇需要我们！
7170	objManny	但我们永远不会忘记你，|王牌。
7171	objManny	抱歉，|我不是想让你内疚。
7172	objManny	但我不能骗你说这不可惜。
7173	objManny	我们会非常想你的。
7174	objManny	{shake .5}老天|爷啊...
7175	objManny	{shake}王牌！！！{/shake}
7176	objBard	曼尼！！！
7177	objManny	见到你真是太高兴了！
7178	objManny	我就知道咱们还会再见...
7179	objManny	真是好久不见啊！
7180	objManny	我们没什么时间聊天...
7181	objManny	因为我们马上就要上台了！
7182	objManny	一旦上了台，
7183	objManny	今晚就别想下来了...
7184	objManny	这些巫师可太会搞派对了。
7185	objClara	我还在做心理准备。
7186	objViola	我们要让他们度过难忘的一晚！
7187	objManny	待会记得来看演出！
7188	objManny	天呐！！！|| 见到你真好，王牌。
7189	objManny	你走后，| 我们就开始了巡回演出！
7190	objManny	我们跑遍了|{wiggle}世界各地{/wiggle}！
7191	objViola	简直是场大冒险！
7192	objClara	可能|有点太冒险了...
7193	objManny	是啊||，确实不容易。
7194	objBard	真的吗？
7198	objManny	乐器被偷过...
7199	objManny	被鲁勒国驱逐...
7200	objClara	还有那次被指控海上犯罪。
7201	objManny	我们确实惹过不少麻烦。
7202	objManny	不过最后都化险为夷了！
7203	objManny	我们还在继续前进！
7204	objManny	甚至找到了新主唱！
7206	objManny	{size .6}（...不过没有你的乐队终究不一样，|王牌。）
7207	objViola	{size 1}我们很想你！
7208	objViola	真希望你能和我们一起旅行...
7209	objBard	哇！
7210	objBard	听起来真的很有趣！
7211	objBard	但...||我得去拯救世界！
7213	objClara	听起来很重要呢。
7214	objManny	追随你自己的内心吧，|王牌！
7215	objBard	不过能再见到你们真是太棒了。
7216	objBard	没想到你们会离开德尔菲！
7217	objBard	？
7218	objManny	德尔菲已经不剩什么东西了，| 王牌。
7219	objManny	你走后|德尔菲就变了...
7225	objViola	空气中|弥漫着一股|黑暗的气息...
7226	objClara	阳光不那么明媚了。
7227	objClara	风也停了下来...
7228	objViola	然后怪物就出现了！
7230	objBard	怪物？
7231	objClara	它们太可怕了。
7232	objClara	黑暗的||生物...
7233	objClara	它们摧毁了房屋...
7234	objClara	袭击无辜的人们...
7235	objManny	非常邪恶，|可怕的东西。
7236	objBard	我好像见过那种怪物。
7237	objBard	小镇已经|||不存在了吗？
7238	objClara	呃...
7239	objManny	小镇还在。
7240	objManny	但已不复往日。
7241	objClara	那里不安全。
7242	objClara	留下的人整天心惊胆颤。
7243	objManny	我们尽力了。
7244	objManny	我爱我的小镇，| 王牌。
7245	objManny	离开它|是个艰难的决定。
7246	objManny	但我们别无选择。
7247	objBard	噢。
7248	objBard	我很抱歉...
7249	objBard	不过||你们没事真是太好了！
7252	objManny	我们的音乐真的带来了改变，|王牌！
7253	objManny	我深信这一点。
7254	objManny	我们鼓舞着人们的士气！
7255	objManny	延续着你带给我们的正能量...
7256	objManny	自从我们离开之后，
7257	objManny	我们把这力量传遍了世界！
7258	objBard	哇哦！
7259	objManny	虽然德尔菲遭遇了不测...
7260	objManny	但我们给了他们坚强的意志，| 王牌。
7261	objManny	而且那里还有善良的人。
7262	objViola	对！|比如那个巫师...
7263	objBard	巫师？
7264	objManny	哦对。
7265	objManny	萨菲亚！
7266	objBard	萨菲亚？
7267	objClara	她是位慈祥的矮个子老奶奶。
7268	objBard	{shake}那是米莉安的奶奶！！！{/shake}
7269	objManny	啊？
7270	objViola	谁？
7271	objBard	哦！||你们没见过她...
7272	objBard	她人超好。
7273	objManny	既然是是萨菲亚的亲人，|肯定不会差。
7274	objClara	萨菲亚一直在保护德尔菲。
7275	objClara	只有她能对抗那些怪物...
7276	objViola	对一个老太太来说太厉害了！
7277	objBard	原来如此...
7278	objManny	好了，|不说这些了！
7279	objManny	王牌...|||我们还有{shake}演出要准备！{/shake}
7280	objViola	没错！
7281	objManny	见到你真是太棒了。
7282	objClara	别忘了我们。
7283	objManny	乐队随时欢迎你回来！
7284	objManny	老天|{quake}{shake}爷啊！{/shake}
7285	objManny	那|{shake .6}声音{/shake}！
7286	objManny	那正是{shake .5}我一直在寻找的！{/shake}
7287	objMarkus	{size 1.5}{shake}啊|-{quake}哈！！
7288	objMarkus	{/shake}{size 1.2}是你啊。
7289	objBard	{}是你把我的朋友绑起来的？？
7290	objMarkus	|||是的。
7291	objMarkus	对此我真的非常抱歉。
7292	objMarkus	但你要明白，
7293	objMarkus	我相信我妻子离开我是因为我的...||经济状况。
7294	objMarkus	意思是。|我很穷。
7295	objMarkus	但我听说你现在有一颗非常值钱的宝石。
7296	objMarkus	所以明白了吧，
7297	objMarkus	我别无选择...
7298	objMarkus	只能偷偷溜上你的船，
7299	objMarkus	绑起你的朋友，
7300	objMarkus	然后把宝石当赎金。
7304	objPeggy	{shake}真是个混蛋！！！
7305	objMiriam	我同意！！！
7306	objMiriam	{shake .5}{size .85}这蠢货根本不知道他惹上了什么...
7307	objMiriam	我要把他轰飞到下个星期！！！
7308	objBard	{size 1}哇啊啊等等等等！！！
7309	objBard	{/shake}就算这家伙是个混蛋，我们也不一定要把他||{shake 1}轰飞{/shake}吧！！
7310	objFrancisco	说实话我没意见。
7311	objPeggy	{shake .8}认真的吗，||{quake}这家伙真是个混蛋！！！{/shake}
7312	objMiriam	{wiggle}{shake}呃呃呃啊啊啊啊...{/shake}{/wiggle}
7313	objMiriam	我大概猜到故事的走向了。
7314	objMiriam	小{name}想要拯救局势而不伤害任何人。
7315	objMiriam	但在这种情况下是行不通的！！
7316	objMiriam	{shake .5}有些人就该被||{quake}狠狠教训一下！！{/shake}
7317	objBard	给我个机会！！
7318	objMarkus	我得说，||我很震惊你们的做法。
7319	objMarkus	...
7320	objMarkus	你是不打算把宝石给我，||是吧...
7321	objBard	我真的没有那宝石！
7322	objMarkus	我只是不知道我该怎么办。
7323	objMarkus	我该怎么才能赢回我妻子呢...？
7324	objMarkus	她什么也没说就离开了...
7325	objMarkus	她离开肯定是因为钱...
7326	objMarkus	我是个靠海吃饭的人，|我不是百万富翁。
7327	objMarkus	但大海是我最初的挚爱。|我放不下它。
7328	objBard	你们上次谈话是什么时候？
7329	objMarkus	我们上次谈话...
7330	objMarkus	...
7331	objMarkus	|||我说了一些让我后悔的话...
7332	objMarkus	...
7333	objMarkus	这可能才是她离开的原因。
7334	objMarkus	...
7335	objMarkus	我都不知道自己现在在干什么了。
7336	objMarkus	我从这种情况脱身的。
7337	objMarkus	谢谢你的咖啡。
7338	objMarkus	啊，||又是你。
7339	objMarkus	...
7340	objMarkus	我意识到我当时有多混账了。
7341	objMarkus	我想为此道歉。
7342	objMarkus	我已经花时间反思了过去。
7343	objMarkus	我后悔于曾经的失控和咄咄逼人。
7344	objMarkus	...我想这才是妻子离开我的原因。
7345	objMarkus	我知道我不配...
7346	objMarkus	但我希望我们能不计前嫌。
7347	objMarkus	我希望我们能做朋友。
7348	objMarkus	啊！！！
7349	objMarkus	嘿！
7350	objMarkus	好疼！
7351	objBard	啊-|哈！
7352	objBard	现在你总该放我们走了|吧？
7353	objMarkus	不！
7354	objMarkus	我的情绪从来没这么激动过。
7355	objMarkus	你只是在让事态升级！
7356	objBard	哦。
7357	objMarkus	瞧瞧这个！！！
7358	objMarkus	你难道看不出来...
7359	objMarkus	你的暴力只会引发更多的暴力吗。
7360	objMarkus	你不能用暴力来解决问题！
7361	objBard	但是|{wiggle}你{}|先动的手！！！
7363	objBard	你把我的朋友绑起来了！
7364	objMarkus	啊，||对。
7365	objMarkus	我觉得你说得对。
7366	objMarkus	但是，|你看...
7367	objMarkus	我比你强壮多了。
7368	objMarkus	所以暴力对我来说是有效的手段。
7369	objMarkus	呃啊啊啊！！！
7370	objMarkus	我明白你不愿让步...
7371	objMarkus	不愿停止对我施暴。
7372	objBard	对！！！
7373	objMarkus	那就这样吧。
7374	objMarkus	但这解决不了问题。
7375	objBard	哈！！|接招吧！
7376	objMarkus	...
7377	objMarkus	...
7378	objMarkus	...
7379	objMarkus	离远看，|我还以为你带来了宝石...
7380	objMarkus	但那只是...||一杯咖啡。
7381	objMarkus	你要给我吗？
7382	objBard	不，|是|给|我|的！
7383	objBard	对！
7385	objMarkus	嗯...||你也看到了，|我手上没空了...
7386	objMarkus	不过我感谢你的心意。
7387	objMarkus	哦！
7388	objMarkus	那...||谢谢你。
7389	objMarkus	{shake .8}把那颗宝石给我！{/shake}
7390	objBard	我根本就没有！！
7391	objMarkus	||我不信。
7392	objBard	{shake .5}||.|.|.||嗷。{/shake}
7393	objBard	为什么一定要打人啊？？
7394	objMarkus	{/shake}这能发泄我男人的自卑！
7395	objMarkus	通过体格上的压制！
7397	objMiriam	混蛋...
7398	objMarkus	这是徒劳的！
7399	objMarkus	没有宝石我不会放弃。
7400	objMarkus	{shake .8}把||宝石||{quake}交出来！{/shake}
7401	objBard	我已经尽量友善了！！
7402	objMarkus	一方面，|我不明白你为什么一直跑过来。
7403	objMarkus	我明显比你强多了。
7404	objMarkus	另一方面，|打你真的很爽。
7405	objMarkus	所以欢迎你继续尝试。
7406	objMarkus	...被打这么多次不疼吗？
7407	objBard	疼，非常疼！！
7408	objMarkus	那你为什么还要继续呢？
7409	objBard	我|猜|你|喜|欢这|样
7410	objBard	我|觉|得|能|打|败|你
7411	objBard	我|也|不|知|道
7412	objMarkus	嗯...
7413	objMarkus	...
7414	objMarkus	你还挺贴心...
7415	objMarkus	...
7416	objMarkus	所以...||你真的没有宝石？
7417	objBard	我真的没有！！！
7418	objMarkus	嗯...
7419	objMarkus	好吧。||够了。
7420	objMarkus	我原以为我想要的是那颗宝石，
7421	objMarkus	但我现在明白了，我真正想要的是发泄内心潜在的攻击欲。
7422	objMarkus	现在我已经打了你八次，
7423	objMarkus	我没之前那么冲动了。
7424	objMarkus	我感觉到了平静。
7425	objMarkus	谢谢你为我做这些。
7426	objMarkus	我现在就从这种情况脱身。
7427	objMarkus	{}{shake .5}{size 1.2}喂。
7428	objMarkus	{}{size 1.2}你以为你在这儿能干嘛，||小鬼？？
7429	objBard	{}呃
7430	objMarkus	{shake .5}{size 1.5}哈？？
7431	objPeggy	{}冷静点，马库斯！！
7432	objPeggy	这怪家伙是我们的人！！
7433	objPeggy	我们很酷！
7434	objPeggy	赶紧退后，|你这{quake}混蛋！！
7435	objMarkus	...
7436	objMarkus	...对不起。
7437	objMarkus	我妻子||最近离开了我...
7438	objMarkus	这让我感觉很没尊严，
7439	objMarkus	所以我才想要用肢体语言找回自信...
7440	objMarkus	表现我男性的自卑情绪，
7441	objMarkus	你懂吗？
7442	objBard	呃...
7443	objMarkus	我很高兴你理解。
7444	objMarkus	我现在就从这种情况脱身。
7445	objPeggy	真是个混蛋！！
7446	objMarley	小百灵！
7447	objMarley	天啊...||有段时间没见了。
7448	objMarley	你一定经历了一场精彩的冒险！
7449	objMarley	我想听你全部讲一遍！
7450	objMarley	哦...||末日快来了，|是吧？
7451	objMarley	我有个很可怕的想法...
7452	objMarley	可能连你...
7453	objMarley	给我讲故事的时间都不够了。
7454	objMarley	我好怀念和你聊天的日子，|小百灵。
7455	objMarley	我们以前巴不得永远聊下去，|对吧？
7456	objMarley	但“永远”已经结束了...
7457	objMarley	我这辈子过得很幸福...
7458	objMarley	身边能有|你这么可爱的人...
7459	objMarley	还有弗朗辛...
7460	objMarley	还有整个朗特里...
7461	objMarley	我已经心满意足了。
7462	objMarley	但，|我还是希望...
7463	objMarley	我希望大家能有更多时间，|小百灵。
7464	objMarley	谢谢你的微笑，
7465	objMarley	还有你的音乐...
7466	objMarley	爱你哦，|小百灵。
7467	objMarley	你好啊，|小百灵！
7468	objMarley	我一直在这里躲那些幽灵...
7469	objMarley	可能只要我再等等，|它们就会离开。
7470	objMarley	你在做什么？
7471	objBard	躲|避！
7472	objBard	唱|歌！
7473	objBard	拯|救|小|镇！！！
7474	objMarley	嗯...||我们可是一根绳上的蚂蚱！
7475	objMarley	这也挺好的，|对吧？
7476	objMarley	我相信镇长很快会解决这些鬼魂。
7477	objMarley	我看得出来！
7478	objMarley	那就|像往常一样吧。
7479	objMarley	我就喜欢这样！
7480	objMarley	哎呀！|多么了不起的小英雄！
7481	objMarley	一定要小心，|小百灵...
7482	objMarley	拯救城镇是镇长该做的事。
7483	objMarley	从老镇长去世，|到现在发生了这些...
7484	objMarley	这对我们的小朗特里来说是场危机！
7485	objMarley	但你别担心。
7486	objMarley	你不像我们其他人一样|是在这里长大的，
7487	objMarley	所以你可能不知道...
7488	objMarley	但是，|我们经历过更糟的事情。
7489	objMarley	我们总能挺过风暴。
7490	objMarley	你见到弗朗辛了吗？
7491	objMarley	她去拜访镇外的露比了。
7492	objMarley	自从罗恩去世后...
7493	objMarley	大家都在尽力帮助可怜的老露比。
7494	objMarley	我们虽然人不多，|但总是团结一心。
7495	objMarley	这正是我爱朗特里的原因！
7496	objMarley	但我真的希望|她现在能在我身边。
7497	objMarley	见到你让我感觉好了一点点！
7498	objMarley	你的年轻活力真是太有感染力了。
7499	objMarley	说起来...
7500	objMarley	你多|{wiggle}大{/wiggle}|了？
7501	objBard	呃
7502	objBard	嗯...
7503	objBard	真|没|礼|貌！
7504	objBard	还|是|孩|子！！！
7505	objBard	没|那|么|老|吧？？
7506	objBard	耸|肩！
7507	objMarley	嗯，||内心肯定还是个孩子。
7508	objMarley	这没什么不好！
7509	objMarley	你就像一只唱歌的小鸟，
7510	objMarley	走到哪都带来微笑。
7511	objMarley	很高兴和你聊天，小百灵。
7512	objMarley	大家都和亲人团聚了...
7513	objMarley	最重要的是，|弗朗辛在我身边！
7514	objMarley	所以我很幸福！
7515	objMarley	我只是想知道他们说世界末日是不是真的...
7516	objMarley	说实话...
7517	objMarley	我早就有这种预感了。
7518	objMarley	我是说|世界末日。
7519	objMarley	就像一场梦一样...
7520	objMarley	实在是太难以接受了。
7521	objMarley	但如果是真的，|至少我还有弗朗辛陪着我。
7908	objMastanama	好吧，|又是和鲁勒战斗的一天！
7909	objMastanama	大伙可能不怎么讨论这个，
7910	objMastanama	但你得|{shake}打赌{/shake}|，他们肯定想着呢，|呵！
7911	objMastanama	所有人都为战争焦虑，|东奔西跑...
7912	objMastanama	但到了我这个年纪，|已经没什么大不了的了。
7913	objMastanama	这就是钱德什人的生活...
7914	objMastanama	那些动物主义者确实挺吓人的。
7915	objMastanama	我听说他们派了|{shake .5}怪物{/shake}|来对付我们！
7917	objMastanama	不过我也在这附近见到过那个英雄！
7918	objMastanama	我觉得是艾娅派英雄来保护我们的。
7919	objMastanama	艾娅是站在我们这边的！
7920	objMastanama	所以我们这会永远安全的。
7921	objMatilda	哦！
7922	objMatilda	你吓到我了！
7923	objMatilda	你怎么随便闯进别人屋里？
7924	objMatilda	嗯...||正好我现在正有个麻烦...
7925	objMatilda	我今晚要为演出乐队唱歌，
7926	objMatilda	但我们的指挥把乐谱弄丢了...||太糟糕了！
7927	objMatilda	你了解音乐吗？
7928	objBard	不|懂！
7929	objBard	我|可|以|写！
7930	objMatilda	你怎么随便闯进别人屋里？
7931	objBard	我|不|知|道
7932	objBard	给|你|写|音|乐！
7933	objMatilda	你就这么站在那儿吗？
7934	objMatilda	还是要来写我那部分？
7935	objBard	站|着。
7936	objBard	音|乐！
7937	objMatilda	那就别打扰我！
7938	objMatilda	...
7939	objMatilda	这样吗！
7940	objMatilda	是为今晚的演出吗？
7941	objMatilda	好吧，|让我告诉你...
7942	objMatilda	我的部分绝对是最重要的！
7943	objMatilda	我正好是中间那段！||三段中的第二段！
7944	objMatilda	我要负责吸引观众的注意，
7945	objMatilda	同时承担歌曲的“精华”部分！
7946	objMatilda	如果你能写好这部分...
7947	objMatilda	那就让我看看你的本事！
7948	objMatilda	记住，|我是三段中的第二段。
7949	objMatilda	唱来听听！
7950	objMatilda	啦||啦...||这是中间那部分！
7951	objMatilda	你觉得怎么样？
7952	objBard	听|着|不|错！
7953	objBard	换|一|版|吧！
7954	objMatilda	哎呀|谢谢你！
7955	objMatilda	嗯！||你不觉得我们能做得更好吗？
7956	objMatilda	来听听中间段能有多精彩！
7957	objMatilda	哦，|是你啊！
7958	objMatilda	那个怪怪的家伙...
7959	objMatilda	从监狱里逃出来的，
7960	objMatilda	偷偷藏在我船上的，
7961	objMatilda	偷偷溜进我的房间，|给我唱了一首歌。
7962	objMatilda	那么，|你最近如何？
7963	objMatilda	最近又犯法了吗？
7964	objMatilda	莫哈布米是个非常美妙、|充满音乐的城市！
7965	objMatilda	不敢相信外面还有人...
7966	objMatilda	想要摧毁它！
7967	objMatilda	那些喜欢怪物的鲁勒人真让我害怕！
7968	objMatilda	他们的监狱一定是个噩梦。
7969	objMatilda	我敢肯定你|见过...|恐怖的事情。
7970	objMatilda	难怪你出来后...||变得这么扭曲...
7971	objMatilda	谢天谢地，战争还没蔓延到我们这里。
7972	objMatilda	你来对地方了，这里是个避难的好地方。
7973	objMatilda	但战争的阴影近在咫尺！
7974	objMatilda	听说森林里有怪物...
7975	objMatilda	鲁勒人也|都养着自己的怪物。
7976	objMatilda	你觉得那是巧合吗？
7977	objMatilda	我们在这里不会永远安全下去的。
7978	objMatilda	抱歉。
7979	objMatilda	那简直一无是处！
7980	objMatilda	这怎么能支撑整首曲子的中段？！
7981	objMatilda	我们试着加点激情再来一遍！
7982	objBard	现|在|不|行...
7983	objBard	我|试|试！
7984	objMatilda	天哪！
7985	objMatilda	那太复杂了！
7986	objMatilda	...||但我觉得我记不住那么多...
7987	objMatilda	我们再简单一点试试吧。
7988	objBard	现|在|不|行...
7989	objBard	我|试|试！
7990	objMatilda	哦。||放弃了|吗？
7991	objMatilda	你永远坚持不下这最关键的中段...
7992	objMatilda	你这种态度可不行！
7993	objMatilda	啦||啦...||是这样吗？
7994	objBard	我|再|试|试。
7995	objBard	是|的！
7996	objMatilda	啦||啦...||是这样吗？
7997	objBard	我|再|试|试。
7998	objBard	播|放|原|来|那|段？
7999	objBard	是|的！
8000	objMatilda	这是我们现在那版...
8001	objBard	让|我|再|唱|一|次。
8002	objBard	播|放|刚|刚|那|段？
8003	objBard	换|成|这|个！
8004	objMatilda	哎哟！||不错嘛！
8005	objMatilda	那就这样了，|对吧？
8006	objMatilda	我们很快就要上台演出了！
8007	objMatilda	别忘了乐队的其他成员哦！
8008	objMatriarch	孩子！
8009	objMatriarch	你真是让我眼前一亮啊...
8010	objMatriarch	这里的情况简直一团糟。
8011	objMatriarch	你可能已经注意到了。
8012	objMatriarch	我已经尽力帮助乡亲们了...
8013	objMatriarch	但|我也只能做这么多了。
8014	objMatriarch	我想这就是老爹说的世界末日。
8015	objMatriarch	你也是|来见证末日的吗？
8016	objMatriarch	我这段时间想了很多很多，| 然后...
8017	objMatriarch	我觉得我没什么遗憾了，|孩子。
8018	objMatriarch	|||如果这真的是末日...
8019	objMatriarch	我很高兴能陪乡亲们走到最后。
8020	objMatriarch	还有我老爹。
8021	objMatriarch	这世界上我没有更想要的东西了...
8022	objMatriarch	因为我已经得到了。
8023	objMatriarch	道理就这么简单。
8024	objMatriarch	朗特里是我骨子里的家。
8025	objMatriarch	我要陪它到最后。
8026	objMatriarch	我知道你不是在这儿长大的，
8027	objMatriarch	但我一直知道朗特里也是你的家。
8028	objMatriarch	看到你现在回来真是太好了。
8029	objMatriarch	你是我们大家庭的一员，|孩子。
8030	objMatriarch	孩子！||你知道通往沉眠之树的路吗？
8031	objBard	不|知|道！
8032	objBard	知|道！
8033	objMatriarch	往左走出镇子，爬上那座小山。
8034	objMatriarch	对着那棵树唱歌吧！
8035	objMatriarch	去那儿唱歌吧！
8036	objMatriarch	我会留在这儿确保我的乡亲们安全
8037	objMatriarch	{size .7}虽然不知道不能唱歌还能干什么，但...
8038	objMatriarch	{shake .5}见|鬼||{shake}的幽灵！！！{/shake}
8039	objMatriarch	敢在|{shake}{quake}我的{/shake}|小镇胡闹？
8044	objMatriarch	小心点，孩子！！
8045	objMatriarch	把这个交给|{shake}镇长来处理！
8046	objMatriarch	我眼花了吗，||那只幽灵刚刚是不是变小了...
8047	objMatriarch	{}好|家|伙！
8048	objMatriarch	你的歌声这次居然起作用了！
8049	objBard	是|啊！
8050	objMatriarch	你是个好孩子。
8051	objMatriarch	但我们今天还是被幽灵惹得团团转，所以...
8052	objMatriarch	别惹麻烦！
8053	objMatriarch	你还有时间再创造些奇迹吗？
8054	objBard	当|然
8055	objBard	当！|然！
8056	objBard	是|的！！
8057	objBard	必|须|的！
8058	objBard	啊|啊|啊|啊|啊！
8059	objBard	可|能|吧
8060	objMatriarch	听起来像是答应了嘛！
8061	objMatriarch	朗特里有个被称为统领的守护灵
8062	objMatriarch	他能解释幽灵暴动的原因
8063	objMatriarch	要见他，你只需要学会他的歌
8064	objMatriarch	而且只有|{wiggle}一个{/wiggle}|人知道那首歌...
8065	objBard	谁？？？
8066	objMatriarch	露比||，隔壁的那位女士...
8067	objMatriarch	她是个暴脾气，||但她绝对有一颗善良的老心肠。
8068	objMatriarch	只要好好地问她就行。
8073	objMatriarch	你就是那个唱歌驱散幽灵的人吧...
8074	objMatriarch	我本来觉得吟游诗人一点用都没有！
8075	objBard	哈哈！|是啊！
8076	objMatriarch	你是个好孩子。
8077	objMatriarch	我有件事想拜托你。
8078	objMatriarch	到外面来说吧...
8088	objMatriarch	在所有幽灵平息之前，这里的人都不安全
8089	objMatriarch	要是有谁能顺便唱跑所有幽灵就好了。
8090	objMatriarch	是啊...|||那就太好了。
8094	objMatriarch	朗特里需要一个值得信任的镇长。
8095	objMatriarch	挥了那么多扫帚，我得歇歇胳膊了...
8096	objMatriarch	但待会我还会继续干！
8097	objMatriarch	镇上都说是{wiggle}你{}把所有幽灵唱走了！
8098	objMatriarch	我本来觉得吟游诗人一点用都没有！
8099	objBard	哈哈！|是啊！
8101	objMatriarch	我有件事想拜托你。
8102	objMatriarch	你还有时间再创造点奇迹吗？
8103	objBard	当|然
8104	objBard	当！|然！
8105	objBard	是|的！！
8106	objBard	必|须|的！
8107	objBard	啊|啊|啊|啊|啊|啊
8108	objBard	可|能|吧
8109	objMatriarch	我就当你答应了！
8110	objMatriarch	朗特里有个被称为统领的守护灵
8111	objMatriarch	他能解释幽灵暴动的原因
8112	objMatriarch	要见他，你只需要学会他的歌
8113	objBard	你{wiggle}知道{/wiggle}那首歌吗？
8114	objMatriarch	嗯，||知道...
8115	objBard	你能唱给我听吗？
8116	objMatriarch	...
8117	objMatriarch	我不是这个意思。
8118	objMatriarch	我不擅长唱歌。
8119	objBard	那|怎|么|办？
8120	objBard	你|能|行|的！
8121	objMatriarch	说真的，||我真不太行
8122	objBard	那|就|算|了
8123	objBard	尽|力|就|好！
8125	objMatriarch	...|||好吧。
8126	objMatriarch	准备好跟我一起唱！
8127	objMatriarch	...
8128	objMatriarch	好吧，|这完全没用
8129	objBard	没关系！！
8130	objBard	但是...||有没有别人||能||给我唱那首歌？
8131	objMatriarch	是|，有一个人。
8132	objMatriarch	还有|{wiggle}一个人{/wiggle}|知道那首歌...
8133	objMatriarch	而且唱得特别好。
8134	objBard	谁？？？
8135	objMatriarch	露比。
8136	objBard	那个凶巴巴的老太太？
8137	objMatriarch	是的
8138	objBard	{speed .25}她是{/speed}唯一|还|知道这首歌的人？
8139	objMatriarch	千真万确
8140	objMatriarch	她是个暴脾气，||但她绝对有一颗善良的老心肠...
8141	objMatriarch	好好跟她说就好。
8142	objMatriarch	我会去镇右边露比的家
8143	objMatriarch	我会去露比家，就在这。
8144	objMatriarch	她是个老怪人，|但她能帮到你
8145	objMatriarch	嘿，孩子。你忘了沉眠之树在哪了吗？
8146	objBard	没，|只|是|打|招|呼！
8147	objBard	是|的...
8148	objMatriarch	你真是个小可爱。
8149	objMatriarch	...
8150	objMatriarch	嗨。
8151	objMatriarch	从镇子的左边出去...
8152	objMatriarch	就在外面那座小山丘上。
8154	objMatriarch	老爹总是个爱恶作剧的人。
8155	objMatriarch	我敢打赌他知道自己在干嘛。
8156	objMatriarch	故意在克莱德家吓人，|闹翻天。
8157	objMatriarch	...
8158	objMatriarch	好吧，那还|{wiggle}真是{/wiggle}|挺搞笑的。
8159	objMatriarch	他去世后，|我还担心当不好这个镇长。
8160	objMatriarch	我很高兴他能回来看到，我做到了。
8161	objMatriarch	他总说他想看我结婚的那一天。
8162	objMatriarch	我哪有时间结婚啊。
8163	objMatriarch	不过嘛，||如果我真结了，|他大概就能看到了。
8164	objMei	又见面了...
8165	objMei	我的花有用吗？
8166	objMei	你说是为了拯救世界什么的，|对吧。
8167	objMei	世界还在，|所以肯定#起作用了！||呵呵呵！
8168	objMei	我现在心情好极了，
8169	objMei	这种感觉我很久、|很久没有过了...
8170	objMei	所以我做了些饼干。
8171	objMei	打算今天和大家分享。
8172	objMei	那朵花是我丈夫很多年前送我的。
8173	objMei	那花很坚强...
8174	objMei	我一直很珍惜它，|因为#那是我仅存的关于他的东西。
8175	objMei	但这么说也不太准确...
8176	objMei	我还拥有|我们一起的快乐回忆。
8177	objMei	相比之下那朵花并不算什么。
8178	objMei	把它送出去感觉是正确的选择...
8179	objMei	我终于能继续自己的生活了。
8180	objMei	你看！|我甚至走出家门了。
8181	objMei	呵呵呵！
8182	objMeidoor	{wiggle}这些落叶...
8183	objMeidoor	|...|把它们从我院子里清出去。
8184	objMeidoor	往那边清...
8185	objMeidoor	...或者往那边清...
8186	objMeidoor	...||你好？
8187	objBard	|嗨！
8188	objBard	你后院有一朵蓝色的花...
8189	objBard	我和我的朋友需要它来制作药水！
8190	objBard	我们可以|用它吗？
8191	objMeidoor	{wiggle}嗯呃呃呃呃|唔...
8192	objMeidoor	|||不行。
8193	objMiriam	{}太棒了。
8194	objMeidoor	{wiggle}我说了不行...
8195	objBard	{}我知道！
8196	objBard	可是！
8197	objBard	我们需要它来拯救世界...
8198	objBard	说来话长！
8199	objBard	请帮帮我们！！！
8200	objMeidoor	{wiggle}||疯小孩...
8201	objMeidoor	如果这东西对你们那么重要...
8202	objMeidoor	那你们就拿去吧...
8203	objMeidoor	{shake}前提是...{/shake}
8204	objMeidoor	你们得帮我打理下院子
8205	objBard	{}我们可以干这个！！！
8206	objBard	对吧，|米莉安？
8207	objMiriam	...
8208	objBard	对！
8209	objBard	请带路吧，|女士！
8210	objMeidoor	你们把我的院子整理得真漂亮...
8211	objMeidoor	我给你们烤了些饼干...{/wiggle}
8212	objBard	{}哇！
8213	objBard	{wiggle}看吧，{/wiggle}|米莉安？
8214	objBard	我们做了对的事...|||而且还有饼干吃！！！
8215	objMiriam	哇，太棒了。
8216	objMiriam	但我们|{wiggle}需要{/wiggle}|的是那朵|{wiggle}花。{/wiggle}
8217	objMeidoor	{wiggle}当然可以。|我也乐意把它送给你们...
8218	objBard	{}耶！|大家都开心！
8219	objMiriam	{size .6}这事本来可以简单得多...
8220	objMermaid2	哇哦。|呃...||人类？
8221	objBard	{shake}你们有危险吗？{/shake}
8222	objMermaid1	呃。||没有？
8223	objBard	||...哦。
8224	objMermaid3	你们是怎么找到这里的...？
8225	objBard	嗯，|我在进行一场寻找地球之歌的冒险！
8226	objCaptain	{shake}我是来见你的！！
8227	objCaptain	{/shake}你，|那位{wiggle}红头发的...{/wiggle}
8228	objCaptain	好多年前，你在一次海难中救了我一命！
8229	objCaptain	我没有一天不想起你，
8230	objCaptain	你的善良|还有你的美丽...
8231	objCaptain	{shake}所以！{/shake .2}
8232	objCaptain	我决定了...
8233	objCaptain	{shake 0}我想和你共度|{shake .2}{quake}余生！{/shake}
8234	objCaptain	{shake}你愿意牵起我的手||{quake}嫁给我吗？？{/shake}
8235	objMermaid1	呃。||哇哦。
8236	objMermaid1	你记得这家伙吗，电光？
8237	objMermaid2	嗯...
8238	objMermaid2	|...|不记得。
8240	objCaptain	{size .4}{speed .66}{shake .3}这...|||这么多年以来...{/shake}
8241	objMermaid1	{size 1}{speed 1}这||{wiggle}正是{/wiggle}|我们当初选择躲起来的原因...
8242	objBard	你是说是你们|{wiggle}选择的{/wiggle}|逃跑...？
8243	-4	{size 1.5}{shake}没错！！！{/shake}
8244	objMermaid1	{size 1}哦天啊，|你们这些人类...
8245	objMermaid3	还有你们那||{quake}{shake}一大堆要求！{/shake}
8246	objMermaid2	我们根本没法，|好好地，|过自己的生活...
8247	objBard	但我需要的东西|{shake}真的很重要！{/shake}
8248	objBard	我在学习统领之歌来拯救世界！
8249	objMermaid1	...|||嗯...
8250	objMermaid2	...我想这个请求|{wiggle}不算{/wiggle}|太过分...
8251	objMermaid3	{shake}但是{/shake}
8252	objMermaid3	如果我们教你们这首歌的话...
8253	objMermaid3	你们得|{shake}保证{/shake}|对这个地方保密，|听见没？
8254	objMermaid3	我们可受够了人类老是出现在我们面前。
8255	objBard	你们||{wiggle}确定...吗？
8256	objBard	大家都想你们了...{/wiggle}
8257	objBard	（而且我差不多|答应了||要带你们回去）...
8258	-4	{size 1.5}{shake}是的||我们确定！！！{/shake}
8259	objBard	好吧...
8260	objBard	{size .8}我猜这个条件我们可以接受。
8261	objMermaid1	{size 1}好的，甜心。
8262	objMermaid2	到瀑布前面来吧...
8263	objMermaid2	我们要做一件大事。
8264	objMermaid2	{wiggle}哇哦！{/wiggle}
8265	objMermaid2	我和我的姐妹们要接管这艘船了！！！
8266	objMermaid2	我们不用躲在秘密小岛上了！
8267	objMermaid2	我们现在是冒险家了！
8268	objMermaid2	|这太棒了。
8269	objMermaid2	我们发现，|船长是个不错的人，
8270	objMermaid2	我们第一次见面时他真的很怪。
8271	objMermaid2	但他后来冷静下来了。
8272	objMermaid2	我喜欢他那种海盗风格。
8273	objMermaid2	我也喜欢当海盗。
8274	objMermaid2	这是我们很酷的新目标...
8275	objMermaid2	接下来我们会怎样？||我不知道...
8276	objMermaid2	我想环游世界...
8277	objMermaid2	看看除了大海以外的东西。
8278	objMermaid2	我听说还有其他类型的水域...
8279	objMermaid2	它们叫做，|比如...“河流”，|或“湖泊”，|之类的...
8280	objMermaid2	听起来挺惬意的。
8281	objMermaid3	{wiggle}哇哦{/wiggle}|你的声音太棒了！
8282	objMermaid2	好吧，开始吧
8283	objMermaid3	嗯哼。||那就是那首歌。
8284	objMermaid3	现在走开！
8289	objMermaid2	嘿，|你的朋友...
8290	objMermaid2	...他走了。
8292	objMermaid2	我可能伤了他的感情。
8293	objMermaid2	我感觉有点糟糕...
8294	objMermaid2	他{wiggle}确实{/wiggle}|挺可爱的。
8295	objMermaid2	而且...||我知道这让我像是个，||{shake}超级{/shake}|老套的人...
8296	objMermaid2	但我真的很喜欢他那种|海盗风格。
8297	objMermaid2	我猜...
8298	objMermaid2	如果{wiggle}他{/wiggle}|想回来的话，|随时|都可以。
8299	objMermaid2	但只能一起玩玩而已！！！
8300	objMermaid2	这地方有点孤单...
8301	objMermaid2	{wiggle}有一个|{/wiggle}人类可以一起放松||听起来不错。
8302	objMermaid2	嗯...
8303	objMermaid2	嗯...
8304	objBard	但我会记住以后用的！
8305	objBard	{}所以事情就是这样...
8306	objMermaid2	{wiggle}不错{/wiggle}
8307	objMermaid1	哦我的{shake}天哪{/shake}|电光
8308	objMermaid1	你{shake}真的{/shake}|太老套了！！
8309	objMermaid2	我改不了自己是谁|，{wiggle}姐~妹~们~{/wiggle}
8310	objMermaid1	不，那很可爱
8311	objMermaidtalker	人类为什么这么|{wiggle}{shake .5}迷恋{/shake}{/wiggle}我们呢，|说真的...
8312	objMermaid1	你还用问吗
8313	objMermaid2	我们||{wiggle}超~级~棒！{/wiggle}
8314	objMermaid2	我还真有点想念人类偶尔会跪倒在我们脚下的样子
8315	objMermaid3	你是说“鳍下”吧
8316	objMermaid2	哈哈|对啊
8317	objMiles	嘿...
8318	objMiles	是我。
8319	objMiles	就是那个戴着“快乐孩子”面具的家伙。
8320	objMiles	记得吗？
8321	objMiles	随便吧...
8322	objMiles	我现在有了新工作。
8323	objMiles	我再也不用戴那个破“快乐孩子”面具了。
8324	objMiles	我的理科学位终于派上用场了。
8325	objMiles	工厂现在成了实验室...||你听说了吗？
8326	objMiles	我们正在研发能改变世界的东西。
8327	objMiles	男爵的玩具点子#可能很诡异，
8328	objMiles	但那家伙真的懂#怎么建生产线。
8329	objMiles	他的成果会#对我们很有帮助的。
8330	objMiles	这里不会再是个#破工厂小镇了...
8331	objMiles	圣诞镇将会#处于科技前沿！
8332	objMiles	我能感觉到。
8333	objMiles	||另外...
8334	objMiles	我也一直在构思我自己的书。
8335	objMiles	进展还不错。
8336	objMiles	在空闲时间做点自己的事让我感觉...
8337	objMiles	我的生活真的很有条理，|你懂吗？
8338	objMiles	感觉真不错。
8339	objBard	你想推翻工厂吗？
8340	objMiles	哇哦！||{shake}当然了。{/shake}
8341	objMiles	我倒是想...
8342	objMiles	但我需要这份工作。
8343	objMiles	不管我多么讨厌它。
8344	objMiles	我只有这个了。
8345	objMiles	天啊|{shake}见鬼！{/shake}
8346	objMiles	我讨厌这个该死的头套！
8347	objMiles	这是我每天的牢笼，||真的！
8348	objMiles	它太闷了！
8349	objMiles	整天|我都在这个蠢东西里流汗...
8350	objMiles	如果你想活命就别闻它！
8351	objMiles	如果老板知道我脱了制服...
8352	objMiles	...|后果不会好的。
8353	objMiles	保密，|好吧？
8354	objMiles	我需要这份工作...
8355	objMiles	不管它有多糟糕...
8356	objMiles	“快乐孩子”简直就是垃圾。
8357	objMiles	真不敢相信他们让我卖这种垃圾。
8358	objMiles	快乐快乐？！
8359	objMiles	别逗了...
8360	objMiles	哈哈！
8361	objMiles	快乐快乐，|朋友！
8362	objMiles	我现在就这种感觉！
8363	objMiles	买一个属于你的快乐孩子，#|你也能感受到这种快乐！
8364	objMiles	多么美好的一天！
8365	objMiles	我喜欢在圣诞镇上闲逛，
8366	objMiles	把我的快乐传递给每个人！
8367	objMiles	毕竟，|快乐孩子就是从圣诞镇诞生的！
8368	objMiles	快乐孩子是男爵先生送给世界的礼物！
8369	objMiles	哈哈！
8370	objMiles	快乐快乐！
8371	objMiles	快乐孩子！
8372	objMiles	...
8373	objMiles	我每天都||盼望着这一天到来...
8374	objMiles	但我从没想过它真的会成真。
8375	objMiles	快乐孩子完蛋了。
8376	objMiles	那才是{shake .5}真正的{/shake}|快乐快乐。
8377	objMiles	就像是...||一层面纱被揭开了...
8378	objMiles	我终于摆脱了那个愚蠢的头套...
8379	objMiles	我现在可以做||{shake}任何事{/shake}！
8380	objMiles	...
8381	objMiles	其实|我完全不知道该做什么。
8382	objMiles	我想是时候来点冒险了。
8383	objMiles	得给我的生活重新添点乱。
8384	objMiles	去做那些我一直想做的事！
8385	objMiles	我脑子里一直有个写书的点子...
8386	objMiles	或许||我终于可以开始写了...
8387	objBard	{size 1.5}哇哦！||看起来真的不一样了。
8388	objBard	你觉得发生了什么，|米莉安？
8389	objBard	米莉安？||你还好吗？
8390	objMiriam	{size .75}显然不好
8391	objBard	米莉安？||你还好吗？
8392	objMiriam	{size .75}不好
8393	objMiriam	我是说...|||我会没事的。
8394	objMiriam	但是...
8395	objMiriam	现在一切都糟透了。
8396	objBard	{size 1}唔...
8397	objBard	我可以背你，|米莉安！
8398	objMiriam	...
8399	objMiriam	我在城里做了一些调查...
8400	objMiriam	我们要去见月之统领。
8401	objMiriam	月之皇。
8402	objMiriam	如果|我理解没错的话...
8403	objMiriam	我们得演奏我学到的那首歌，
8404	objMiriam	还有你学到的那首歌，
8405	objMiriam	同时演奏。
8406	objMiriam	不知道为什么。
8407	objMiriam	但这意味着我会跟你一起进入...
8409	objMiriam	已经习以为常了，|对吧？
8410	objMiriam	我们大概还是会分开降落，像上次一样。
8411	objMiriam	但我会尽快跟你汇合。
8412	objMiriam	计划就是这样。||有什么问题吗？
8413	objBard	没|有！
8414	objBard	为|什|么|#会|被|分|开？
8415	objBard	再|解|释|一|次|#那|事？
8416	objBard	英|雄？！
8417	objBard	入|侵！
8418	objBard	你|感|觉|怎|样？
8419	objMiriam	哦，|她啊...
8420	objMiriam	我听说巫师女王派她走了...
8421	objMiriam	去找一个公主还是什么的？
8422	objBard	但那位公主死了！
8423	objMiriam	太棒了。
8424	objMiriam	我是说，||也不是棒，||不过...
8425	objMiriam	这能让英雄忙上一阵子...
8426	objMiriam	所以对我们来说是个好消息。
8427	objMiriam	还有问题吗？
8428	objMiriam	有的。
8429	objMiriam	就是今天。
8430	objMiriam	不过看起来|我们赢了。
8431	objBard	你觉得大家会没事吗？
8432	objMiriam	可能|||不会...
8433	objMiriam	但我们还能做什么？
8434	objMiriam	如果这些笨蛋想自相残杀，
8435	objMiriam	我想...||我们只能随他们去了。
8436	objBard	...
8437	objMiriam	别那么看着我！
8438	objMiriam	我们要{wiggle}拯救世界，{/wiggle}|还记得吗？
8439	objMiriam	我们没时间去解决路上的|{wiggle}每一个{/wiggle}问题...
8440	objMiriam	还有问题吗？
8441	objMiriam	我不知道。
8442	objMiriam	||...|||唔...
8443	objMiriam	关于灵界的事是，
8444	objMiriam	那里没有什么是“真实的”...||不像这里一样。
8445	objMiriam	它是由你的思想|和统领共同塑造的。
8446	objMiriam	所以统领死后那里会变得一片空虚。
8447	objMiriam	而且不同的人看到的东西也不同。
8448	objMiriam	{size .8}（我敢打赌英雄眼中看到的完全不一样...）
8449	objMiriam	{size 1}所以那里空间是非常混乱和变化无常的，
8450	objMiriam	会围绕每个人扭曲。
8451	objMiriam	在那里找到彼此基本上是不可能的。
8452	objMiriam	{size 1}不过，|统领居住的城堡除外...
8453	objMiriam	那是一个对每个人都一样的“中心”。
8454	objMiriam	所以我们能在那里相遇也许就是这个原因。
8455	objMiriam	看来我其实早就知道了。
8456	objMiriam	只是我从没把这些拼图拼起来...
8457	objMiriam	你听明白了吗？
8458	objMiriam	如果你需要，我可以再解释一遍。
8459	objMiriam	还有问题吗？
8460	objMiriam	当然。
8461	objMiriam	这次我会用完全一样的方式说一遍。
8462	objMiriam	嗯？
8463	objMiriam	我感觉...|||还行|吧...
8465	objMiriam	现在情绪已经有点麻木了。
8466	objMiriam	准备好去就见统领吧。
8467	objBard	好啊！！！
8468	objBard	没有你我做不到，|米莉安！
8469	objMiriam	嗯。
8472	objMiriam	还有问题吗？
8473	objMiriam	好吧，||太好了。
8474	objMiriam	我们赶紧了结这事吧。
8475	objBard	这东西真的有用吗？
8476	objMiriam	大概|||没用...
8477	objMiriam	但它不|{wiggle}一定{}|得真的有效...
8478	objMiriam	它只需要|{wiggle}看起来{}|有用就行。
8479	objMiriam	我天生就会调药水。
8480	objMiriam	会没事的。
8482	objBard	你父母|也会调药水吗？
8483	objMiriam	我不知道。
8484	objMiriam	我从来没见过他们。
8485	objBard	哦。
8486	objMiriam	他们在我有记忆前就把我留给了奶奶。
8487	objMiriam	我小时候，|她会告诉我...
8488	objMiriam	他们总有一天会回来找我...
8489	objMiriam	但后来她不再这么说了。
8490	objMiriam	他们基本上就是抛弃了我。
8491	objBard	哦。
8492	objBard	||我|很抱歉...
8493	objBard	听起来真的很难过。
8494	objMiriam	只有当我去想时才会觉得难过。
8495	objMiriam	奶奶萨菲就是我需要的全部家人。
8496	objMiriam	她让我忘记我失去了什么。
8497	objMiriam	但我总有一种感觉...
8498	objMiriam	也许||只要我够努力，
8499	objMiriam	让自己变得出众...
8500	objMiriam	变得像个英雄、变得有名...
8501	objMiriam	他们|就会注意到我。
8502	objMiriam	并意识到抛弃我是个多大的错误。
8503	objMiriam	然后|他们就会回来。
8504	objMiriam	但那是个荒唐的想法。
8505	objMiriam	我现在甚至不在乎是否会再见到他们。
8506	objMiriam	其实，||我很确定我永远不想再见到他们了。
8507	objMiriam	||{size .6}而且|我根本做不了什么英雄事迹...
8508	objBard	我们要去拯救世界了，|米莉安！
8509	objMiriam	试着去救。
8510	objMiriam	看！||药水完成了。
8511	objBard	呃...
8512	objBard	看起来||怪怪的...
8513	objMiriam	是啊。
8514	objMiriam	它可能能把人毒死。
8517	objMiriam	来看看|{wiggle}英雄{/wiggle}|喜不喜欢！
8519	objMiriam	...
8520	objMiriam	所以，|我仔细看了这朵花...
8521	objMiriam	而且|...||它不完全是我们需要的那种...
8522	objMiriam	不过，|它很像，|所以。
8524	objMiriam	|||应该没问题。
8525	objMiriam	好吧，|剩下的就交给你去找了。
8526	objMiriam	祝你好运。
8527	objMiriam	我会在英雄所在的小屋等你。
8528	objMiriam	好消息是，|这已经是最后一个了。
8529	objMiriam	我在英雄住的旅馆看到一个不错的炼药锅...
8530	objMiriam	我们回去把这个做好。
8531	objMiriam	{name}！
8532	objMiriam	去他的吧...
8533	objMiriam	{shake .8}还有去他的英雄！！！{/shake}
8534	objMiriam	她|{wiggle}知道{/wiggle}|我们买不起高级药水...
8535	objMiriam	她就是想让我们出丑！！！
8536	objMiriam	但我不开玩笑。|我们可以自己做！
8537	objMiriam	我想了一会儿才想起来，
8538	objMiriam	但我绝对记得那种药水的全部材料...
8539	objMiriam	|大概吧...
8541	objMiriam	这些就是我们需要的所有材料！
8542	objMiriam	就是些花花草草...
8543	objMiriam	看吧？|没那么难！
8544	objMiriam	她大概觉得我们根本搞不到那些材料...
8545	objMiriam	这才是她愿意帮我们的原因...
8546	objMiriam	但我们可以在她擅长的领域打败她。
8547	objMiriam	那她就必须承认自己在撒谎...
8548	objMiriam	既然这关系到她的自尊...
8549	objMiriam	她反而可能会真的带我们去见国王！
8550	objBard	我好像有点跟不上了...
8551	objMiriam	无所谓啦！|赶紧把材料弄来！
8552	objMiriam	我其实...|{shake .3}真的很兴奋...{/shake}|能这样让她难堪...
8553	objMiriam	{size .7}嘿嘿...{/size}
8555	objMiriam	*闻*||*闻*...
8556	objMiriam	这里还是有点臭...
8557	objMiriam	但是！|嘿！||你做到了。
8558	objMiriam	工厂终于关闭了...
8559	objMiriam	我一直很相信你什么的。
8560	objBard	而且|{wiggle}我{/wiggle}|也完全相信|{wiggle}你{/wiggle}|，米莉安！
8561	objMiriam	...
8562	objMiriam	好吧。
8563	objMiriam	我会在镇外等你。
8564	objMiriam	当你准备好去见统领时...
8565	objMiriam	来找我吧。
8566	objMiriam	好吧...||我们到了！
8567	objMiriam	你说你想去看看#你的朋友们，|对吧？
8568	objMiriam	你准备走时告诉我一声。
8569	objMiriam	准备走了吗？
8570	objBard	还|没...
8571	objBard	准|备|好|了！
8572	objMiriam	好。
8573	objMiriam	那...|到时候告诉我。
8574	objSaphy	{wiggle .5}什么？！
8575	objSaphy	你这就要走了吗，|米莉安？
8576	objSaphy	你都把朋友带到这里了？
8577	objSaphy	那可不行！
8578	objSaphy	问问他们愿不愿意留下来吃晚饭！
8579	objMiriam	{}你想留下来跟我们吃晚饭吗？
8580	objBard	听起来不错！
8581	objBard	米莉安...？
8582	objBard	...
8583	objMiriam	{size .25}唔唔额呃呃呃啊啊啊
8584	objBard	{size 1.25}{shake}米莉安！！！
8585	objBard	{}你还好吗？？？
8586	objMiriam	{size .5}不好
8587	objMiriam	我是说...|||我会没事的。
8588	objMiriam	但是...
8589	objMiriam	我要在这儿趴一会儿
8590	objMiriam	想再试试那首歌吗？
8591	objBard	算|了...
8592	objBard	好|啊！
8593	objMiriam	哦。||好吧。
8594	objMiriam	这次我们一定能成功...
8595	objMiriam	哦！...|哼。
8596	objMiriam	什么，|呃
8597	objMiriam	|{shake}你{/shake}|在这里干什么？？？
8598	objBard	我不|知道哟！
8599	objBard	那{shake}你{/shake}|在这里干什么呢？
8600	objMiriam	没干嘛
8601	objBard	看起来你好像在{wiggle}跳舞{/wiggle}啊，|米莉安！
8602	objMiriam	不是！||我...
8603	objMiriam	...
8604	objMiriam	好吧。||你知道吗？
8605	objMiriam	我确实在跳舞。
8606	objMiriam	{shake .5}这犯法吗？？？{/shake}
8607	objBard	我不知道你喜欢跳舞！
8608	objMiriam	我不喜欢！
8609	objMiriam	通常不...
8610	objMiriam	但是...
8611	objMiriam	...
8612	objMiriam	我也不知道...
8613	objMiriam	我最近在思考...
8614	objMiriam	很多事情...
8615	objMiriam	关于|我自己...
8616	objMiriam	而且，|真的让我很疲惫...
8617	objMiriam	而且...
8618	objMiriam	我想跳舞。
8619	objMiriam	我不管你会不会评价我。
8620	objBard	不会的！！！
8621	objBard	我想...||和你一起跳舞！
8622	objBard	哦！
8623	objBard	米莉安！
8624	objBard	我听说你奶奶的事了...
8625	objMiriam	什么？||真的？
8626	objBard	德尔菲也出现了怪物...
8627	objBard	和这边一样。
8628	objBard	她正在对抗它们！
8629	objMiriam	哦...
8630	objMiriam	她||没事吧？？
8631	objBard	我想她应该没事...！
8632	objBard	她保护着整个小镇！
8633	objBard	你奶奶真的很酷，|米莉安。
8634	objMiriam	{size .7}希望她没事...{/size}
8635	objBard	呃！
8636	objBard	那么...
8637	objBard	你都在思考些什么...
8638	objBard	你最近想明白了什么？
8639	objMiriam	所有事。
8640	objMiriam	比如，|我是谁...
8641	objMiriam	还有|我在做什么...
8642	objMiriam	以及|我为什么要做。
8643	objBard	哦！
8644	objBard	那可真多。
8645	objBard	你搞明白了吗？
8646	objMiriam	没有。
8647	objMiriam	我想...|那种事大概永远都搞不明白。
8648	objMiriam	我只是一直在想。
8649	objMiriam	你...
8650	objMiriam	总是看起来知道自己在做什么。
8651	objBard	我知道吗？
8652	objMiriam	呃...
8653	objMiriam	好吧其实你根本不知道
8654	objMiriam	但是...
8655	objMiriam	你知道...||你是谁。
8656	objBard	我知道吗？
8657	objMiriam	哦闭嘴。
8658	objMiriam	是的，|你知道。
8659	objMiriam	你总是那么坚定...
8660	objMiriam	对自己想要的东西特别确定。
8661	objMiriam	你还总是那么|快乐！
8662	objMiriam	好像这一切都很轻松。
8663	objBard	确实是啊！
8664	objMiriam	...
8665	objMiriam	对我来说不是。
8666	objMiriam	你是|怎么做到的？
8667	objBard	嗯？
8668	objBard	你是说...||快乐？
8669	objMiriam	是啊，|你是怎么做到的？
8670	objMiriam	我也想快乐。
8671	objBard	我不知道！
8672	objMiriam	...
8674	objBard	也许...||其实也没那么容易。
8675	objBard	我要一直努力着。
8676	objBard	很多事都会让我感到难过。
8678	objMiriam	当然。
8679	objMiriam	但你总是能挺过去！
8680	objMiriam	比如我们在圣诞镇的时候。
8681	objMiriam	你因为不是英雄而闷闷不乐。
8682	objMiriam	然后...
8683	objMiriam	你就恢复了。
8684	objBard	我也不知道我有没有真的走出来。
8685	objBard	我只是...
8686	objBard	不再去想这件事了。
8687	objMiriam	你现在还希望自己是那个英雄吗？
8688	objBard	是的。
8689	objBard	我不是想说她坏...
8690	objBard	但是，
8691	objBard	那个女孩...|那个英雄...
8692	objBard	我觉得她是邪恶的。
8693	objMiriam	你这么觉得？
8694	objBard	这不公平。
8695	objBard	为|什么她是英雄？
8696	objBard	我只想做成一些事。
8697	objBard	并拯救世界。
8698	objBard	但我||什么都不是...
8700	objBard	我做的任何事|都毫无意义。
8701	objBard	她还在追杀统领。
8702	objBard	哈拉的讯息并没有阻止战争。
8703	objBard	我还在不断努力，
8704	objBard	但我很害怕...
8705	objBard	害怕无论我怎么努力，
8706	objBard	我也什么都改变不了。
8707	objMiriam	你看，|这就是你最大的优点。
8708	objBard	嗯？
8711	objMiriam	英雄...||怪物...
8712	objMiriam	统领...||巫师...
8713	objMiriam	都让你力不从心。
8714	objMiriam	你甚至没有任何能力，
8715	objMiriam	比如我...
8717	objMiriam	但你没有弃尝试。
8718	objMiriam	即使毫无希望可言。
8719	objMiriam	我真的...
8720	objMiriam	...
8721	objMiriam	敬佩...
8722	objMiriam	你...||这一点。
8723	objMiriam	你没有我这样的天赋。
8724	objMiriam	但你还是总是跑在我前面。
8725	objMiriam	有时候...
8726	objMiriam	这让我感觉自己一无是处...
8727	objMiriam	但是...
8728	objMiriam	这也很令人振奋。
8729	objMiriam	我也想变成那样。
8730	objBard	谢谢你...||米莉安。
8731	objMiriam	跳舞真的很舒服。
8732	objBard	是啊！！！
8733	objMiriam	我从来不知道。
8734	objMiriam	但是...
8735	objMiriam	我一直都需要这个。
8736	objBard	是啊！！！
8737	objBard	我很高兴你玩得开心。
8738	objMiriam	这个乐队来自德尔菲，|对吧？
8739	objMiriam	就是你曾经共同演奏的那个乐队...
8740	objBard	是的！！！
8741	objMiriam	我错过了你的演出。
8742	objMiriam	但|我现在真的很喜欢这音乐。
8743	objBard	米莉安！！！
8744	objBard	你喜欢音乐？？？
8745	objBard	这真的是你吗？？
8746	objMiriam	他们来自我长大的地方。
8747	objMiriam	让我想起了家。
8748	objMiriam	我以为，在一个巫师的城市里，
8749	objMiriam	我能找到一些熟悉的东西...
8750	objMiriam	并了解我自己。
8751	objMiriam	但|目前为止...
8752	objMiriam	最能让我产生共鸣的东西...
8753	objMiriam	是这段音乐。
8754	objMiriam	它让我想起了我奶奶。
8755	objMiriam	还有那些红色的树。
8756	objMiriam	还有那些让我开心的一切。
8757	objBard	你看，|米莉安！
8758	objBard	这就是音乐的力量！
8759	objMiriam	...
8760	objMiriam	我要在这里跳一会儿舞。
8761	objMiriam	不说话。
8762	objMiriam	只跳舞。
8763	objMiriam	属于我自己的时间。
8764	objMiriam	好吧？
8765	objBard	好！
8766	objBard	米莉安！
8767	objMiriam	{shake}呃||呃||呃呃||啊！！
8768	objBard	{}你有扫帚了！
8770	objMiriam	{shake .7}是-||是啊，
8771	objMiriam	我被迫接了一堆没用的支线任务
8772	objMiriam	但我弄到了一把便宜的商店扫帚
8773	objMiriam	{shake .7}它...||一点...||也不|好用
8775	objMiriam	飞离地面几英尺以上就...
8776	objMiriam	非常可怕
8777	objMiriam	我在努力适应它
8778	objBard	{}嗯，|没关系的！
8779	objBard	你猜怎么着！
8780	objMiriam	{shake .7}什么
8781	objBard	{}我学会了魔法！
8782	objMiriam	{shake}什么！！！
8783	objBard	{}唱歌能施展魔法！
8784	objBard	而且不仅仅是|什么|友情的魔法
8785	objBard	而是真正的魔法，|比如能做事的咒语！
8786	objMiriam	{shake .7}那-|那真|太棒了...
8787	objMiriam	{shake .7}嗯，
8788	objMiriam	我现在还没准备好载人...
8789	objMiriam	所以我猜你继续做你的事吧，
8790	objMiriam	想想怎么进城堡
8791	objMiriam	我来学会怎么飞这东西，
8792	objMiriam	然后我们就能合作了
8793	objMiriam	{shake}*喘气*|||*喘气*
8794	objMiriam	{shake .7}这太...||尴尬了...
8795	objMiriam	我只飞过我奶奶的扫帚！！
8796	objMiriam	看这里的每个人用都那么简单...
8797	objMiriam	而我看起来就像个|||傻子！！
8798	objMiriam	我感觉我真是个...#||失败的巫师...
8799	objMiriam	连最基本的巫师技能都不会...
8800	objBard	{}没关系的！
8801	objBard	我也|不会飞扫帚...
8802	objMiriam	{shake}对，||但你不是巫师！！！
8803	objMiriam	所以...||她们在这里炼药...
8804	objBard	你擅长这个，|对吧？
8805	objMiriam	呃...||应该说是我奶奶擅长...
8806	objMiriam	我只从她那学了一些皮毛。
8807	objMiriam	但我们做不出这种药水。
8808	objMiriam	我们只用德尔菲周围能找到的东西。
8809	objBard	你|{wiggle}擅长{/wiggle}|的是什么？
8810	objMiriam	嗯...
8811	objMiriam	我想，|我还蛮擅长...
8812	objMiriam	把东西炸掉的。
8813	objMiriam	用我的指尖。
8814	objBard	那太暴力了吧，|米莉安！！
8815	objBard	你真的喜欢炸东西吗？！
8816	objMiriam	呃...||是啊！
8817	objMiriam	真的很好玩！
8818	objMiriam	我也不知道...
8819	objMiriam	这只是我的魔法...||能做到的。
8820	objMiriam	但这里的魔法，|完全不一样...
8821	objMiriam	巫师们有各种不同的用法，
8822	objMiriam	他们用它做很多事情，
8823	objMiriam	相比之下，|我感觉自己好...||普通...
8824	objMiriam	我以为会魔法就能当巫师。
8825	objMiriam	但我们几乎完全不是一回事。
8826	objMiriam	我感觉自己和这里的每个人都不一样...
8827	objMiriam	只有我奶奶给我家的感觉。
8828	objMiriam	而我们已经|{wiggle}好久好久{/wiggle}||没联系了。
8829	objMiriam	我总是在想，她还好吗...
8830	objBard	她一定也在担心你！
8831	objMiriam	是啊。
8832	objMiriam	而且，||我说...
8833	objMiriam	你知道吗...
8834	objMiriam	要是我们最后没成功呢？
8835	objMiriam	如果世界真的终结了怎么办？
8836	objMiriam	上次见到她可能就是最后一面了。
8837	objBard	我从来没这么想过。
8838	objMiriam	但||我想过。
8839	objBard	我觉得我们会回去的，|米莉安。
8840	objBard	我猜我也不确定，
8841	objBard	但无论如何...
8842	objBard	你不用感到孤单！
8843	objBard	因为...||你还有我！
8844	objMiriam	这太棒了。
8845	objMiriam	所以这就是巫师学院...
8846	objMiriam	我从没想过竟然会有|专门教魔法的学校。
8847	objMiriam	学习看起来...||太无聊了！
8848	objBard	什么？？？
8849	objBard	魔法很酷的，|米莉安！
8850	objMiriam	当然酷啦！！！
8851	objMiriam	那为什么还要学它呢？？
8852	objMiriam	魔法就是用来|做很酷的事的...
8853	objMiriam	看书学它感觉是在浪费时间。
8854	objMiriam	所以等等...
8855	objMiriam	你唱歌就能施展魔法，|是吧？
8856	objBard	可以！
8857	objBard	他们说魔法是“高阶的音乐”！”
8858	objBard	嗯...|我猜也是！
8859	objBard	我就是靠它来到这的...
8860	objBard	感觉就像是，|音乐...
8861	objBard	可能就是一种魔法！
8862	objBard	也许反过来说也成立！
8863	objBard	魔法是一种音乐！
8864	objBard	我就知道音乐有魔力！
8865	objMiriam	我这辈子都在用魔法...
8866	objMiriam	可我竟然{shake 1}从来|都不知道|这点？{/shake}
8867	objMiriam	感觉好奇怪...
8868	objMiriam	就好像，|这东西我一辈子都有，
8869	objMiriam	它竟然一直对我保密...
8870	objMiriam	萨菲奶奶知道吗？
8871	objMiriam	她其实从来没有||教我什么...
8872	objMiriam	我们只是一起出去，|然后做点什么。
8873	objMiriam	对我来说，|魔法就是个||一直存在的东西。
8874	objMiriam	结果它居然是有起源的东西，
8875	objMiriam	是可以|学习...||并理解的...
8876	objMiriam	这感觉把魔法的神秘感都拿走了...
8877	objBard	就算魔法是由音乐构成的，
8878	objBard	那也不会消除它的神秘感！
8879	objBard	音乐才是更大的谜团呢，|米莉安！
8880	objMiriam	什么？
8881	objMiriam	才不是。
8882	objMiriam	音乐就只是，|比如说...
8883	objMiriam	音符...|像ABC一样的...
8884	objMiriam	可以数清楚然后按顺序排列的。
8885	objBard	{shake}什么？{/shake}
8886	objBard	{shake}哦{/shake}|我的天，|米莉安。
8887	objBard	你完全搞错了！！！
8888	objBard	音乐比那复杂多了！
8889	objBard	相信我，||我可是专家！
8890	objBard	音乐是声音，|和振动...
8891	objBard	那是整个宇宙运转的方式！
8892	objBard	{wiggle}没有人{/wiggle}|能完全理解它。
8893	objMiriam	唔。
8894	objMiriam	嗯，|对我来说|魔法并不是那样的...
8895	objMiriam	不过听起来总比只有音符更美妙。
8896	objBard	我觉得这也挺好！
8897	objBard	还有一点，
8898	objBard	它可以是||你想让它成为的任何东西！
8899	objMiriam	好吧。
8900	objMiriam	但我还是搞不懂你为什么想学它。
8901	objBard	因为学习很有趣啊！
8902	objMiriam	好吧。
8903	objMiriam	我终于能探索这个卖场的其他地方了！
8904	objMiriam	这里有|很多东西。
8905	objMiriam	{size .7}（大多数是破烂...）
8906	objMiriam	{}我猜巫师就喜欢这些东西吧？
8907	objMiriam	我刚刚在看那些糖果，
8908	objMiriam	||真的很奇怪。
8909	objMiriam	萨菲从没做过这种东西。
8910	objMiriam	这些糖果都是用这附近的东西做的。
8911	objMiriam	你在德尔菲可看不到这些。
8912	objMiriam	不过有一种味道很熟悉...
8913	objMiriam	有点像我们以前采的野蘑菇，
8914	objMiriam	那种蘑菇长在德尔菲的树下。
8915	objMiriam	她会在所有菜里都加一点。
8916	objMiriam	我觉得它们不太一样，
8917	objMiriam	但那味道真的让我想起那些蘑菇...
8918	objMiriam	我在想她是不是在模仿这种味道。
8919	objMiriam	我在想萨菲是不是也曾在这居住？
8920	objMiriam	如果是真的，她从没告诉过我这个。
8921	objMiriam	我甚至从没问过她来自哪里...
8922	objMiriam	真希望我问过。
8924	objMiriam	我喜欢想象她曾来过这里。
8925	objMiriam	或者她是在这里长大的！
8926	objMiriam	我不知道为什么，|但我就是喜欢这么想。
8927	objMiriam	我猜这座巫师的城市里||真的能买到扫帚。
8928	objMiriam	我怎么没想到这一点呢。
8929	objMiriam	...
8930	objMiriam	{size .7}不过它们看起来都很破...
8931	objBard	{size 1}而且我们|还没钱！
8932	objMiriam	||啊对...
8933	objMiriam	我们老是碰上这种事。
8934	objMiriam	这样下去什么时候才能有进展啊？
8938	objMiriam	听说，如果你不会飞...
8939	objMiriam	城市的大部分地方你都去不了。
8940	objMiriam	我现在真的很想念我的扫帚...
8941	objMiriam	我也|真的很想看看这座城市...
8942	objMiriam	我从没见过这么多巫师...
8943	objMiriam	无论如何，|我们必须见到女王。
8944	objMiriam	她知道统领之歌，对吧？
8946	objBard	别担心，|米莉安！
8947	objBard	我有...||{wiggle}一个计划！{/wiggle}
8948	objMiriam	真的吗？||见女王的计划？
8949	objBard	嗯哼！
8950	objMiriam	啊。||行。
8951	objMiriam	我得想办法|弄一把扫帚...
8952	objMiriam	{wiggle}唉...{/wiggle}
8953	objMiriam	没想到首都还有这么远。
8954	objMiriam	我们要在这艘船上待一整天了。
8955	objBard	就像我们当海盗的时候一样！
8956	objBard	还记得吗，|米莉安？
8957	objMiriam	不。||我完全忘了。
8958	objMiriam	我肯定是脑袋撞坏了。
8959	objMiriam	好多次。
8960	objBard	是啊！||我们和海盗一起玩！
8961	objBard	他们超级喜欢咖啡，|还有...
8962	objBard	...
8963	objBard	哦。||你在开玩笑。
8964	objMiriam	有时候我真希望你也在开玩笑。
8965	objMiriam	我从没去过钱德什。
8966	objMiriam	那是所有巫师的故乡吗？
8967	objMiriam	我想知道我的父母有没有住过这里。
8968	objMiriam	...
8969	objMiriam	这有点奇怪...
8970	objMiriam	我以前从没真正接触过其他巫师。
8971	objMiriam	奶奶萨菲告诉我有个巫师王国...
8972	objMiriam	不过|我从没想去过。
8973	objMiriam	在德尔菲，|我是唯一的巫师。
8974	objMiriam	这让我感觉有点特别。
8975	objMiriam	整个王国感觉就像...
8976	objMiriam	一个我从没被邀请加入的|大俱乐部。
8977	objMiriam	我只想呆在这儿，|然后...
8978	objMiriam	躲起来不和任何人说话...
8979	objMiriam	那是我外婆年轻时用的扫帚...
8981	objMiriam	她曾说等我长大了，那就是我的了。
8982	objMiriam	||...她把它交给我的那一天...
8983	objMiriam	可能是我这辈子最开心的一天...
8984	objMiriam	现在它坏掉了...
8985	objBard	{}对不起，|米莉安！
8986	objMiriam	...
8987	objMiriam	我们现在该怎么去别的地方呢？
8988	objMiriam	其他的交汇点都太远了...
8989	objMiriam	这些蠢货，|想炸什么就炸什么...
8990	objMiriam	我想要我的扫帚回来。
8991	objMiriam	我希望那个蠢怪把他们吃掉。
8993	objBard	我有点想去看看...
8994	objMiriam	我不想。
8995	objMiriam	不过你开心就行。
8996	objMiriam	要是他们快被吃了就叫我。
8999	objMiriam	怎么样？||外面什么情况？
9000	objBard	那个怪物真的，||真的很大！
9001	objMiriam	好极了。
9002	objMiriam	我真希望它把他们吃掉。
9003	objBard	呃。|||你就打算在这儿坐着吗？
9004	objMiriam	我在|{quake}{shake}生闷气！！！{/shake}
9005	objMiriam	我真的对我扫帚的事很生气。
9006	objMiriam	行吗？
9007	objMiriam	那几乎是我这辈子唯一的好东西了。
9008	objMiriam	现在我得习惯没有它的生活了。
9009	objMiriam	这烂透了。
9010	objMiriam	我讨厌那些蠢巫师。
9011	objMiriam	你就打算站着看我生闷气吗？
9012	objBard	我不知道！
9013	objMiriam	酷。
9014	objMiriam	你能别这样吗？
9015	objMiriam	我以前经常和奶奶一起干这个。
9016	objMiriam	我是说，|收集药水材料。
9017	objMiriam	我们会进森林采蘑菇什么的...
9018	objMiriam	这||和那时候有点像...
9019	objBard	你小时候也|一直那么暴躁吗？
9020	objMiriam	...
9021	objMiriam	调配药水...
9022	objMiriam	真的让我想起了奶奶萨菲。
9023	objMiriam	我真希望她在这儿。
9024	objMiriam	她对药水材料很了解。
9025	objMiriam	我其实并不知道自己在干什么...
9026	objMiriam	|我希望她一切都好。
9027	objMiriam	我们需要的材料都不算特别稀有...
9028	objMiriam	所以...|我们|{wiggle}说不定{/wiggle}|#能在这片区域找到所有材料...
9029	objMiriam	可能吧...
9030	objMiriam	你把所有材料都找齐了吗？
9031	objBard	当然|找齐了！
9032	objMiriam	太好了。
9033	objMiriam	拿出来看看。
9034	objMiriam	...
9035	objBard	...
9036	objMiriam	这些材料没一个是对的。
9037	objBard	啊？
9038	objMiriam	我是说，|它们挺像的。
9039	objMiriam	但它们的种类都是错的，|或者颜色不对。
9040	objBard	噢。
9041	objMiriam	而且，||青蛙应该是活的...
9042	objBard	噢。
9043	objMiriam	不过这些还是可以勉强用的。
9044	objMiriam	屋子里有口锅能用。
9045	objMiriam	||希望英雄不会发现我们...
9046	objMiriam	嘿。
9047	objMiriam	{shake}闭嘴！！！{/shake}
9048	objMiriam	你有没有停下来想过...
9049	objMiriam	那个英雄拿着酷炫的剑到处打怪...
9050	objMiriam	而|{shake}我们{/shake}|却只能在这儿干园艺？
9052	objMiriam	如果她在这儿...||她早就把那朵蠢花摘了...
9053	objMiriam	那为什么{wiggle}我们{}不这么干？
9054	objMiriam	以防万一你忘了，||这个世界快毁灭了。
9055	objMiriam	{shake .5}这老太太院子里有没有落叶根本{shake}不重要{/shake .5}！！！{/shake}
9056	objMiriam	不过，我是说，|随你吧。||你开心就好。
9057	objMiriam	嘿！|我找到了一种材料...
9058	objMiriam	在一个|大户人家的后院...
9059	objMiriam	我在想要不要||直接拿走它...
9060	objBard	{quake}{shake}什么！！！{/shake}||不行！！
9061	objBard	你那么做，你奶奶会怎么想？？
9062	objMiriam	{size .7}哎呀，|好吧，|哎呀！
9063	objBard	{size 1}我们||去问问吧！
9064	objBard	只是一朵花，|没什么大不了的！
9065	objMiriam	那你去吧。
9066	objMiriam	{wiggle .5}"我奶奶会怎么想"...{/wiggle}||好吧，书呆子。
9067	objMiriam	你根本不了解我奶奶！
9068	objBard	{shake .6}她是...||{shake}罪犯？？？{/shake}
9069	objMiriam	{/shake}什么？|当然不是
9070	objMiriam	她是个超温柔的老太太！
9071	objMiriam	你说得对，她确实不喜欢我偷东西，
9072	objMiriam	只是...
9073	objMiriam	{size .7}你又|{wiggle}不知道{/wiggle}|那个...
9074	objMiriam	那现在怎么办？
9075	objMiriam	你想直接拿走它吗？
9076	objBard	{shake}不！！！{/shake}
9077	objBard	我会再问一次...|礼貌一点！
9078	objMiriam	那个老太婆不会帮我们的。
9079	objBard	{shake .7}米莉安！！！{/shake}|你要有礼貌！
9080	objBard	而且要|多相信别人！
9081	objBard	她会帮忙的。||你会看到的！
9082	objMiriam	...
9083	objMiriam	我不信这些人会酷。
9084	objMiriam	可能是||因为他们用一只鸟袭击我们...
9085	objMiriam	可能...
9086	objMiriam	呃啊。||我在这里感觉好奇怪。
9087	objMiriam	感觉每个人都在||盯着我看...
9089	objMiriam	{shake}我|{/shake}又没带着奇怪的会揍人的鸟！！！
9090	objMiriam	我讨厌这个蠢王国...
9091	objMiriam	这里的人都怪怪的...
9092	objMiriam	而且到处都是怪物！！！
9093	objMiriam	我不知道哪个更糟...
9094	objMiriam	我受够这个地方了。
9095	objMiriam	我们走吧。||我来飞。
9096	objBard	还|不|行！
9097	objBard	好|啊！
9098	objMiriam	来吧，|我们走吧。
9099	objBard	还|不|行！
9100	objBard	好|啊！
9101	objMiriam	你认真的吗？？||好吧...
9102	objMiriam	...
9103	objMiriam	为什么大家都盯着我们看...
9104	objMiriam	我不喜欢这个地方...
9105	objMiriam	||呃，|我是说...|我喜欢。
9106	objMiriam	我们还要待在这儿呢！！！
9107	objMiriam	柜台后的那位女士看起来知道些什么。
9108	objMiriam	这里真暖和！
9109	objMiriam	我们进来了你不觉得高兴吗？
9110	objBard	呃...|我们现在在哪儿？
9111	objMiriam	应该还是同一个地方。
9112	objMiriam	灵界中的一切都只是投影...
9113	objMiriam	所以当一位统领死去时...|一切就会消融成虚无。
9114	objMiriam	嗯，也不是完全虚无。这里还是有些东西的。
9115	objMiriam	地球之歌...
9116	objMiriam	我们快成功了！
9117	objMiriam	施展你的吟游能力吧！
9118	objMiriam	地板这有些奇怪的声音...
9119	objMiriam	...|而且还有种...|节奏感...
9120	objMiriam	哈...|||{shake .2}哈...{/shake}
9121	objHero	*喘气*...||呼呼...
9122	objMiriam	我会|{shake .3}抓到{/shake}|你的...|||等我...||喘口气！！！
9123	objHero	||呃呃呃呃...
9124	objHero	{quake}{shake}算了{/shake}|吧！
9125	objHero	你们这帮废物已经浪费我太多时间了！
9126	objHero	梦之王已经逃走了！
9127	objHero	你们可自己骄傲去吧！
9128	objHero	但当他堕入黑暗并开始制造麻烦时...
9129	objHero	别再来求我帮忙！
9130	objMiriam	...
9131	objBard	哇，米莉安！|你竟然顶她的嘴！
9132	objMiriam	哼。||她没那么可怕。
9133	objBard	那是因为|{wiggle}你{/wiggle}|也够强硬！
9134	objBard	我真高兴你来了，|米莉安。
9135	objBard	没有你我可撑不过来...
9136	objMiriam	...
9137	objMiriam	我们去拿那段歌吧。
9138	objMiriam	...|祝你好运...
9139	objMiriam	我们都会支持你。
9142	objWhiner	自从你出现之后，
9143	objWhiner	我的生活好多了！
9144	objBalalaika	你给了我们方向，|还有目标...
9145	objBalalaika	为此...|我感谢你。
9146	objWhiner	是啊！！！|谢谢你！
9147	objMiriam	...
9148	objBalalaika	现在，|我们将深入这野兽之腹
9149	objBalalaika	夺回这座城市的{shake .6}自由{/shake}
9150	objBalalaika	从这黑暗机器的魔爪中！
9151	objWhiner	是啊！||他说的对。
9152	objMiriam	煽情够了。|我们有事要干！
9153	objMiriam	或者，||{wigglw}不要{/wiggle}|干...
9154	objMiriam	{size .7}嘿嘿...
9155	objWhiner	不知为什么，|我们全都得到了工作！
9156	objWhiner	我以为他们根本不会要我...
9157	objMiriam	你当时问的时候倒挺强势。
9158	objMiriam	还...||挺奇怪的...
9159	objBalalaika	你那可怜的乞求||真是个绝佳的掩饰。
9160	objBalalaika	充满了激情。
9161	objBalalaika	他们一点都没怀疑。
9162	objMiriam	我觉得挺吓人的。
9163	objMiriam	我当时觉得那家伙绝对不会让我们进去。
9164	objWhiner	...
9166	objBard	这里还...||有什么？
9167	objMiriam	啊，我不知道
9168	objMiriam	在这附近...
9169	objMiriam	好像有某种...||灵魂...
9170	objMiriam	来吧，|施展你的吟游能力，唱歌吧！
9171	objMiriam	...
9172	objMiriam	加油。||你可以的。
9173	objMiriam	你打算让我永远站在这里吗？
9174	objMiriam	快{wiggle .5}点...
9175	objMiriam	对，|混沌女王的交汇点就在前方。
9176	objMiriam	你知道该怎么做。
9177	objBard	你确定不一起去吗？
9178	objBard	可能会很有趣哦！
9179	objMiriam	||不去。
9180	objMiriam	我显然只会碍事。
9181	objMiriam	我留在这就好。
9182	objBard	什么？不会的！
9183	objMiriam	{size .7}{shake .5}唉。{/shake}
9184	objMiriam	{size 1}我不需要你告诉我那里是什么样。
9185	objMiriam	我根本不在乎。
9186	objMiriam	我只想|||在这儿待着，行吗？
9187	objMiriam	去当什么英雄吧，随你。
9188	objBard	好吧...||行吧！
9189	objMiriam	怎么了？||你想回船上吗？
9190	objBard	不...
9191	objBard	嗯。
9192	objMiriam	好吧。
9193	objMiriam	祝你在交汇点好运。
9194	objMiriam	那你还在这浪费什么时间？
9195	objMiriam	赶快出发吧。
9196	objMiriam	交汇点肯定就在这个岛上。
9197	objMiriam	不过没有那首歌我们也做不了什么。
9198	objMiriam	你想回船上的话告诉我一声。
9199	objMiriam	怎么了？准备离开这里了吗？
9200	objBard	不！
9201	objBard	是！
9202	objMiriam	好啦，|你可以别再装海盗了。
9203	objMiriam	...|你真的非得这么回答吗？
9204	objMiriam	{shake .4}天啊{/shake}船长真是气炸了！
9205	objMiriam	看来人鱼的事没搞成吧？
9206	objMiriam	...
9207	objMiriam	谈恋爱...|||感觉挺蠢的。
9208	objMiriam	不过，|至少你拿到那首歌了...|对吧？
9209	objMiriam	准备好前往迷失瀑布了吗？
9210	objBard	没。
9211	objBard	好！
9212	objMiriam	...
9213	objMiriam	好吧||，那我们就这么站着吧。
9214	objMiriam	看来这招奏效了。
9217	objMiriam	你干得不错。
9218	objMiriam	你这么厉害还需要我干嘛？
9221	objMiriam	真不敢相信那家伙那么厚脸皮。
9222	objMiriam	依我看，|他活该更惨一点。
9223	objMiriam	不过随便啦。
9224	objMiriam	{shake .5}搞什么！！！
9225	objMiriam	{/shake}那是把枪？？
9226	objBard	呃...||是的。
9227	objMiriam	你真的打算朝那人开枪？
9228	objMiriam	这比把他轰飞好到哪去？
9229	objBard	...
9230	objBard	别在意。
9231	objMiriam	这太荒唐了。
9232	objMiriam	你太荒唐了。
9233	objMiriam	我一定要轰了这混蛋。
9234	objBard	别这么做！！！
9235	objMiriam	{size .7}唉
9236	objMiriam	我不知道他到底怎么回事。
9237	objMiriam	他就是...|站在那里，|好像不知道该干嘛。
9238	objMiriam	{size .7}这一切可以很快结束的...
9239	objMiriam	我猜你也可以|把宝石直接给他...
9240	objBard	我根本没有！
9241	objMiriam	哦。
9242	objMiriam	那祝你好运。
9243	objMiriam	如果你连宝石都交不出来...
9244	objMiriam	是啊，|我完全搞不懂你想怎么做。
9245	objMiriam	嗯？||你脸上那是什么表情？
9246	objBard	{size .8}没事
9247	objMiriam	{size 1}...
9248	objMiriam	好吧，我猜我们现在#可以去找那些人鱼了，对吧。
9249	objMiriam	想出发吗？
9250	objBard	不。
9251	objBard	好！！
9252	objMiriam	呃，||好吧。
9253	objMiriam	我们准备好去迷失瀑布了！
9254	objMiriam	卢卡斯船长说我们可以出发了。
9255	objMiriam	想出发吗？
9256	objBard	不。
9257	objBard	好！！
9258	objBard	我只是打个招呼！
9259	objMiriam	呃，||好吧。
9260	objMiriam	哈|{wiggle}喽喽喽喽...{/wiggle}
9261	objMiriam	太棒了，|我受够这鬼天气了。
9262	objBard	{quake}{shake}我找到那首歌啦！！
9263	objMiriam	{}好啦好啦！|哎呀！
9264	objMiriam	那我们可以直接去交汇点了？
9265	objBard	嗯...||不完全是...
9266	objMiriam	别告诉我...
9267	objBard	还有|{quake}任务要做！
9268	objMiriam	哇哦，|{wiggle}酷啊。{/wiggle}
9269	objMiriam	你得去跟船长谈谈后勤问题。
9270	objMiriam	越快越好，|因为外面实在{shake}热|爆|了！||{/shake}
9271	objMiriam	啰啰嗦嗦！
9272	objMiriam	别跟我废话，去找船长！
9273	objMiriam	...
9274	objMiriam	哈啰|{wiggle}啰啰啰{}|，|阳光小子。
9275	objMiriam	现在冷静点了吗？
9276	objBard	|||是的。
9277	objMiriam	那真是感谢艾娅啊。
9278	objBard	交汇点在这里吗？
9279	objMiriam	不在。
9280	objMiriam	我们还得找到...|||猜猜是什么。
9281	objBard	统领之歌？
9282	objMiriam	这次我彻底不知道谁会知道了。
9283	objMiriam	交汇点就在某个荒岛上。
9284	objMiriam	不过这个岛上是有人住的。
9285	objMiriam	那我想...
9286	objMiriam	那你就...||和人...|||社交一下。
9287	objBard	和人说话？
9288	objMiriam	对，|就那个。
9289	objMiriam	看来这些海盗在这儿卖咖啡豆。
9290	objMiriam	...
9291	objMiriam	{size .7}但我在想他们的豆子是从哪来的...
9293	objMiriam	呃。||好热啊。
9294	objMiriam	我也不知道是在外面热，还是船里更难受。
9295	objMiriam	...
9296	objMiriam	请快点找到那首歌。
9297	objMiriam	行啦行啦，|今天{wiggle}唱得{/wiggle}不错。
9298	objMiriam	这些海盗已经够讨人厌了。
9299	objBard	你有时候也该试着放松一下，|米莉安。
9300	objMiriam	{size .7}是啊，|我迟早让你知道什么叫“好玩”。
9301	objBard	你为什么不想一起玩呢？
9302	objMiriam	今天已经够累了。
9303	objMiriam	我现在有点没心情。
9304	objMiriam	...
9305	objMiriam	{size .6}我以前从没离家这么远过。
9306	objBard	你想家了吗？
9307	objMiriam	{shake .5}唉{}
9308	objMiriam	我想是吧，|如果这就是那种感觉的话。
9309	objMiriam	我只希望我奶奶一切都好，之类的。
9315	objMiriam	随你啦，#跟你那些新海盗朋友玩得开心。
9316	objMiriam	我现在想要点|属于我自己的时间。
9317	objMiriam	{wiggle}自~己~的~||时~间~{wiggle}
9318	objBard	哇！！|一艘真正的海盗船！
9319	objMiriam	你一路上都要这样吗？
9320	objBard	可能会哦。
9321	objBard	海盗真的超酷的，米莉安。
9322	objBard	你觉得曼尼、维奥拉和埃什他们还好吗？
9323	objMiriam	谁啊？|你们乐队的？
9324	objMiriam	我们才...|{wiggle}刚{/wiggle}|走。
9325	objMiriam	我相信他们没事的。
9326	objBard	想玩个游戏吗？|比如“猜猜我看到”？
9327	objMiriam	不。
9328	objMiriam	你要不要...|比如...|去船上探险一下之类的？
9417	objBard	这个小镇好可爱！
9418	objMiriam	||也许吧...||如果你以前没见过镇子的话。
9419	objMiriam	别忘了我们是来学统领之歌的。
9420	objMiriam	我会认真在这里等着...
9421	objMiriam	万一有个看起来有用的人路过。
9422	objMiriam	可能要等一会儿。
9423	objMiriam	寻找统领的歌...
9424	objMiriam	是这整个拯救世界过程中{wiggle}最糟{/wiggle}的部分。
9425	objMiriam	我讨厌被迫||和人打交道...
9426	objBard	我倒是不介意！
9427	objMiriam	所以啊，|我们才让这成了|{wiggle}你{/wiggle}|的任务。
9428	objMiriam	那？|找到什么了吗？
9429	objBard	还没！
9430	objMiriam	好吧。
9431	objMiriam	只要|{wiggle}尽量{/wiggle}|别被那些蠢支线任务分心，|行不？
9394	objMiriam	哦，|{wiggle}你{/wiggle}在这儿啊。
9395	objMiriam	听说你最近很忙啊。
9396	objMiriam	{shake}到处演出！！{/shake}
9397	objMiriam	我可是|明确地|说过别这么干！！！
9398	objMiriam	还是你忘了这个世界正在{quake}{shake}毁灭？？{/shake}
9399	objBard	但是我学到统领之歌了！
9400	objMiriam	哦。|||你学到了？
9401	objBard	是啊！||我现在该做什么？
9402	objMiriam	你去找呼吸水晶，然后唱那首歌！
9403	objMiriam	它们就在我们昨天穿过的那个洞穴里。
9404	objMiriam	沿着那些水晶一路往下走就行了。
9405	objBard	你不来吗？
9406	objMiriam	不去。|你需要我干嘛？
9407	objMiriam	看起来你自己搞定了所有事。
9408	objMiriam	我在这挺好的。
9409	objMiriam	你完成后再回来吧。
9410	objBard	那，|好吧...
9411	objMiriam	祝你跟统领好运。
9412	objBard	谢谢！
9413	objBard	能再说一遍在哪吗？
9414	objMiriam	{shake .5}唉{}
9415	objMiriam	去我们昨天穿过的那个洞穴。
9416	objMiriam	然后沿着水晶一路往下走...
9365	objMiriam	哎呀，|你终于回来了，|欢迎啊！	(NORMAL LINES)Talking after act 2 spirit world
9366	objMiriam	这次统领帮你了？|好啊。
9358	objMiriam	哦，|{shake}你在这儿{/shake}啊！	(OPTIONAL LINES) if you skipped story things
9359	objMiriam	好吧，你就这样没等我就跑掉了。
9360	objMiriam	你怎么知道统领之歌？！
9361	objMiriam	其实，|仔细一想...
9362	objMiriam	我不在乎。
9363	objMiriam	重要的是这次统领帮你了。
9364	objMiriam	对吧？|那就好。
9367	objMiriam	我们得讨论一下接下来的计划。
9368	objMiriam	你这趟小冒险|还不错吧？
9369	objBard	对啊，|很不错！
9371	objMiriam	好啦，|有趣的部分结束了。
9372	objMiriam	下一个交汇点在大海中央。
9373	objMiriam	要是飞过去就太蠢了...
9374	objMiriam	所以我要搭这位船长的便船。
9375	objMiriam	在那之前，|我可以送你飞回家。
9376	objMiriam	或者你也可以留在德尔菲。
9377	objMiriam	我知道你现在也有你的乐队啥的了。
9378	objMiriam	我无所谓。||随你便。
9379	objMiriam	那你决定了没？
9380	objBard	回|家！
9381	objBard	留|在|这！
9382	objBard	我不会再玩下去了！！
9383	objMiriam	？
9385	objBard	我想拯救世界！
9386	objBard	所以...||{quake}我要跟你一起走！
9387	objMiriam	...
9388	objMiriam	嗯哼。
9389	objMiriam	我||喜欢你这态度。
9390	objMiriam	你真的准备好认真对待这件事了吗？
9391	objBard	是的！
9392	objMiriam	我会在镇外的船上等你。
9393	objMiriam	别让我们等太久！
9329	objMiriam	那么？|准备好出发了吗？
9330	objBard	还|没！
9331	objBard	准|备|好|了！
9332	objMiriam	那你{quake}干嘛还来跟我说话？？
9333	objMiriam	真是个话匣子...
9334	objManny	那么，||再见啦，|孩子...
9335	objClara	不过...|这不代表乐队解散了，||对吧？
9336	objAngel	所以...
9337	objAngel	|那...
9338	objAngel	...|||这个试玩版就到这？
9339	objAngel	{shake .5}我们真的希望你喜欢这款游戏！！！{/shake}
9340	objAngel	还有|很多|内容几乎已经完成了...
9341	objAngel	整个故事一共有七幕。
9342	objAngel	而且，||天哪...
9343	objAngel	我真的好想让你看到、告诉你更多更多...
9344	objAngel	但||{quake}{shake}现在还不行！！！{/shake}
9345	objAngel	在它变得|{shake}完美{/shake}|之前都不行。
9346	objAngel	所以现在要暂时说再见了...
9347	objAngel	真的|超级超级超级超级
9348	objAngel	超级超级超级超级超级
9349	objAngel	{quake}{shake}超级{/shake}||感谢你来玩这款游戏！！！
9350	objAngel	这款游戏对我们来说真的很特别。
9351	objAngel	能与你分享它意义重大。
9352	objAngel	我们很想知道你的想法！
9353	objAngel	如果你|真的|喜欢的话...
9354	objAngel	{quake}也告诉你的朋友我们吧！！！
9355	objAngel	我们只是一个小小的独立游戏，|你懂的？
9356	objAngel	我们需要尽可能多的支持。
9357	objAngel	||好啦...|||{anim sprAngel_peace}和平！
9455	objMiriam	...|我觉得我们把那一段搞砸了。
9456	objMiriam	好的...||我们可以再试一次。
9457	objBard	现|在|不|行。
9458	objBard	好|的！！！
9459	objMiriam	好的。
9460	objMiriam	我们从头开始。
9461	objBard	嗯...||想来还挺有趣的？
9462	objBard	米莉安？
9463	objBard	你总是用扫帚背着我到处跑。
9464	objBard	但现在|{shake .5}我{/shake}|背着|{shake .5}你！{/shake}||哈。
9465	objBard	（比看起来难多了...）
9467	objMiriam	嘿。
9474	objMiriam	你能不能现在别这样...
9475	objMiriam	我没心情。
9476	objMiriam	...哦。|呃...
9477	objMiriam	我猜你只能在晚上看到年度灯光。
9478	objMiriam	所以。|晚点再来吧！
9479	objMiriam	我就在这里等着。
9480	objMiriam	...我真受够了恶心的污染的味道...
9481	objMiriam	年度灯光挺漂亮的。
9482	objMiriam	...||在夜晚。
9483	objMiriam	这个交汇点叫做年度灯光。
9484	objMiriam	它们很漂亮，|对吧？
9485	objMiriam	现在赶紧唱歌，我们好去见统领！
9486	objBard	你要跟我一起去吗？
9487	objMiriam	是！
9488	objBard	...
9489	objBard	嗯...|但是，|你不会...
9490	objBard	我是说...||你不会想念...
9491	objBard	那个伤心的屋顶小伙吗？
9492	objBard	喜欢你的那位？
9493	objMiriam	不。
9494	objMiriam	事情|根本不是那样的。
9495	objMiriam	他只是朋友。||明白吗？？
9496	objMiriam	||真不敢相信我们在谈这个...
9497	objMiriam	赶紧唱歌吧。
9498	objMiriam	看看这是谁！！！
9499	objMiriam	终于不再闷闷不乐了？
9500	objBard	|||没...
9501	objMiriam	噢。
9502	objMiriam	...
9503	objMiriam	你怎么会来这里？
9504	objMiriam	你觉得你准备好见下一个统领了吗？
9505	objBard	...这里有统领...？
9506	objMiriam	呃。||对！
9507	objMiriam	{size 1.8}你正站在交汇点处！
9508	objBard	||哦！
9509	objBard	所以我们只需要统领之歌！
9510	objMiriam	我早就弄到了！
9511	objMiriam	{size 1}我|在你帮不上忙的时候干了{wiggle}很多{/wiggle}|事。
9512	objBard	噢。
9513	objMiriam	就是|你妈妈曾经唱给你的摇篮曲。
9514	objBard	那首歌我早就知道！
9515	objMiriam	对，|剧情大反转，|我知道。
9517	objBard	所以我只要唱这首歌...
9518	objMiriam	我就是这个意思。
9519	objMiriam	你准备好我就准备好。
9520	objMiriam	看看这是谁！！！
9522	objMiriam	你知道我等了多久吗？
9523	objMiriam	你去哪了？？
9524	objBard	嗯，|我遇到了个天文学家...
9525	objBard	计划着关闭工厂...
9526	objMiriam	{shake}{quake}你在耍我吗？？？{/shake}
9527	objMiriam	有个英雄在到处乱窜杀统领！
9528	objMiriam	我们没时间管你||{shake .3}这些胡闹！{/shake}
9529	objBard	抱歉
9530	objMiriam	好吧。|你闷闷不乐的那会...
9532	objMiriam	我|{wiggle}其实{/wiggle}|给我们干了不少活。
9533	objMiriam	我找到了统领之歌！
9534	objMiriam	这样我们可以直接见这地方的统领。
9535	objBard	...这里有统领...？
9536	objMiriam	呃。||对！
9537	objMiriam	{size 1.8}你正站在交汇点处！
9538	objBard	||哦！
9539	objMiriam	{size 1}听着。|那首统领之歌？
9540	objMiriam	就是|你妈妈曾唱给你的摇篮曲。
9541	objBard	那首歌我早就知道！
9542	objMiriam	对，|剧情大反转，|我知道。
9544	objBard	所以我只要唱这首歌...
9545	objMiriam	我就是这个意思。
9546	objMiriam	你准备好我就准备好。
9547	objMiriam	那么？||快点...
9548	objMiriam	唱你妈妈的老摇篮曲！
9549	objMiriam	...
9550	objMiriam	唱就行。||我在等着。
9551	objMiriam	交汇点被这些恶心的云挡住了...
9552	objMiriam	{name}！||你必须想办法关闭工厂！
9553	objMiriam	呃，|还有点臭。
9554	objMiriam	这个镇子|真恶心。
9555	objMiriam	一定有办法关停工厂...
9556	objMiriam	来吧！|想办法解决它！
9557	objMiriam	你要干什么
9558	objBard	...
9559	objBard	嗯，|我有封信...
9560	objBard	给一个这个时候...||站在这里...|||的女孩？
9561	objMiriam	...所以这是给我的。
9562	objBard	我|||猜是的？？
9563	objMiriam	{size .7}这是啥
9564	objMiriam	这是...
9565	objMiriam	...
9566	objMiriam	{size 1}{shake}恶心！！！！！！
9567	objMiriam	{}{shake .4}哦||{wiggle}我{/wiggle}|有答案了！
9568	objMiriam	把这个还给他！！！
9569	objMiriam	而且|{quake}{shake}绝对不要{shake .4}|||读它！！！
9570	objMiriam	找到写信给我的人，把信还给他！！
9571	objMiriam	我以前从没收到过那样的信...
9572	objMiriam	{shake .8}{size .7}（呕）
9573	objMiriam	还拿着那个东西？？||快点
9574	objMiriam	哎呀，|这里好冷。
9575	objMiriam	嗯。|你家很暖和。
9576	objMiriam	关停工厂有进展了吗？
9577	objMiriam	我可以跟你说说镇上的一些传言...
9578	objMiriam	我也没别的什么可贡献的了。
9579	objMiriam	显然镇外有个天文学家...
9580	objMiriam	他们有台大望远镜。
9581	objMiriam	所以，|谁知道他们知道些什么，|对吧？
9582	objMiriam	你大概应该去找找他们。
9583	objMiriam	我就继续|在这儿乱逛...
9584	objMiriam	没几个人了解那个天文学家多少。
9585	objMiriam	他们整天就在望远镜前研究东西。
9586	objMiriam	但...|他们总得吃饭吧，|对吧？
9587	objMiriam	听起来荒唐，|但萨菲奶奶总是说...
9588	objMiriam	{wiggle}“仰望星空寻找答案...”{/wiggle}
9589	objMiriam	这让我觉得那个天文学家可能知道点什么。
9590	objMiriam	那么？||有什么消息吗？？
9591	objBard	我遇到过这里的一个天文学家...
9592	objBard	她也想关闭工厂。
9593	objMiriam	{shake .5}完美！！！{/shake}
9594	objMiriam	那我该炸哪里？
9595	objBard	嗯？
9596	objMiriam	她是科学家，|对吧？
9597	objMiriam	所以她知道该打哪里才能让整个系统瘫痪！
9598	objMiriam	{shake .5}我该炸哪里？！{/shake}
9599	objBard	|...我们不打算用炸的。
9600	objMiriam	哦。
9601	objBard	我们要集合镇上悲伤的人们...
9602	objBard	然后从内部搞垮它。
9603	objMiriam	哦。
9604	objMiriam	||好吧...
9605	objMiriam	我更喜欢我的计划。
9606	objMiriam	但|我猜...
9607	objMiriam	我们还是按你的来吧。
9608	objMiriam	那么，|告诉我，
9609	objMiriam	如果你想听镇上的传言...
9610	objMiriam	或者什么的...
9611	objMiriam	所以我们在找那些悲伤又迷茫的人，是吧？
9612	objMiriam	如果你想知道的话，|至少我可以告诉你我看到的。
9613	objMiriam	反正我也没什么|{shake .3}别的{/shake}|事可做。
9614	objMiriam	你家屋顶上那个伤心的家伙。
9615	objMiriam	这附近屋顶上那个伤心的家伙。
9616	objMiriam	你知道，|他一直在弹音乐。
9617	objMiriam	他看起来很沮丧。||他可能会帮我们。
9618	objMiriam	还有那个总是哭哭啼啼到处游荡的男人。
9619	objMiriam	他有点|让我很不舒服...
9620	objMiriam	||...肯定有更好的选择，|对吧？
9621	objMiriam	那个屋顶上伤心的家伙看起来跟你合得来。
9622	objMiriam	都是音乐狂又都闷闷不乐的。
9623	objMiriam	但是你到底怎么上去的...？
9624	objMiriam	那个爱发牢骚的男人确实很需要朋友。
9625	objMiriam	不过谁能忍受得了那么爱抱怨的人呢？
9626	objMiriam	我都无法想象那是什么感觉...
9627	objMiriam	...需要帮忙找人关停工厂？
9628	objBard	就差一个了！
9629	objMiriam	嗯嗯嗯。
9630	objMiriam	这次你得自己想办法了。
9631	objMiriam	我想不到还能有谁。
9632	objMiriam	这个破镇上的每个人都有工作了...
9633	objBard	你怎么样？
9634	objMiriam	|什么？
9635	objMiriam	不。
9636	objBard	来吧，米莉安！！
9637	objMiriam	||什么，
9638	objBard	你为什么不能帮帮我们？
9639	objMiriam	...
9640	objMiriam	为什么是我？
9641	objBard	因为你是唯一一个剩下的人！
9642	objMiriam	是啊。
9643	objMiriam	{wiggle}真{/wiggle}|令人受宠若惊。
9644	objMiriam	能被你选上最后一个。
9645	objMiriam	你知道吗...
9646	objMiriam	这本该是|{wiggle}我的{/wiggle}|冒险。
9647	objMiriam	只有我和萨菲奶奶。
9648	objMiriam	但自从你出现以后...
9649	objMiriam	不知怎么的我再也没机会做什么了。
9650	objMiriam	虽然|{wiggle}我才是{/wiggle}|拥有魔法力量的人。
9651	objMiriam	你觉得那是什么感觉？
9652	objMiriam	|||她大概觉得我很没用。
9653	objMiriam	她{shake .8}几乎不信任{}我|才叫你来帮忙。
9654	objMiriam	{quake}{shake .3}然后！！！
9655	objMiriam	你基本上证明了她是对的！！！{}
9656	objMiriam	你觉得||{shake .8}那{/shake}是什么感觉？
9657	objBard	我...！||嗯...
9658	objBard	我想我知道那是什么感觉...
9659	objBard	就像我发现别人才是英雄的时候...
9660	objBard	那让我感觉非常...
9661	objBard	||...无助。
9662	objBard	我不属于这段冒险。
9663	objMiriam	是啊|不过你显然很有用！
9664	objMiriam	你用歌声帮我们解决每个问题！
9665	objBard	{wiggle}你{/wiggle}|才是很有用的那个！
9666	objBard	你会飞|而且总知道下一步该做什么！
9667	objMiriam	...
9668	objMiriam	不知为什么...
9669	objMiriam	听你这么说...
9670	objMiriam	我一点也不觉得好受。
9671	objBard	我也一样。
9672	objBard	但这就是我们必须做这件事的原因！
9673	objBard	一起做！
9674	objBard	我们必须|{shake .1}{quake}证明{}|我们不是没用的！！
9675	objBard	不试试我们永远都做不到！
9678	objMiriam	...
9679	objMiriam	{size .7}好吧...
9680	objMiriam	{}行。
9681	objMiriam	我会帮忙。
9682	objMiriam	就这次！
9683	objMiriam	晚上的餐馆会议见。
9684	objMiriam	所以这是秘密会议，|是吧？
9685	objMiriam	这些笨蛋要怎么关掉工厂...？
9686	objMiriam	我现在也被算上了...
9687	objMiriam	真不敢相信我以前嫉妒过这个...
9688	objMiriam	这里每个人看起来都很沮丧，|或者很呆。
9689	objMiriam	...
9690	objMiriam	{shake .3}唉...{/shake}|现在我也是他们中的一个了...
9691	objMiriam	你妈妈让我想起萨菲奶奶...
9692	objMiriam	||挺好的。
9693	objMiriam	我有点想她了...
9694	objMiriam	好吧好吧，|反正我现在跟你们一队了。
9695	objMiriam	我会去参加你们晚上的会议什么的。
9696	objMiriam	但是...|重点还是要关停工厂，|对吧？
9697	objMiriam	如果我们真的做到的话...
9698	objMiriam	不知道这个镇子会发生什么。
9699	objMiriam	工厂是一切的中心...
9700	objMiriam	哎呀！！！
9701	objMiriam	我鸡皮疙瘩都起来了...
9702	objMiriam	在这冷的要命的天气里走路！
9703	objMiriam	我们快点离开这...
9704	objMiriam	...
9705	objMiriam	那么...
9706	objMiriam	该说再见了，|是吧？
9708	objBard	暂时的！
9710	objBard	但我们会一直在一起玩！
9711	objBard	对吧？
9712	objMiriam	我也希望...
9714	objBard	我好累啊。
9715	objMiriam	|我也是。
9716	objBard	我们一起走了很长一段路，
9717	objBard	不是吗？
9718	objMiriam	是啊。
9719	objBard	谢谢你...||和我一起拯救世界！
9720	objMiriam	是啊...
9721	objMiriam	|谢谢你...
9722	objMiriam	|做...
9723	objMiriam	|||我的朋友。
9724	objMiriam	好啦。
9725	objMiriam	...|再见！！！
9726	objBard	{size 1.5}{background #180431}{color #FFC86B}哇，|米莉安！
9727	objBard	你飞这把扫帚飞得真好！
9728	objBard	感觉就像你从没丢过以前的那把！
9729	objMiriam	||唉。
9730	objMiriam	我用这把肯定没那么厉害...
9731	objMiriam	但是...|||谢了。
9732	objBard	我真的很抱歉，|米莉安。
9733	objBard	关于你的扫帚||，还有...
9734	objBard	我们说好要多合作...
9735	objBard	但我没带你就去见了女王。
9736	objBard	你生我的气吗？
9739	objMiriam	不。
9740	objMiriam	我还是为扫帚坏了感到难过。
9741	objMiriam	但我没生你的气。
9742	objMiriam	不管怎样，|我有很多事|||要考虑。
9743	objBard	什么事？
9744	objMiriam	比如所有事。
9745	objMiriam	我为什么要做这些，|我为什么在这里...
9746	objMiriam	和其他巫师在一个城市里很奇怪。
9748	objMiriam	我以为那是我能融入的地方。
9749	objMiriam	但我不行。
9754	objBard	那只能说明你很特别！
9755	objMiriam	嗯。
9756	objMiriam	也许...||我不想那么特别。
9757	objMiriam	我一生都很特别。
9758	objMiriam	在德尔菲，#|我和萨菲是唯一的巫师。
9759	objMiriam	我从没遇到过和我一样的人。
9760	objMiriam	我想我现在还是没有。
9761	objMiriam	像这样与众不同感觉不太好。
9762	objMiriam	我觉得我就是个怪胎。
9763	objMiriam	我永远不会融入|任何地方。
9764	objBard	我也融入不进去，|米莉安...
9766	objMiriam	什么？||你融入了。
9767	objMiriam	无论你到哪里，#|你都会交很多朋友。
9768	objMiriam	每个人都爱你。
9769	objMiriam	没|有人爱我。
9770	objBard	我爱你！
9771	objBard	我的意思是，|像朋友一样...
9772	objMiriam	我知道。
9773	objBard	也许我确实交到了朋友，
9774	objBard	但那不是因为我融入进去了，|或者我们相似。
9775	objBard	无论我们到哪里，#|我依然是个局外人。
9776	objBard	参与这次冒险对我来说就是个错误...
9777	objBard	我不是英雄...
9778	objBard	我不应该在这里。
9779	objBard	但是，|你让我感觉我就是！
9780	objBard	我们是共同的...||局外人！
9781	objBard	我很高兴我们是朋友！
9782	objMiriam	你知道吗...
9783	objMiriam	你大概是我认识的唯一一个...
9784	objMiriam	我会称之为朋友的人。
9785	objMiriam	我也很高兴我们是朋友。
9786	objMiriam	好了，|在这下车！
9787	objBard	{size 1.5}{background #230E30}{color #F43D5E}发生了什么？
9788	objMiriam	哦，|你醒了。
9789	objMiriam	你把那个蠢信息唱给国王听了。
9790	objBard	{shake .5}哦！{/shake}||对！|信息！
9791	objBard	那个幽灵其实是||钱德什的公主！
9792	objMiriam	嗯哼。
9793	objBard	她想要结束战争...
9794	objBard	起效了吗？
9795	objBard	那段信息？
9796	objMiriam	|||没有。
9797	objMiriam	完全没用。
9798	objMiriam	国王对此非常愤怒。
9799	objMiriam	他把你关进了监狱。
9801	objMiriam	然后，|最终，|他教了英雄这首歌...
9802	objMiriam	然后我得偷看他们才能学会，
9803	objMiriam	然后我还得帮你越狱...
9804	objMiriam	这真的挺酷，也很英雄主义，|而且...
9805	objMiriam	...
9806	objMiriam	天呐。
9807	objMiriam	你那会儿真的是晕过去了吗？
9808	objBard	估计是吧！
9809	objBard	...
9810	objBard	抱歉我惹了这么多麻烦...
9811	objBard	幸好还有你能帮我。
9812	objBard	又一次...
9813	objMiriam	没事。
9814	objMiriam	我都快习惯救你了。
9815	objBard	{shake}哦！{/shake}||等等...！
9816	objBard	国王说他们三天后就会入侵！
9817	objBard	那还会发生吗？
9818	objBard	我们该怎么办，|米莉安？
9819	objMiriam	现在还剩两天。
9820	objMiriam	而且，||我也不知道。
9821	objMiriam	这不关我们的事。
9822	objMiriam	现在，|我们要...
9824	objMiriam	去|{wiggle}天空神殿。{/wiggle}
9825	objMiriam	这里的交汇点，||就在边境上。
9826	objMiriam	我们有去见统领需要的所有条件...
9827	objMiriam	这才是重点。
9831	objMiriam	事|实上...
9832	objMiriam	我们现在已经...||到了。
9833	objBard	好！||三二一起飞！
9834	objMiriam	呃，|什么？
9835	objBard	我们飞吧！
9836	objMiriam	||不行。
9837	objBard	不行吗？
9838	objMiriam	我累了。
9839	objMiriam	我睡在地板上。
9840	objMiriam	几乎没睡。
9841	objMiriam	{wiggle}你{}|自己试着背你几天感受一下。
9842	objMiriam	然后看看你还想不想继续背一天。
9843	objMiriam	你走路吧。
9844	objBard	{size 1.5}{background #000D28}{color #FEB00B}我在想...
9845	objBard	英雄说的那些话...
9846	objBard	|||统领们真的...|是坏人吗？
9848	objMiriam	{wiggle}坏人？{/wiggle}||我不知道...
9849	objMiriam	我很讨厌她，所以...
9850	objMiriam	她想要的东西肯定是坏事。
9854	objMiriam	记住，|她只是在遵守规则。
9855	objMiriam	那些规则说她是英雄。
9856	objMiriam	而所有规则都说这个星球{shake .2}应该{/shake}去死...
9859	objMiriam	所以，如果我们要拯救它，
9860	objMiriam	我们必须打破规则。
9861	objMiriam	地球之歌对我和奶奶来说还是个大谜团。
9862	objMiriam	我们不知道过去的宇宙发生了什么...
9863	objMiriam	比如，|有人曾经|{shake .4}尝试{/shake}|收集过片段吗？
9864	objMiriam	它真的{shake .4}有用吗？？{/shake}
9865	objMiriam	我怎么知道！
9867	objBard	但是...|我们必须试试？
9868	objMiriam	是的，奶奶也是这么说的。
9869	objMiriam	{font 1}{wiggle .5}“呼呼呼！保持希望，米莉安！”{/wiggle}"
9870	objBard	{/font}我喜欢你奶奶。
9871	objMiriam	我也是。
9872	objBard	你想她吗？
9873	objMiriam	...
9874	objMiriam	没事的。
9875	objMiriam	我们快到了。
9876	objMiriam	我要下去了。
9884	objMiriam	这里是交汇点。
9885	objMiriam	{wiggle}呼吸水晶{/wiggle}...
9886	objMiriam	不过|没有风之女王的歌就没用。
9887	objMiriam	终于出来了！！
9889	objMiriam	前面就是名叫德尔菲的镇子。
9890	objMiriam	如果谁知道风之女王的歌，#绝对能在那儿找到。
9891	objMiriam	我等你等烦了...|我们那里见！
9892	objMiriam	你还记得这里吗？
9893	objMiriam	我们第一次见面的地方。
9894	objMiriam	我在这里|用扫帚带着你...
9895	objMiriam	然后飞到了德尔菲。
9896	objBard	哦对！
9897	objBard	我们的冒险就是这样开始的。
9898	objMiriam	感觉像是很久以前的事了...
9899	objMiriam	这里被毁得很严重。
9900	objMiriam	我曾经来这里，|寻找统领之歌...
9901	objBard	这就是我们第一次见面的地方，|米莉安！
9902	objMiriam	嗯？||真的吗？
9905	objBard	我当时正要去朗特里！
9906	objBard	你那时候对我有点暴躁...
9907	objMiriam	哦。
9908	objMiriam	好吧，|听着挺像我的。
9910	objMiriam	但我问的每个人都在害怕幽灵。
9911	objMiriam	然后你就找到了它，|我猜。
9912	objBard	再见到萨菲奶奶感觉怎么样？
9913	objMiriam	挺好的。
9914	objMiriam	我真的很想她...
9915	objMiriam	也许这很傻，|但是...
9916	objMiriam	我当时很担心...
9917	objMiriam	她可能不在那里了。
9918	objMiriam	德尔菲那儿也一团糟。
9919	objMiriam	怪物到处都是...
9920	objMiriam	而且，|你知道，||她已经很老了...
9921	objMiriam	当我见到她的时候...
9922	objMiriam	那种情绪...||很复杂，
9923	objMiriam	我不太擅长那种事情。
9924	objMiriam	{size .7}我为什么要跟你说这些...{/size}
9925	objBard	{}别尴尬！
9926	objBard	我也很高兴她没事！
9927	objMiriam	我感觉自己很失败。
9928	objMiriam	那样回到家。
9929	objMiriam	没能拯救世界。
9930	objMiriam	但||她一点也没让我觉得难受。
9931	objMiriam	她只是很高兴见到我。
9932	objMiriam	她最棒了。
9933	objMiriam	我还是为离开你感到愧疚。
9934	objMiriam	||对不起...
9935	objBard	{}没关系，|米莉安！
9936	objBard	你做了你必须做的！
9937	objMiriam	啊啊，
9938	objMiriam	我讨厌...
9939	objMiriam	你这么善良，
9940	objMiriam	你真不该这样，
9941	objMiriam	对我。
9943	objBard	但你是我的朋友！
9944	objMiriam	我不是个合格的朋友。
9945	objBard	你是的！
9946	objMiriam	不...|||不是。
9947	objMiriam	你独自爬上了那座山。
9948	objMiriam	而且还要应付英雄。
9949	objMiriam	我不该离开你。
9950	objBard	{}真的没关系！
9951	objMiriam	{shake .5}重点不是这个！！！{/shake}
9952	objMiriam	我...
9953	objMiriam	我离开可不是什么好理由。
9956	objBard	你受伤了！
9957	objMiriam	算是吧。
9959	objMiriam	其实没|{shake .5}那么{/shake}严重。
9960	objMiriam	事实是...
9961	objMiriam	我大概可以和你一起去的。
9962	objMiriam	但是我害怕了。
9963	objBard	我也害怕，|米莉安。
9964	objMiriam	我不是那个意思。
9965	objMiriam	我是说...|我|真的很|害怕。
9966	objMiriam	关于世界末日什么的。
9967	objMiriam	但那不是我离开时害怕的原因。
9968	objMiriam	...
9969	objMiriam	{shake .5}啊啊！{/shake}
9970	objMiriam	我听起来真可怜...
9971	objMiriam	什么都怕...
9972	objMiriam	为什么我非得这样呢？
9973	objBard	你在怕什么？
9974	objMiriam	...
9976	objMiriam	{size .7}我什么都不该说的...
9977	objMiriam	这太尴尬了。
9978	objMiriam	算了。
9979	objBard	...等等，|我真的想知道！
9980	objBard	你为什么害怕？
9981	objMiriam	{shake .5}啊啊{/shake}|啊啊啊！！！
9982	objMiriam	我不知道！||我...
9983	objMiriam	我猜...
9984	objMiriam	是在...
9990	objMiriam	害怕...
9991	objMiriam	...靠|近||某人。
9993	objMiriam	{shake}好吗？？
9994	objBard	所以你才害怕？
9995	objMiriam	我就知道你不会明白。
9996	objBard	但是...！
9997	objBard	我想明白。
9998	objMiriam	我没什么朋友，|好吗？
9999	objMiriam	我不怎么...||跟别人说话...
10000	objMiriam	而且我绝对|不会...
10001	objMiriam	告诉别人||关于...
10002	objMiriam	我自己|的事情。
10003	objMiriam	{size .7}啊啊啊，|我这方面做得太差了...
10004	objBard	{}你一直告诉|我|各种事！
10005	objMiriam	{shake .5}我说的就是这个！！！{/shake}
10006	objMiriam	这才是最可怕的！
10007	objMiriam	{shake .5}这...{/shake}||很可怕！
10008	objMiriam	分享...||情感！
10009	objBard	你现在在害怕吗？
10010	objMiriam	{shake}是的！！！{/shake}
10011	objMiriam	这就是我不理解你的地方。
10012	objMiriam	你表现得一切都无所谓。
10013	objMiriam	就算实际上很重要！
10015	objMiriam	我刚刚都承认了，
10016	objMiriam	我几乎是抛弃了你...
10017	objMiriam	去山里一个人等死，|还是别的什么，
10018	objMiriam	没有|{shake .5}任何正当理由！{/shake}
10019	objMiriam	而你甚至不在乎。
10020	objMiriam	我不该回来的。
10021	objMiriam	我本不该再露面...
10022	objBard	{shake .5}米莉安！！！{/shake}
10023	objBard	你别那么想！
10024	objBard	{shake .5}我{/shake}|很抱歉...
10025	objBard	装作没什么大不了的样子。
10027	objBard	我知道这有多可怕...
10028	objBard	分享你的感受。
10029	objBard	说实话，
10030	objBard	我也不擅长这事。
10031	objMiriam	胡说！
10032	objMiriam	你所做的一切就在分享你的感受！
10033	objMiriam	你...|唱歌！！||对着{shake .5}所有东西！！{/shake}
10034	objBard	我会分享好的感受！
10035	objBard	因为...||这能帮助别人。
10036	objBard	但是...
10037	objBard	我也有不好的感受。
10038	objBard	我只是|不喜欢分享那些。
10039	objBard	因为...
10040	objBard	|它们||不重要。
10041	objMiriam	{shake}啥？？？{/shake}
10042	objMiriam	你认为|我的|愚蠢感受很“重要？？？”
10043	objBard	是的！
10044	objBard	每个人都很重要！
10045	objBard	而且...||我想帮助他们！
10046	objBard	我猜这就是为什么我只分享好事。
10047	objBard	分享坏事||没用。
10060	objMiriam	...
10064	objMiriam	你想帮助||我。
10065	objMiriam	你觉得我感觉怎么样，
10066	objMiriam	一直抱怨，||一直有麻烦...
10067	objMiriam	而你假装自己...||很完美！
10068	objMiriam	这才是最可怕的。
10069	objMiriam	这让我感觉更糟了。
10070	objMiriam	像我疯了一样！！！
10071	objBard	对不起！！！
10077	objBard	你没疯...
10078	objBard	我才是那个疯子。
10079	objMiriam	||不...
10080	objMiriam	你不是。
10081	objMiriam	你只是...||有点怪。
10082	objMiriam	所以。
10087	objMiriam	...
10088	objMiriam	你真的不生我的气吗？
10089	objMiriam	关于我离开的事？
10090	objBard	不！
10091	objBard	我觉得|你已经尽力了。
10092	objBard	那没关系！
10093	objMiriam	真的吗？
10094	objMiriam	一点也不伤你的感情吗？||完全不？
10095	objBard	嗯...
10096	objBard	我想...||确实伤到了我。
10097	objBard	一点点。
10098	objBard	但是，||更重要的是，
10099	objBard	我真的很高兴你回来了！
10100	objBard	我很想你，|米莉安。
10101	objMiriam	是啊。
10102	objMiriam	...||我也很想你。
10103	objMiriam	比我想象的还要多。
10104	objMiriam	我想这就是为什么，
10105	objMiriam	虽然那真的很可怕...
10106	objMiriam	我觉得我|必须|回来。
10107	objMiriam	你是个||非常特别的人，|{name}。
10112	objMiriam	我一生都孤独而悲伤。
10113	objMiriam	但你让我感觉好了一些。
10114	objMiriam	正好赶上了世界末日，|我猜...
10115	objMiriam	但...|无论如何，|我很高兴。
10117	objMiriam	我很高兴在末日前有你这样的朋友。
10118	objBard	...
10119	objMiriam	{shake}好了！！！{/shake}
10120	objMiriam	我要说的|就这些。
10121	objMiriam	我说完了。
10122	objMiriam	别再关心那些烦人的感情了。
10123	objMiriam	现在变回之前那个酷酷的米莉安。
10124	objBard	...
10126	objBard	我喜欢那些烦人的感情，米莉安！
10127	objBard	但...||好吧。
10128	objBard	只是让你知道，
10129	objBard	我对你也是一样的感受。
10130	objBard	谢谢你做我的朋友...|米莉安。
10131	objMiriam	...
10132	objMiriam	我想知道萨菲会怎么想，
10133	objMiriam	看到我这样回家...
10134	objMiriam	我觉得她永远不会对我失望...
10135	objMiriam	或者至少，|她永远不会表现出来。
10136	objBard	她为什么会失望？！
10137	objMiriam	因为我失败了。
10138	objMiriam	就是这个原因。
10139	objBard	不可能！
10140	objBard	没有你我们根本到不了这一步！
10141	objBard	她会为我们骄傲！
10142	objMiriam	...
10143	objMiriam	我记得你被英雄的闪电击中时...
10144	objMiriam	我完全不知道那到底有多痛。
10145	objMiriam	我曾责怪你没帮上更多忙...
10146	objMiriam	还因为你闷闷不乐那么久...
10147	objMiriam	对不起。
10148	objBard	没关系！
10149	objMiriam	你真的以为没有我你能撑过去吗？
10150	objMiriam	我不知道你是否准备好#面对接下来的一切。
10151	objMiriam	伊科尔山...||真的很危险...
10152	objMiriam	现在怪物们四处蔓延...
10153	objMiriam	你可能还会，|再次见到英雄。
10154	objMiriam	我||很担心你。
10155	objMiriam	如果真的很可怕，
10156	objMiriam	别勉强...
10157	objMiriam	好吗？
10158	objBard	好吧...||我会试试！
10159	objBard	但我们必须不惜一切代价...
10160	objBard	...|对吧？
10161	objMiriam	我希望不用这样。
10162	objMiriam	好了，|说真的...||再见。
10163	objMiriam	快走，在我改主意之前。
10164	objMiriam	准备好了，|就随时跳上我的扫帚！
10165	objMiriam	我可以在城市的任何一个边缘接你
10166	objMiriam	如果你需要，看看你的地图！
10167	objMiriam	快点快点，我们走！
10168	objMiriam	准备好了，|随时跳上我的扫帚！
10169	objMiriam	啥？？||我没时间聊天！
10170	objMiriam	想聊天|去跟别人聊吧！
10171	objMiriam	准备好了，|直接跳上来！
10172	objMiriam	快点，|好吗！
10173	objMiriam	我向艾娅发誓，|整个镇子...
10174	objMiriam	就是一群话匣子！
10175	objMiriam	赶快跳上我的扫帚！
10176	objMiriam	你想等到世界末日才跳吗？？？
10178	objMiriam	跳上我的扫帚，我们走！！！
10179	objMiriam	...|好吧。||就是现在！！！
10180	objBard	哦！
10181	objBard	太简单了！
10182	objBard	而米莉安却大惊小怪。
10183	objBard	（她有时候真傻！）
10184	objMiriam	{shake .25}嗯！{/shake}||好吧...
10185	objMiriam	我猜这不...||{wiggle}完全{/wiggle}|是这样。
10186	objMiriam	你得到山顶...||对吧？
10187	objBard	对|...
10188	objMiriam	但是我飞不了那么高！！！
10189	objMiriam	那里有疯狂的风暴...
10190	objMiriam	所以剩下的路得走着走。
10191	objMiriam	不过我已经带你走了很远！
10192	objMiriam	还有...
10193	objMiriam	||...我真的很担心钱德什...
10194	objMiriam	那些怪物都跑出来了...
10195	objMiriam	薇薇安一个人打不过它们，|你知道吗？
10196	objMiriam	所以||如果我出了什么事...
10197	objMiriam	啊，|我真的很想回去。
10198	objBard	我明白了！
10199	objBard	谢谢你，|桑德拉！
10200	objMiriam	{shake .5}耶！！！{/shake}||好的！
10201	objMiriam	嗯。
10202	objMiriam	{shake}祝你好运！！！
10204	objMiriam	这渡轮直达首都！
10205	objMiriam	认真的吗？
10206	objMiriam	你竟然连一路带我们到那里都不行？
10207	objMiriam	在你|{shake}毁了我的扫帚{/shake}之后？？？
10208	m2	嘿老大！
10209	m2	我们有事要做！
10211	m2	而且还得好一段时间...
10212	objMiriam	你今晚会到的！
10213	objMiriam	祝你好运！！！
10214	objMiriam	{size .7}蠢巫师们
10215	objBard	{}她们|{wiggle}帮了{}|我们，米莉安！
10216	objMiriam	在把我们射下来之后！
10217	objMiriam	只是因为她们以为我们也是钱德什人。
10218	objBard	天哪，|米莉安！
10219	objBard	我们完全忘了告诉她们！
10220	objBard	来自鲁勒的入侵...||就在明天！
10221	objMiriam	哦对了。
10222	objMiriam	鲁勒认为钱德什是怪物的幕后黑手...
10223	objMiriam	但它们对这些人来说，|也是威胁。
10224	objBard	我们必须阻止战争，|米莉安！
10225	objMiriam	...
10226	objMiriam	我知道这很糟糕，|但是...
10227	objMiriam	这真的||不是我们的事。
10228	objBard	{shake}什么！！！{/shake}
10229	objBard	你怎么能这么说？！
10230	objBard	我们不能让他们继续打下去！
10232	objBard	他们必须学会解决分歧...
10233	objBard	{shake .5}去对抗共同的敌人！！！{/shake}
10234	objMiriam	如果你不去学地球之歌...
10235	objMiriam	那全都没用！
10236	objMiriam	别忘了...
10237	objMiriam	我们|还是逃犯，||记得吗？
10238	objMiriam	我们得保持低调。
10239	objMiriam	拿到统领的歌，||然后离开
10240	objMiriam	在入侵开始||{shake .5}之前{/shake}...
10241	objMiriam	而且{shake .5}|不要||引人注意！！！{/shake}
10242	objMiriam	我觉得我们已经|{wiggle}受够了{/wiggle}|被击落，
10243	objMiriam	还有被怀疑，
10244	objMiriam	{shake}还有{/shake}|坐牢！
10245	objBard	我都不记得坐牢的过程了...
10246	objMiriam	{shake .5}不过|我|||记得！！！{/shake}
10247	objMiriam	我们在这|能不能冷静点？
10248	objBard	可以！
10249	objBard	静如...||止水！
10250	objMiriam	感觉好点了吗？
10251	objBard	好点了！|||就是有点站不稳...
10252	objMiriam	太好了。
10253	objMiriam	好吧。||唱歌时间！
10254	objMiriam	...
10255	objMiriam	我想||我会吹我的短笛...
10256	objMiriam	因为这次只有我会这首歌...
10257	objBard	太好了！
10258	objMiriam	...
10259	objMiriam	感觉怪怪的...
10260	objMiriam	不要，||呃...
10261	objMiriam	听得太认真，|好吗？
10262	objBard	？
10263	objMiriam	我不是什么高级音乐家，|知道吗？
10264	objBard	{size 1.25}...我觉得没奏效。
10265	objMiriam	{shake}呃啊啊啊啊！！！{/shake}
10266	objMiriam	{size .8}可能是我吹得太烂了。
10267	objMiriam	{size 1.25}{shake}你{/shake}|试试吧！
10268	objBard	我觉得你吹得很好！
10269	objAngel	{angel}等等等等，等等！
10270	objMiriam	{}你|{wiggle}要干{}|什么？
10271	objAngel	{angel}出了点问题...
10272	objAngel	那首歌没用
10273	objMiriam	{shake}{quake}啊啊啊！！！{/shake}
10274	objMiriam	{shake .5}为什么我|什么|都做不好...{/shake}
10275	objAngel	{angel}不不不！||我的意思是...
10276	objAngel	那不是完整的歌
10277	objAngel	鲁勒国王只知道其中一部分
10278	objAngel	另一部分来自钱德什
10279	objAngel	你得去找那里的女王谈谈
10280	objMiriam	{}哦。
10282	objBard	英雄知道这事吗...？
10283	objAngel	{angel}我们刚刚弄明白
10284	objAngel	这里的灵界发生了一些奇怪的事情...
10285	objAngel	她不想让我告诉你
10286	objAngel	但是||我想干什么干什么
10287	objAngel	我依然支持你，|小诗
10288	objAngel	还有你，米莉安
10289	objAngel	你们两个是超级可爱的团队！！！
10290	objMiriam	{}|谢谢。
10291	objAngel	{angel}好啦，|我要溜了
10292	objAngel	奥黛丽可能需要我
10294	objAngel	爱你们两个！
10295	objAngel	0
10296	objMiriam	{}我讨厌她...
10301	objMiriam	{shake}*呼！*{/shake}...|||我累了。
10302	objMiriam	这看起来是个休息的好地方。
10303	objBard	看起来很恐怖！
10304	objMiriam	我累了。
10305	objMiriam	我们就在这休息。
10306	objBard	{shake}米莉安！！！
10307	objMiriam	{}||{name}...
10308	objBard	你感觉|好点了吗？
10309	objMiriam	|够好了！
10310	objBard	你奶奶还好吗？？
10311	objMiriam	她没事。
10312	objMiriam	||我得跟她道别。
10313	objMiriam	我就知道会在这里见到你。
10314	objMiriam	还有一位统领，|对吧？
10315	objBard	对！
10316	objBard	没有你我好害怕啊，|米莉安！
10317	objBard	我又见到英雄了...
10318	objBard	我其实|以为我们能成为朋友呢。
10319	objBard	但是||她好像不太乐意...
10320	objMiriam	这不是废话吗！
10321	objBard	但是|她还是跟我说了一些事...
10322	objBard	她不是坏人，|米莉安！
10323	objBard	她只是...||被误解了。
10324	objMiriam	就算你这么说...
10325	objMiriam	我觉得也一样。
10326	objMiriam	{shake .5}我才懒得管她呢！！！{/shake}
10327	objMiriam	我是来见|你的。
10328	objMiriam	我很抱歉我离开了。
10329	objMiriam	我不该让你独自一人走那段路的。
10330	objBard	啊哇！
10331	objBard	米莉安！！！
10332	objMiriam	我没开玩笑。
10333	objMiriam	这是真的，|{name}。
10335	objMiriam	我们得去面对梦之王了。
10336	objMiriam	而且英雄小姐可能|也在。
10337	objMiriam	如果她杀了他...||一切都完了。
10339	objMiriam	世界真的会走向终结。
10340	objMiriam	我们为之努力的一切，
10341	objMiriam	我们去过的所有地方，
10342	objMiriam	我们认识的所有人...
10343	objMiriam	他们都会消失.
10344	objMiriam	你|明白吗？！
10345	objBard	嗯...
10346	objBard	我...|有点害怕，米莉安。
10347	objBard	但我们必须尽我们所能。
10348	objBard	能和你一起做这件事真是太好了！
10349	objMiriam	...
10350	objMiriam	你...
10351	objMiriam	...
10352	objMiriam	...好吧。
10353	objMiriam	我们走吧。
10354	objBard	{size 1.5}米莉安！！
10356	objMiriam	啊！！！	These lines happen only if you've done a secret skip
10357	objMiriam	我一直到处找你！
10358	objMiriam	我们来这里之前应多做点计划。
10359	objMiriam	我甚至没想到那首歌会奏效...
10360	objMiriam	我找那该死的城堡时迷路了，|然后...
10361	objMiriam	...|你已经要离开了。
10362	objMiriam	你见到统领了吗？
10363	objBard	|没有...
10364	objBard	出现了...||复杂情况！
10365	objBard	我正在帮这些精灵们逃跑！
10366	objMiriam	经典。
10368	objBard	城堡状态很糟...
10369	objBard	里面全是邪恶的怪物！
10370	objBard	我好像看到了统领，
10371	objBard	但他看起来被困住了...
10372	objMiriam	他们能逃到哪里去？
10373	objMoonfairy	{fade}嗯！...
10374	objMoonfairy	嗯...
10375	objMoonfairy	有一个蚀影...
10376	objMoonfairy	这是通往灵界之外的传送门
10377	objMoonfairy	但我们的小翅膀够不到那里...
10379	objMiriam	{/fade}你们两个想要|{shake}离开{/shake}|灵界？？
10380	objMoonfairy	{fade}嗯！...{/fade}
10381	objSunfairy	对呀。
10382	objMiriam	...
10383	objBard	我们应该帮帮他们，|米莉安！
10384	objBard	他们非常友好！||我保证！
10385	objMiriam	...
10386	objMiriam	{size .7}好吧，|好的...
10387	objMiriam	{size 1}那就抓紧了。
10388	objMiriam	...||好的，|太棒了！
10389	objMiriam	现在我们能找到那个统领了！
10390	objHero	{size 1}{shake .7}你个...
10391	objHero	{shake 1}搅局的家伙！！！
10392	objBard	{shake}米莉安！！！{/shake}
10393	objHero	你|{shake}真的{/shake}|意识到你做了什么吗？！
10394	objHero	让更多生物逃出灵界...
10395	objHero	让更多无辜者陷入危险！
10396	objBard	醒醒，|米莉安！
10397	objBard	快醒醒！
10398	objHero	我真|{shake}受够{/shake}|你多管闲事了！！
10399	objHero	你怎么这么快就到了？！
10400	objHero	你让一切变得更糟！
10401	objBard	你为什么要这样...？
10402	objBard	米莉安没做错任何事！
10403	objHero	你根本没听我说话！
10404	objHero	是啊，||她做了！
10405	objHero	你看到我后面是什么了吗？
10408	objHero	{size 2}那是月之统领的城堡！
10409	objBard	{size 1}...但我之前在那里时|...
10410	objBard	它要远得多...
10411	objHero	灵界正在崩溃！
10413	objHero	7位统领中已有3位死亡...
10414	objHero	每消失一个，这个世界的稳定性就会降低。
10415	objHero	一切都在塌缩
10416	objHero	一切都越来越靠近彼此...
10417	objHero	而且这里的东西正泄漏到我们的世界里。
10418	objHero	或者说，|被挤出来。
10419	objHero	这就是末日开始的方式。
10420	objHero	将吞噬我们世界的黑暗时代...
10428	objBard	{shake}我不在乎！！！{/shake}
10429	objBard	{shake .4}你||不用伤害她的！！！
10430	objBard	我们怎么知道不能那样做？？？{/shake}
10431	objHero	你说得对。
10432	objHero	你|{shake}不知道{/shake}。
10433	objHero	这就是你根本不应该|{shake}在{/shake}|这里的原因！
10434	objBard	{shake}到底发生了什么？！{/shake}
10435	objHero	是统领们。
10436	objHero	他们的个性正在消亡...
10437	objHero	他们的形态正在恶化...
10438	objHero	他们正在变成动物，|被本能驱使。
10439	objHero	我们必须不惜一切代价阻止他们逃出去。
10440	objHero	没想到我要同时对抗两位统领！
10441	objHero	幸运的是我正好有...
10442	objHero	{shake}力量药水！{/shake}
10443	objHero	再次感谢你给我搞来了这个。
10444	objHero	我就知道它会派上用场！
10445	objBard	{shake .5}呃！！！...{/shake}
10446	objHero	嘿！||他们甚至没注意到我们...
10447	objHero	他们在为剩下的一点点空间争斗...
10448	objMiriam	好！！！||我们开始吧！
10449	objMiriam	我|们|走|吧！！！
10450	objMiriam	嘿...
10451	objMiriam	{shake .5}快看！！！
10452	objMiriam	{}我掌握了这把该死的扫帚！！！
10453	objMiriam	{}我从这里的商店买了这把破扫帚！
10454	objMiriam	而且它基本上完全没法骑...
10455	objMiriam	{shake .7}但我掌握了它！！！{/shake}
10456	objMiriam	现在我能带我们去城里的任何地方！
10457	objMiriam	所以我们终于能...
10458	objMiriam	去...||见...
10459	objMiriam	...
10460	objMiriam	你已经见过女王了，|对吧。
10461	objBard	是的。
10462	objMiriam	{shake}那太棒了{/shake}
10463	objMiriam	所以你得到了统领之歌？
10464	objBard	...||是的...
10465	objMiriam	怎么了
10466	objMiriam	有什么问题
10467	objBard	战争没有结束，|米莉安！
10469	objBard	即使我们走了这么远...
10470	objBard	我们什么都改变不了...
10471	objMiriam	{shake}*叹气*
10472	objMiriam	{}我得告诉你多少次...
10473	objMiriam	{shake}世界正在终结！！！
10474	objMiriam	{/shake}有无战争，||都无关紧要！！
10475	objMiriam	我们得到了那首歌，#|所以我们有了我们需要的东西。
10476	objMiriam	我们能去见统领了！
10478	objMiriam	跳上我的扫帚，我们||{shake}出发！{/shake}
10479	objMiriam	在入侵之前！
10480	objMiriam	...或者你过会再见我。
10481	objMiriam	如果你还有事要做的话。
10482	objMiriam	我会在你的地图上标出我的位置。
10483	objMiriam	但要快点！！！
10484	objBard	所以...||我们要去钱德什？
10485	objMiriam	我猜|是吧。
10486	objMiriam	我们绝对{shake}不能{}|回到鲁勒。
10487	objMiriam	既然我把你救出了监狱，
10488	objMiriam	我们现在差不多是逃犯...
10489	objBard	哦！
10490	objMiriam	是的。
10491	objMiriam	我告诉过你。
10493	objMiriam	规则...
10494	objMiriam	就是用来打破的。
10495	objMiriam	这是{wiggle}天空神殿...{/wiggle}
10496	objMiriam	下一个交汇点。
10497	objMiriam	人们围绕它建造了一整座神殿，
10498	objMiriam	但重要的是{wiggle}地点{/wiggle}，#|而不是真正的神殿。
10499	objBard	这个地方有什么特别之处吗？
10500	objMiriam	我也没搞明白过。
10501	objMiriam	所有交汇点似乎都靠近自然地形...
10502	objMiriam	但它们只是充满灵魂...|之类的地方...
10503	objMiriam	灵魂这种东西其实无处不在，#|而且是看不见的。
10504	objMiriam	因为我们的世界和灵界是相连的。
10505	objMiriam	但在这些地方它更强烈，#|足以让你在它们之间穿行。
10506	objMiriam	基本是这样。
10507	objMiriam	我奶奶可能解释得更好。
10508	objMiriam	总之，|目前对我们没用。
10509	objMiriam	统领之歌什么的。
10510	objMiriam	嘿...
10511	objMiriam	你有没有注意到这里...|这么...||安静...？
10512	objMiriam	这里没有任何动物或鸟类...
10513	objBard	哇...！
10514	objBard	这里||发生了什么？
10515	objMiriam	||看起来像是怪物袭击...
10517	objBard	嗯。
10519	objBard	也许|它们很善良！
10520	objBard	像德尔菲的那些...
10521	objMiriam	是啊，也可能|||不是...
10522	objMiriam	我们在这得小心点。
10523	objMiriam	那墙看起来是用来保护森林的...
10524	objMiriam	因为另一边被毁得很严重。
10525	objMiriam	但是...||这一边|也被毁得很厉害...
10526	objBard	他们说是另一个王国烧毁的，|是吗？
10527	objMiriam	这...||{wiggle}绝对{}|不是|烧毁...
10528	objMiriam	这里发生了一些|{glitch .6}奇怪|的事...
10552	objMiriam	嘿！
10553	objMiriam	我看到了！！
10554	objMiriam	你刚才在说灵界的语言...
10555	objMiriam	{shake .1}你见到统领了吗？？{}
10556	objBard	是的！
10557	objMiriam	{shake .25}我就知道！！{}
10558	objMiriam	好了，|听着。
10559	objMiriam	你得跟我走。
10560	objMiriam	跳上我的扫帚！！
10561	objMiriam	{size .7}（准备好了随时出发...）
10562	objMiriam	坐好了！！！
10563	objAngel	{angel}所以...
10564	objAngel	|这说明...
10565	objAngel	...|||试玩结束了？
10566	objAngel	{shake .5}我们真的希望你喜欢！！！{/shake}
10567	objAngel	我们制作这个游戏已经两年了
10568	objAngel	你玩了这么久，|就像...
10569	objAngel	{size .7}这对我们来说真的很特别
10570	objAngel	{size 1}所以，
10571	objAngel	告诉我们你的想法...
10572	objAngel	如果你真的喜欢的话...
10573	objAngel	{quake}也告诉你的朋友们！！！
10574	objAngel	我们只是个小小的独立游戏，|你知道的？
10575	objAngel	我们需要所有能得到的帮助
10576	objAngel	||...好吧，|就这些了
10577	objAngel	谢谢你的游玩
10297	objMiriam	就是这里！！
10298	objBard	这是什么地方？
10299	objMiriam	还能是哪？||这是我和奶奶的家！
10300	objMiriam	进来吧。
1	objBard	那个巫师不是告诉我要进她的房子吗...？
12431	objSaphy	{wiggle .5}嘿|哈喽！{/wiggle}
12433	objSaphy	{wiggle .5}所以你跟统领谈过了，||嗯？{/wiggle}
12435	objSaphy	{wiggle .5}那真是太好了。{/wiggle}
12436	objSaphy	{wiggle .5}自从我们预见了这个世界的命运，#就一直试图与他们沟通...{/wiggle}
12437	objMiriam	{}（呃，更像是|{wiggle}我{}|一直在试！）
12438	objMiriam	（{wiggle}你{}|就坐在家里告诉我要干什么）。
12439	objSaphy	{wiggle .5}我是个老太太啦，||米莉安。{/wiggle}
12440	objMiriam	{}{size .7}老什么老
12442	objSaphy	{size 1}{wiggle .5}但我能从你的眼中看出...{/wiggle}
12443	objSaphy	{wiggle .5}他没帮你，||是吧？{/wiggle}
12444	objBard	没有...
12445	objBard	但如果我去见其他统领，他们可能会帮我！
12446	objMiriam	{}|||哦。
12447	objMiriam	我还以为你能更有用点。
12452	objSaphy	{wiggle .5}嗯，|好吧。{/wiggle}
12453	objSaphy	{wiggle .5}我喜欢这家伙！{/wiggle}
12454	objSaphy	{wiggle .5}充满了希望！||不像我的孙女...{/wiggle}
12458	objMiriam	哼。
12463	objSaphy	{size 1}{wiggle .5}我觉得你们两个应该一起旅行。{/wiggle}
12464	objMiriam	呃。
12465	objMiriam	认|{wiggle}真的{/wiggle}吗？
12472	objMiriam	{}这个|小丑？？
12474	objSaphy	{wiggle .5}拯救世界是件大事
12475	objSaphy	{wiggle .5}这不是关于帮助...
12476	objMiriam	{}友谊解决不了任何问题！
12477	objBard	{wiggle}或许吧{}...
12478	objBard	但你不觉得吗.|.|.|||如果你足够相信.|.|.
12479	objBard	它...||就有可能？
12480	objMiriam	{}不。
12481	objMiriam	{}我们都不知道你的名字。
12482	objSaphy	{wiggle .5}那么，|为什么不告诉我们|你的名字呢？{/wiggle}
12483	objBard	K
12484	objBard	B
12485	objBard	V
12486	objBard	S
12487	objBard	P
12488	objBard	L
12489	objBard	E
12490	objBard	G
12491	objSaphy	{nname}...
12492	objBard	I
12493	objBard	A
12494	objBard	U
12495	objBard	O
12496	objBard	E
12497	objBard	Y
12498	objBard	L
12499	objBard	M
12500	objBard	N
12501	objBard	R
12502	objSaphy	{nname}...？
12503	objBard	W
12504	objBard	R
12505	objBard	E
12506	objBard	N
12507	objBard	T
12508	objBard	U
12509	objBard	M
12510	objBard	L
12511	objSaphy	{nname}...？
12512	objBard	I
12513	objBard	O
12514	objBard	Y
12515	objBard	U
12516	objBard	A
12517	objBard	E
12518	objSaphy	{nname}...？？
12519	objBard	I
12520	objBard	D
12521	objBard	T
12522	objBard	E
12523	objBard	A
12524	objBard	B
12525	objBard	N
12526	objBard	G
12527	objMiriam	{nname}。
12528	objSaphy	{wiggle .5}所以...|你的名字是{nname}吗？{}
12529	objBard	不，|其|实|不|是
12530	objBard	是|的！
12531	objSaphy	{wiggle .5}那么，你叫什么名字呢？{/wiggle}
12532	objSaphy	{wiggle .5}多么美||妙的名字！
12533	objSaphy	{wiggle .5}很高兴见到你。
12534	objSaphy	{wiggle .5}这对你来说足够了吗，|米莉安？
12535	objMiriam	{size .7}呃
12536	objMiriam	{size 1}虽然不知道为什么你拼名字试了这么多次
12537	objMiriam	但是当然了
12539	objMiriam	{size 1}随|便。
12540	objMiriam	欢迎加入“团队”，|“{nname}。”
12422	objSaphy	{wiggle .5}别介意我孙女。
12423	objSaphy	她很古板，|但她心地善良。
12424	objSaphy	{wiggle .5}她从小就是个脾气坏的孩子，
12425	objSaphy	但她是我的坏脾气小女孩...
12426	objSaphy	我只希望她能学会放松一点。
12427	objSaphy	{wiggle .5}我们家人真是很有趣。
12428	objSaphy	我们一半人开朗，|另一半则完全相反。
12429	objSaphy	很多人我甚至无法沟通。||比如我姐姐。
12430	objSaphy	但对米莉安，|我永远都会支持她。
12396	objSaphy	{wiggle .5}哦，||真高兴见到你！
12397	objSaphy	米莉安跟我说了很多关于你的事...
12398	objBard	{}她说了吗？
12399	objSaphy	{wiggle .5}天哪，|当然！
12400	objSaphy	她非常关心你。
12401	objSaphy	你让她感受到前所未有的温暖。
12402	objSaphy	||她可能永远不会告诉你...
12403	objSaphy	但听到她这么说意义重大。
12404	objSaphy	你知道吗？|她是个很孤独的女孩。
12405	objSaphy	谢谢你一直陪着她。
12406	objSaphy	我一见面就知道...
12407	objSaphy	你是个特别的人。
12408	objSaphy	这个世界可能很黑暗。
12409	objSaphy	我们需要有勇气微笑的人！
12410	objSaphy	并且照顾那些迷失和孤独的人...
12411	objSaphy	外面有很多像米莉安一样#|需要帮助的人。
12412	objSaphy	我们都需要一些爱！
12413	objSaphy	我从没想到还能再见到你们两个，
12414	objSaphy	当然，|我希望着...
12415	objSaphy	但情况实在||无望！
12416	objSaphy	我真正想要的...
12417	objSaphy	是让米莉安看看这个世界。
12418	objSaphy	并交个朋友...
12419	objSaphy	在她失去做这些事情的机会之前。
12420	objSaphy	我对此感激不尽...
12421	objSaphy	比世界被拯救更加感激。
10529	objMiriam	{shake .5}唉{/shake}|...
10530	objMiriam	好了，我们下山吧。
10531	objBard	我不能跟你一起飞吗？
10532	objMiriam	{shake}不行！{/shake}||你太重了。
10533	objMiriam	而且，我们后面要穿过一个洞穴。
10535	objMiriam	那里有个统领的接触点。
10536	objMiriam	是风之女王的。
10537	objMiriam	在你问“为什么我们不去查看这一个”之前，
10539	objMiriam	因为...|洞穴里有怪物。
10540	objBard	怪...||{shake .5}怪物？？{/shake}
10541	objMiriam	别害怕这个。
10542	objBard	所以你说|怪物的时候...
10543	objMiriam	{shake}艾娅在上啊{/shake}
10544	objMiriam	我是巫师，|我能对付怪物。
10545	objMiriam	实话说，|我不知道我们为什么还需要你。
10546	objMiriam	但嘿！||萨菲奶奶{wiggle}最懂了{/wiggle}。
10547	objMiriam	她太信任别人了。
10548	objMiriam	我|{shake .7}知道{/shake}|她就是故意安排捉弄我。
10549	objMiriam	她活着就为了这个。
10551	objMiriam	快点啦...
10578	objMiriam	{size .7}（快到了）
10579	objBard	{size .7}{shake .4}你为什么压着声音？{/shake}
10580	objMiriam	{size .7}闭嘴！！！
10582	objMiriam	别{shake .6}过来，|{name}！！！
10583	objMiriam	{shake .6}把她交给我！！！
10584	objMiriam	{shake}{quake}啊啊啊啊！！！
10605	objMitzi	嘿，|你是新来的吗？
10606	objDani	这打扮是怎么回事？
10607	objMitzi	我打赌你{wiggle}很酷{/wiggle}。
10608	objMitzi	想不想找点...||{wiggle}刺激？？{/wiggle}
10609	objBard	呃。
10610	objMitzi	科呵呵呵！
10611	objDani	别搞得这么{wiggle}奇怪{/wiggle}了，|米茨。
10612	objMitzi	你听说过镇外的|{wiggle}怪物洞穴{/wiggle}，对吧？
10613	objMitzi	有时候晚上我们喜欢||站在|里面。
10614	objMitzi	看看我们能坚持多久不害怕！
10615	objDani	比听起来还吓人。
10616	objMitzi	丹尼总是想牵手！
10617	objDani	这样我感觉更安全。
10618	objMitzi	那个洞穴就在|墓地|旁边。
10619	objMitzi	我敢肯定那里绝对{wiggle}闹鬼了！！{/wiggle}
10620	objDani	你会听到各种奇怪的声音。
10621	objDani	那些怪物{wiggle}绝对是真的。{/wiggle}
10622	objMitzi	嗯，|如果你想酷的话，
10623	objMitzi	今晚一定要跟我们一起去洞穴。
10624	objDani	等等，|今晚不是有个{wiggle}演出{/wiggle}吗？
10625	objMitzi	哦对！|在疯鸦鸦！	(NORMAL TEXT)
10626	objMitzi	那边一般见不到这个，||我们不能错过！！
10627	objMitzi	不，|乐队放鸽子了！||记得吗？	(OPTIONAL TEXT) if you skipped story stuff
10628	objDani	哦，是啊...
10629	objDani	...
10630	objDani	这地方糟透了。
10631	objMitzi	我迫不及待想搬出去了，
10632	objMitzi	我厌倦了这个一事无成的烂镇，
10633	objDani	无论你去哪儿，|我都会跟着你。
10634	objDani	{shake .4}别把我丢给这些平民！！{/shake .2}
10635	objMitzi	{shake .4}我绝不会让那种事发生！！！{/shake}
10636	objMitzi	昨晚的演出太酷了！！！
10637	objMitzi	你有女朋友吗？
10638	objDani	{shake}米茨！！！{/shake}
10639	objMitzi	开玩笑！开玩笑！！
10640	objMitzi	如果疯鸦鸦继续办很酷的演出，
10641	objMitzi	那至少是个不离开这个镇的理由...
10642	objDani	在那里演出看起来很有趣。
10643	objDani	如果我们组个乐队会怎样，|米茨？
10644	objMitzi	{wiggle}天哪...{/wiggle}
10645	objMitzi	那是个|{shake}超酷||的主意！！！
10646	objMitzi	我完全可以学打鼓！
10647	objDani	我已经会一点吉他了？？
10648	objMitzi	而且我们俩都能唱歌！！
10649	objDani	我们绝对会是有史以来||最棒的乐队。
10650	objMitzi	你觉得这是个好主意吗？？
10651	objDani	谁{wiggle}在乎啊。{}
10652	objDani	我们不需要别人的认可！！
10653	objMitzi	如果我们组乐队，你会来看我们的演出，|对吧？
10654	objDani	你会像个名人嘉宾一样。
10655	objBard	其实，|我很快要离开这个镇子了...
10656	objDani	{wiggle}什什什么？
10657	objMitzi	{}没劲！！
10658	objDani	你不该离开。
10659	objMitzi	我们出名的时候，|你会回来吗？
10660	objMitzi	我想我们最好开始练习了！
10661	objDani	是啊。
10662	objDani	别像那些在德尔菲成立的无聊乐队那样。
10663	objDani	我们要变得很厉害并且去巡演。
10664	objMitzi	我超赞成！！
10665	objDani	我们可以|无时无刻不一起练习。
10666	objMitzi	是的...！
10667	objMitzi	（我不知道我能不能练习{wiggle}那么{/wiggle}久...）
10668	objDani	但我们不练习的时候还是会一起找乐子，|对吧？
10669	objMitzi	{shake}是的！！{/shake}
10585	objMitzi	{shake}啊啊啊！！！
10586	objDani	天哪！
10587	objDani	{/shake}我们好想你！！！
10588	objDani	你简直是，|我们最大的灵感！
10589	objMitzi	我们组了个乐队！
10590	objDani	耶！！！
10591	objMitzi	也不是特别棒啦...
10592	objMitzi	{shake}开玩笑的简直棒呆了！{/shake}
10593	objMitzi	当这里变得一片漆黑时，它给了我们坚持的动力！
10594	objDani	耶！！！
10595	objDani	那时到处都是怪物。
10596	objDani	但我们的音乐力量保护了我们！
10597	objDani	还有我们的爱...
10598	objMitzi	我们还没演过任何演出。
10599	objMitzi	但我们想在疯鸦鸦那里演出！
10600	objMitzi	如果我们真要演出，|你必须来！
10601	objDani	已经决定了！
10602	objMitzi	签字盖章！
10603	objDani	扔进大海！
10604	objMitzi	我等不及在那见到你了！
10705	objMom	{}{wiggle .3}嘟呼呼！||你好，|小蛋糕！
10706	objBard	{}|||嗨妈妈，
10707	objMom	{}{wiggle .3}你终于走出你的房间了！
10708	objMom	你看起来||{quake}糟透了！
10710	objMom	{}{wiggle .3}你要带着那样的表情出门吗？
10711	objBard	{}我不知道，
10712	objMom	{}{wiggle .3}那就||{shake .5}别这样！{/shake}
10713	objMom	你笑起来可爱多了！
10714	objBard	{}...
10715	objBard	{}...
10716	objMom	{}{wiggle .3}这才像话！
10717	objMom	{}{wiggle .3}你的朋友米莉安想和你谈谈...
10718	objMom	她说她会在城外。
10719	objMom	为什么不去找她呢？
10720	objMom	{}{wiggle .3}我听说工厂关闭了！
10721	objMom	呼呼！|我在想...
10722	objMom	你的父亲是不是终于能回家了...
10723	objMom	{}{wiggle .3}这是不是说明你又要离开了，|小蛋糕？
10724	objMom	嘟呼呼！|好一个冒险家！
10725	objMom	但妈妈会想你的...
10726	objMom	{}{wiggle .3}永远不要害怕回家，|好吗？
10727	objMom	如果我过去有些粗鲁，对不起...
10728	objMom	我只是想看到你闪闪发光！
10729	objMom	{}{wiggle .3}你的朋友在这里一整天了...
10730	objMom	我不介意有人陪伴！
10731	objMom	但我觉得她有些不开心...
10732	objMom	{}{wiggle .3}你伤害她感情了吗，|小蛋糕？
10733	objMom	你伤了她的心吗？|哦...
10734	objMom	我为什么要养一个这么好看的孩子...
10735	objMom	{}{wiggle .3}和她聊聊天，|小蛋糕！
10736	objMom	用你神奇的微笑让她开心起来！
10737	objMom	{}{wiggle .3}回家休息？|真是个好主意！{}
10738	objMom	{}{wiggle .3}妈妈总知道宝宝需要什么...
10739	objMom	注意保暖，|亲爱的！
10740	objMom	{}{wiggle .3}你应该多找时间放松放松，小蛋糕...
10741	objMom	你妈妈已经开始想你了！
10742	objMom	{}{wiggle .3}打算关闭工厂，|小蛋糕？
10743	objMom	呼呼！|你的父亲会怎么想呢...
10744	objMom	{}{wiggle .3}这里很孤独，|你知道的。
10745	objMom	你的朋友脾气很爆，
10746	objMom	但这让她看起来很可爱！|呼呼！
10747	objMom	我怀念我们是一个家庭的日子...
10748	objMom	{}{wiggle .3}很高兴这么久后你能回家看看...
10749	objMom	但你真的就一直...||待在这里！|{anim sprIra\_laugh} 嘟呼呼！
10750	objMom	去呼吸新鲜空气！
10751	objMom	你的朋友米莉安说她会在城外。
10752	objMom	你笑起来真有魅力！
10753	objMom	现在去城外找米莉安吧！
10754	objMom	听妈妈的话，生活不是更好吗？
10696	objBard	...||嘿妈妈...
10697	objBard	你想帮忙推翻工厂吗？
10698	objMom	{}{wiggle .3}嘟|呼呼！！！
10700	objMom	听起来挺有趣的...
10701	objMom	但||你妈妈太累了，干不了那种事！
10702	objMom	那些日子已经过去了，|小蛋糕。
10703	objMom	你得找别的朋友帮你了。
10704	objMom	||祝你好运...
10670	objMom	嘟呼呼！
10671	objMom	这是我的小蛋糕！
10672	objMom	你终于要搬回妈妈那里了吗？
10673	objBard	|||不...
10674	objMom	真遗憾。
10675	objMom	经历了这么多年，#|你的父亲终于回家了。
10676	objMom	他立刻安顿下来了！
10677	objMom	现在我让他走都走不了！
10678	objMom	我甚至没能让他出来打个招呼...
10679	objBard	没关系！
10680	objBard	我都不记得他长什么样了。
10681	objMom	小蛋糕！
10682	objMom	这让我难受得说不出话。
10683	objMom	你在没有父爱的环境中长大...
10684	objMom	也许这就是你变成这样...||的原因。
10685	objBard	...
10686	objMom	小蛋糕...||即使你很奇怪...
10687	objMom	你知道妈妈爱你，|对吧？
10688	objMom	我希望能多看看你。
10689	objMom	而且，|可能他永远不会说，|但是...
10690	objMom	我相信你父亲因为#从未见过你而感到羞愧。
10691	objMom	我们应该找天一起吃饭...
10692	objMom	然后再次成为一个家庭。
10693	objMom	这个世界上我们只有彼此，|小蛋糕。
10694	objMom	我们永远不要抛弃彼此。
10695	objBard	好的！
10777	objBard	...
10778	objBard	哦不...
10779	objBard	我被||困住了！
10780	objMoonfairy	{fade}呀！
10781	objMoonfairy	你是...||人类吗？
10782	objBard	{}|||是|的？
10783	objMoonfairy	{fade}你好...
10784	objMoonfairy	|||嗯...
10785	objMoonfairy	我是月之精灵...
10786	objMoonfairy	我已经在这里藏了很久...
10787	objMoonfairy	你就是英雄，|对吧？
10788	objBard	{}不...
10789	objMoonfairy	{fade}哦不...
10791	objMoonfairy	{fade}情况变得|非常糟糕...
10792	objMoonfairy	月之皇非常愤怒...
10793	objMoonfairy	怪物开始出现在这里...
10794	objMoonfairy	它们带走了我唯一的朋友...
10795	objMoonfairy	嗯...||那就是我藏起来的原因...
10796	objMoonfairy	我不是很勇敢...
10797	objMoonfairy	不过||我的朋友很勇敢...
10798	objMoonfairy	如果我像她一样勇敢，
10799	objMoonfairy	我会去救她...
10800	objMoonfairy	但我自己做不到。
10801	objBard	{}{shake}我可以帮你！！！
10802	objMoonfairy	{fade}{shake .5}呀！！
10803	objMoonfairy	{/shake}但|你不是英雄...
10804	objBard	{}没关系！
10805	objBard	我是个吟游诗人！
10806	objMoonfairy	{fade}我不知道那是什么...
10807	objMoonfairy	但如果||你能帮我的朋友...
10808	objMoonfairy	嗯...||那就太好了！
10809	objMoonfairy	你可以从这条路走...
10820	objMoonfairy	{fade}{size 1.5}呀！！！
10821	objMoonfairy	|就是这里...
10822	objMoonfairy	日之王居住的地方。
10823	objMoonfairy	我的朋友被困在这里。
10824	objBard	{}{size 1.5}{wiggle}日|之王？{/wiggle}
10825	objMoonfairy	{fade}是的，|那位统领...
10826	objBard	{/fade}那|月之统领呢？
10827	objMoonfairy	{fade}她在我们来的路上
10828	objBard	{}这里为什么有两位统领？
10829	objMoonfairy	{fade}||嗯...
10830	objMoonfairy	{fade}我不|明白你的问题
10831	objBard	{/fade}我以为他们都离得很远！
10832	objMoonfairy	{fade}嗯...
10833	objMoonfairy	好吧...||我们以前住得更远些
10834	objMoonfairy	那可是很久以前...
10835	objMoonfairy	但现在，||我们离得很近。
10836	objBard	{}所以...||城堡{wiggle}移动过？{/wiggle}
10837	objMoonfairy	{fade}是的！
10838	objMoonfairy	这很奇怪吗...？
10839	objBard	{}我猜不是？
10841	objMoonfairy	{size .7}{fade}呀！！
10842	objMoonfairy	那就是其中一只！
10843	objMoonfairy	绑架我朋友的怪物...
10844	objMoonfairy	哦，||天哪...
10845	objMoonfairy	我好害怕！
10846	objMoonfairy	但我的朋友在城堡更深处...
10847	objMoonfairy	所以我得||勇敢一点！！！
10810	objMoonfairy	{fade}嗯！...
10811	objMoonfairy	我来帮你拿这个...
10812	objMoonfairy	我决定，
10813	objMoonfairy	试着勇敢一点...
10814	objMoonfairy	但我刚刚开始
10815	objMoonfairy	所以我正在迈出小小的步伐，
10816	objMoonfairy	比如，
10817	objMoonfairy	帮朋友拿钥匙，
10818	objMoonfairy	之类的事...
10819	objMoonfairy	请多多包涵我...
10851	objMoonfairy	{fade}呀！！！
10852	objMoonfairy	那是我的朋友！！！
10853	objMoonfairy	{shake .7}日光！！！{/shake}
10854	objSunfairy	{/fade}|||嘿。
10855	objMoonfairy	{fade}你还好吗？？{/fade}
10856	objSunfairy	对呀。
10857	objMoonfairy	{fade}日光，|看起来...
10858	objMoonfairy	你被关在一个很大的笼子里！
10859	objSunfairy	{/fade}对呀。
10860	objMoonfairy	{fade}我真的很抱歉！
10861	objMoonfairy	我没有足够的勇气独自来找你
10862	objMoonfairy	我的新朋友帮我来到了这里
10863	objSunfairy	{/fade}没事啦。
10864	objMoonfairy	{fade}{shake}但是！！！{/shake}
10865	objMoonfairy	你会为我感到骄傲的！
10866	objMoonfairy	我一直在练习变得勇敢
10867	objMoonfairy	通过帮朋友拿钥匙
10868	objMoonfairy	之类的事！
10869	objSunfairy	{/fade}对呀。
10870	objSunfairy	||那很酷，
10871	objMoonfairy	{fade}我们要...
10872	objMoonfairy	{wiggle}“救你出去！”{/wiggle}||我保证！
10873	objMoonfairy	我们会找到钥匙，
10874	objMoonfairy	我会把它一直带到这里！
10875	objSunfairy	{/fade}好。
10876	objSunfairy	谢谢你，|伙伴。
10878	objMoonfairy	{fade}{shake}日光！！！
10879	objSunfairy	{}伙伴！
10880	objMoonfairy	{fade}你看到了吗？
10881	objMoonfairy	我一路把钥匙||带给了你！
10882	objSunfairy	{}对呀。
10883	objSunfairy	你做到了，|伙伴。
10884	objSunfairy	我为你感到骄傲。
10885	objMoonfairy	{fade}{shake .5}谢谢你！！！
10886	objMoonfairy	现在...
10887	objMoonfairy	...我们逃出来了！
10755	objMoonfairy	{shake .5}*喘气！*{/shake}
10756	objMoonfairy	{fade}哦，|是你！！！
10757	objMoonfairy	跟这里的每个精灵说话都||让人害怕...
10758	objMoonfairy	每个精灵的统领都离开了...
10759	objMoonfairy	...
10760	objMoonfairy	我想念月之皇...
10761	objMoonfairy	但至少我还有日光。
10762	objMoonfairy	{fade}多亏了日光，
10763	objMoonfairy	我一直在锻炼我的勇气！
10764	objMoonfairy	我一直生活在这个奇怪的新世界里，
10765	objMoonfairy	而且|再也没有见到我的统领...
10766	objMoonfairy	而且||基本上想做什么就做什么！
10767	objMoonfairy	而且是和我最好的朋友一起...
10768	objMoonfairy	我像一个蹒跚学步的小婴儿，
10769	objMoonfairy	但如果你一直走下去，|无论遇到什么，
10770	objMoonfairy	就连像我这样的孩子也能走得很远！
10771	objMoonfairy	这是日光告诉我的。
10772	objMoonfairy	我现在不那么害怕所有事了。
10773	objMoonfairy	好吧，||还是有一点。
10774	objMoonfairy	{fade}物质世界是如此|令人着迷...
10775	objMoonfairy	它非常...||坚实，|而且一致。
10776	objMoonfairy	我真的很喜欢这里...
10888	objBard	怪兽先生！
10889	objBard	哇，|真不敢相信是你！
10890	objBard	你现在住在这个洞穴里吗？
10891	objBard	我可以过去吗？
10892	objBard	哦。
10893	objBard	.|| .|| .
10894	bird	{color red}{size 2}0
10895	-4	{shake}{size 2}啊哈！！
10896	objOlaf	...
10897	objOlaf	...|那股阴森的气息已经消散...
10898	objOlaf	谢谢你，|旅行者...
10899	objOlaf	我和我的妻子|都是这场冲突的难民。
10900	objOlaf	世界充满了恐惧...
10901	objOlaf	这一定是灵魂躁动不安的原因。
10902	objOlaf	这片被烧毁的土地受到了诅咒...
10903	objOlaf	这里不是家...
10904	objOneLiner	文本
10906	objOrderfairy	{}{orderfairy}你也是为“终结”而来的，|嗯？
10907	objOrderfairy	这有点像派对！
10908	objOrderfairy	真好玩！||我喜欢派对！
10909	objOrderfairy	{}{orderfairy}我想给大家泡茶...
10910	objOrderfairy	但梦之王不要。
10911	objOrderfairy	这可不好。
10912	objOrderfairy	你喜欢喝清茶，|对吧？
10913	objOrderfairy	你喜欢加奶油的茶，|对吧？
10914	objOrderfairy	你喜欢加糖的茶，|对吧？
10915	objOrderfairy	你喜欢加奶油和糖的茶，|对吧？
10916	objOrderfairy	{}{orderfairy}我从一开始就知道他是个大麻烦！
10917	objOrderfairy	梦之王当统领当得太糟了...
10918	objOrderfairy	...
10919	objOrderfairy	为什么他能活到最后？
10920	objOrderfairy	这不公平...
10921	objOrderfairy	{orderfairy}...
10922	objOrderfairy	殿下...
10923	objOrderfairy	{orderfairy}...
10924	objOrderfairy	{orderfairy}...
10925	objOrderfairy	这...||是自然的秩序...
10926	objOrderfairy	但|.|.|.|||还是很难过...
10927	objOrderfairy	{orderfairy}...|||呃...
10928	objOrderfairy	||不好意思...
10929	objOrderfairy	{orderfairy}你好！
10930	objOrderfairy	你是来见秩序女王殿下的吗？
10931	objBard	{}嗯！
10932	objBard	她||在这儿吗？
10933	objOrderfairy	{orderfairy}当然在啦！！！
10934	objOrderfairy	她就在前面的王座大厅里。
10935	objBard	{}哦！
10936	objBard	太好了！
10937	objBard	那么...
10938	objBard	我就...
10939	objBard	继续|往前||{wiggle}走.......{/wiggle}
10940	objOrderfairy	{orderfairy}{shake .5}等等等等{/shake}||请稍等一下！
10941	objOrderfairy	{orderfairy}你有|||预约吗？
10942	objBard	{}呃...||没有？
10943	objOrderfairy	{orderfairy}{wiggle}嗯嗯嗯...{/wiggle}
10944	objOrderfairy	好吧|{wiggle}这{/wiggle}|可不行！
10945	objOrderfairy	我们必须||安排一个预约！！！
10946	objBard	{}{size .7}（哦不...）
10947	objOrderfairy	{orderfairy}{size 1}我需要问你几个问题。
10948	objOrderfairy	你来这里的||目的是什么？
10949	objBard	{}{shake}我需要学会地球之歌！！！{/shake}
10950	objOrderfairy	{orderfairy}啊...||呃...||对不起，|这不是选项之一。
10951	objOrderfairy	你的来意是私人事务还是公务？
10952	objBard	私|人|的？
10953	objBard	公|务？
10954	objOrderfairy	{orderfairy}好||的！！
10955	objOrderfairy	你们一行有几人？
10956	objBard	一|位？
10957	objBard	两|位...？
10958	objBard	你|见|过|米|莉|安|吗？
10959	objOrderfairy	{orderfairy}呃！...||没有，|对不起，|我没见过
10960	objOrderfairy	那我登记你为一位可以吗？
10961	objBard	我|猜|行|吧。
10962	objBard	算|两|人|吧。
10963	objOrderfairy	{orderfairy}好，|一位！
10964	objOrderfairy	{orderfairy}好，|两位
10965	objBard	{}我为什么不能就...
10966	objBard	{quake}直接去见她？？？
10967	objOrderfairy	{orderfairy}呃|{wiggle}那可是{/wiggle}|违反|{wiggle}规定{/wiggle}|的，|小子！
10968	objOrderfairy	我们快结束了。
10969	objOrderfairy	你是怎么...|||喝茶的？
10970	objBard	？|？|？
10971	objBard	清|茶
10972	objBard	加|奶|油
10973	objBard	加|糖
10974	objBard	奶|油|和|糖
10975	objBard	我|不|喜|欢|茶
10976	objOrderfairy	{orderfairy}请直接回答问题！
10977	objOrderfairy	你喝茶喜欢怎么喝？
10978	objBard	清|茶
10979	objBard	加|奶|油
10980	objBard	加|糖
10981	objBard	奶|油|和|糖
10982	objBard	我|不|喜|欢|茶
10983	objOrderfairy	{orderfairy}你不|||喜欢|||{shake}{quake}茶？？？{/shake}
10985	objOrderfairy	那根本|||不可能！
10986	objBard	{}呃...
10987	objOrderfairy	{orderfairy}{shake .2}快选一个！！！{/shake}
10988	objBard	清|茶
10989	objBard	加|奶|油
10990	objBard	加|糖
10991	objBard	奶|油|和|糖
10992	objOrderfairy	{orderfairy}太棒了！||清茶！
10993	objOrderfairy	{orderfairy}太好了！||加奶油的茶！
10994	objOrderfairy	{orderfairy}天呐！||加糖的茶！
10995	objOrderfairy	{orderfairy}{wiggle}哦哦哦！{/wiggle}||奶油|{shake}加上{/shake}|糖的茶！！！
10996	objOrderfairy	好了，|问完了！
10997	objBard	{}太好了！！！
10998	objBard	我现在可以去见她了吗？
10999	objOrderfairy	{orderfairy}{shake .3}还不行！！！{/shake}
11000	objOrderfairy	你需要排队等候！
11001	objBard	{}排...||队？
11002	objOrderfairy	{orderfairy}没错！！！
11003	objBard	{}队在哪？
11004	objOrderfairy	{orderfairy}就在这！
11005	objOrderfairy	现在|||{quake}{shake .3}等着！！！{/shake}
11006	objOrderfairy	{shake}喂！|你！！！{/shake}|||够了！！！
11007	objOrderfairy	你不停下来唱歌我就绝不让你见她！！！
11008	objOrderfairy	{shake}不好意思！！！{/shake}|||我没在开玩笑！！！
11009	objOrderfairy	不准唱歌！！！
11010	objOrderfairy	{shake}喂！！！{/shake}|||禁止唱歌！！！
11011	objOrderfairy	安静地等着！！！
11012	objOrderfairy	{orderfairy}太好了！||现在轮到你去见她了。
11013	objOrderfairy	跟我|{wiggle}来来来来...{/wiggle}
11014	objOrderfairy	{orderfairy}{shake}这是怎么回事？？？{/shake}
11015	objOshiro	你好，|是的，|是的...
11016	objOshiro	欢迎光临我们简陋的旅馆...
11017	objOshiro	不知道您是否了解，|但...
11018	objOshiro	{size .7}{whisper}{shake}英雄{/shake}...||正住在我们这！！！
11019	objOshiro	{}所以请好好表现...
11020	objOshiro	我们非常希望能得到她的认可...
11021	objOshiro	是的，|对...
11022	objOshiro	如果英雄给了我们好评...
11023	objOshiro	我们肯定会宾客盈门...
11024	objOshiro	您也看到了，|艰难时期，|战争不停。
11025	objOshiro	鲁勒最近不会接待太多游客。
11026	objOshiro	顺便，|如果您要带亲宠进来...
11027	objOshiro	请务必帮它们收拾干净...
11028	objOshiro	我们收到过很多关于房间不整洁的投诉...
11029	objBard	{shake}你...
11030	objBard	{shake .5}你刚刚是不是杀了...||统领？？
11031	objBard	{shake .5}你是谁？？？
11032	objHero	{}名为...
11033	objHero	奥黛丽·红心！
11034	objHero	而我是那位||英雄！
11035	objBard	{wiggle}那位||{}英雄？
11036	objHero	没错，|英雄！||被艾娅选中的人！
11037	objHero	踏上击败七位统领的旅程...
11038	objHero	并清除世间的邪恶！！
11039	objBard	等等，|我觉得你没明白！
11040	objBard	{shake .7}我{/shake}|在旅途中||去|{shake .5}拜访{}|统领...
11041	objBard	去学习地球之歌！
11042	objBard	艾娅已经选中我了！
11043	objAngel	{}{angel}不...
11044	objAngel	你|真的不明白，小吟游诗人...
11045	objBard	{}什|什什什什么...
11046	objBard	{shake .5}怎么{}|回事？？
11047	objAngel	{}{angel}嗯，
11048	objAngel	那个...
11049	objAngel	基本上...
11050	objAngel	地球之歌||是行不通的。
11051	objBard	{}行不通？？
11052	objAngel	{}{angel}对
11053	objAngel	在宇宙的每一个周期，|每一次
11054	objAngel	它从未奏效
11055	objAngel	这个世界充满了太多纷争...
11056	objAngel	特别是它已经变得这么古老
11067	objHero	{}就是该我登场的时候！
11068	objHero	去消灭每一位统领...
11069	objHero	并从他们的腐化中解放世界！
11070	objBard	那...
11071	objBard	就能拯救世界吗...？
11072	objAngel	{}{angel}{size 2}不
11073	objAngel	{}{angel}{size 2}统领维系着你们的整个世界
11074	objAngel	{}{angel}{size 2}但当他们如此衰老与混乱时...
11075	objAngel	{}{angel}{size 2}就无法修复他们
11080	objAngel	当最后一个死去之时...
11081	objAngel	那就是世界终结之刻。
11082	objAngel	下一个轮回得以开始...
11083	objAngel	{size 1}对不起...
11084	objAngel	我知道这听起来很悲伤，|但...
11085	objAngel	事情本就该如此...
11086	objAngel	我真的|没想到||你能走到这一步...
11091	objBard	{}那我现在要放弃吗？
11092	objBard	就这样||让世界终结？
11093	objBard	那为什么你一开始要告诉我地球之歌？
11094	objAngel	{}{angel}...
11095	objAngel	因为...
11096	objAngel	我真的很喜欢你！||而且...
11097	objAngel	我不想对你说“不”
11098	objAngel	我现在也不想！！
11099	objAngel	但我必须面对现实
11100	objAngel	我是艾娅的天使，也是英雄的引导者
11101	objAngel	我的职责是引导终结
11102	objAngel	并为新的开始铺平道路
11103	objHero	{}{shake .5}天哪，{}|别这么幼稚！
11104	objHero	这就是规则！
11105	objHero	你真的以为唱首歌就能解决一切？
11107	objHero	为什么不撒手把这事交给|{wiggle}真正的{}|英雄呢？
11108	objBard	那你|{shake .5}又怎么样
11109	objBard	把...||闭嘴的事！
11110	objBard	交给...|{shake}你！！！
11111	objAngel	{}{angel}哦不等等
11112	objAngel	别这样！！！
11113	objAngel	哦不不不不！！
11115	objOwl	呼！||你发现了一个秘密！
11118	objPatrul	我们将生命献给了艾娅的教诲。
11119	objPatrul	她是光的造物，|爱的造物...
11120	objPatrul	但即使是她的爱也无法永远延续下去。
11121	objPatrul	我们的世界古老又疲惫。
11122	objPatrul	我们的统领抛弃了我们。
11123	objPatrul	我们无法挽回...|到我们离开的时候了。
11124	objPatrul	我们见证了艾娅最黑暗的时刻。
11125	objPatrul	万物终有一死。
11126	objPatrul	但正因如此，|它们才会如此美丽...
11127	objPatrul	艾娅明白这一点。
11128	objPatrul	永不死亡的世界将毫无意义。
11129	objPatrul	我们应该骄傲自豪地迎接|{glitch .1}末日。
11130	objPatrul	我们让这个宇宙变得更加美丽。
11131	objPatrul	我们为此准备了很久。
11132	objPatrul	虽然我没料到它会在我有生之年...
11133	objPatrul	我心怀感激。
11136	objPatrul	我们拥有的每一刻都是艾娅赐予的礼物。
11137	objPatrul	我不因为时间的流逝而忧虑...
11138	objPatrul	相反，|我对我们被赋予的所有时间心存感激。
11139	objPatrul	你也要心怀感激，|年轻者。
11199	objPeggy	呀！！！！|||哈
11200	objPeggy	啊哟！！！|||呵呵
11201	objPeggy	金币|{wiggle}加加加倍！{/wiggle}|||呵呵呵
11191	objPeggy	这是瞭望台！！
11192	objPeggy	对不起，||只有很酷的人才允许上来。
11193	objPeggy	开玩笑啦，||你挺酷的，嘿嘿。
11194	objPeggy	这里风景不错，|是吧？
11195	objPeggy	当海盗真的超级酷。
11196	objPeggy	所有人都说我太矮了，不能当海盗。
11197	objPeggy	但矮个子其实没什么大不了的。
11198	objPeggy	看见没？||我只要站在这个箱子上，就和其他人一样棒。
11185	objPeggy	{shake}耶！！！||{quake}咖啡！！！{}
11186	objPeggy	嘿嘿
11187	objPeggy	嗨，|顺便问一句，|你的巫师朋友呢？
11188	objPeggy	我{wiggle}超||级{/wiggle}爱咖啡！！
11189	objPeggy	{shake}每天都得||来一杯！！{}
11190	objPeggy	嘿
11170	objPeggy	{shake}哇塞！！！{/shake}||太酷了！
11171	objBard	真的吗？
11172	objPeggy	对啊，你{wiggle}完美地{/wiggle}化解了这种情况！{/wiggle}
11173	objBard	是以，|那种，|英雄的方式吗？
11174	objPeggy	{shake}对！！！{/shake}|||当然了。
11175	objPeggy	从现在开始你会永远都很酷。
11176	objPeggy	无论别人说什么。
11177	objPeggy	{shake .2}马库斯||{shake}真是个{shake .2}|大混蛋！！
11178	objPeggy	{}但是，
11179	objPeggy	其实我觉得你没伤害他真的很酷。
11180	objPeggy	我经常见到他，|他有点像个朋友。
11181	objPeggy	我的意思是，也不真的是朋友。
11182	objPeggy	但我知道他只是，
11183	objPeggy	太难过了。
11184	objPeggy	所以，||我觉得没必要伤害他什么的...
11158	objPeggy	嘿，
11159	objPeggy	要抛下我们了，|是吧？
11160	objBard	嗯，|我得去拯救世界...
11161	objPeggy	{wiggle}哎呀呀呀。{/wiggle}
11162	objPeggy	你真的太酷了。
11163	objPeggy	那||再见啦，
11164	objPeggy	什么的
11165	objPeggy	|||我不太会告别啦
11167	objPeggy	有空再来跟我们玩啊！！
11168	objPeggy	祝你的酷酷冒险好运
11169	objPeggy	我们会想你的，之类的
11140	objPeggy	{size 1.5}嘿！||那个酷小孩回来了！
11141	objPeggy	看看天空！
11142	objPeggy	很漂亮吧？
11143	objPeggy	今天一整天星星都在坠落。
11144	objPeggy	我从没见过这种事。
11145	objPeggy	今天一定是特别的日子！
11146	objPeggy	{size 1.5}我猜一定非常特别...
11147	objPeggy	因为连你都回来了！！
11148	objPeggy	你的冒险之旅怎么样？
11149	objPeggy	是不是很酷？
11150	objPeggy	我打赌你没交到像我们这么酷的朋友。
11151	objPeggy	对吧？
11152	objPeggy	{size 1.5}我真的很想你。
11153	objPeggy	什么的...
11154	objPeggy	我喜欢和你一起唱歌。
11155	objPeggy	我们应该一起去新的冒险！
11156	objPeggy	那一定超好玩！
11157	objPeggy	如果你愿意的话。
11303	objPenny	嘿呀！|谢谢你昨晚的演出。
11304	objPenny	那短暂耀眼的瞬间，|这个小镇又充满了生机。
11305	objPenny	嘿呀！|有兴趣买点豆子吗？
11306	objBard	不|了|谢|谢。
11307	objBard	当|然！
11308	objPenny	想增加你预定的豆子吗？
11309	objBard	不|了|谢|谢。
11310	objBard	好|啊！
11311	objPenny	嘿呀。
11312	objBard	天|气|不|错！
11313	objBard	请|再|来|点|豆|子。
11314	objPenny	与|{wiggle}我{/wiggle}|无关啦。
11315	objPenny	确实。
11316	objPenny	好得很。|就是...
11317	objPenny	我现在没有豆子了。
11318	objPenny	但你还是可以先付款
11319	objPenny	我下次来镇上时会给你送来。
11320	objBard	其实我也没钱！
11321	objPenny	...
11322	objPenny	好吧，我会给你记{data_pennybeans}个。
11323	objPenny	这才像话！
11324	objPenny	我给你记{data_pennybeans}个了。
11325	objPenny	呃。
11326	objPenny	你...||确定吗？
11327	objBard	不|太|确|定。
11328	objBard	当|然|了！
11329	objPenny	是啊。
11330	objPenny	那可真是一大堆豆子。
11331	objPenny	好吧，|好吧。
11332	objPenny	我会给你记{data_pennybeans}个。
11333	objPenny	现在这些豆子应该够了吧。
11334	objPenny	呃，|真的吗？
11335	objPenny	这是什么玩笑吗？
11337	objPenny	你以为我不会真的给你这么多豆子吗？？？
11338	objPenny	因为|||我会的。
11339	objBard	我|的|豆|子|够|多|了。
11340	objBard	我|还|想|多|要|点。
11341	objPenny	好吧。
11342	objPenny	哇哦。||真是个豆子狂热粉|啊？
11343	objPenny	我会给你记{data_pennybeans}个。
11344	objPenny	听着。
11345	objPenny	虽然我非常认真地要给你这些豆子，
11346	objPenny	你必须明白你提出的要求，
11347	objPenny	已经非常不合常理了。
11348	objPenny	你要为所有这些豆子付钱。
11349	objPenny	你明白的，|对吧？
11350	objBard	明|白，|而|且#|我|要|更|多。
11351	objBard	或|许|我|现|有|的#|足|够|了。
11352	objPenny	我觉得你做了正确的选择。
11353	objPenny	...
11354	objPenny	好的。
11355	objPenny	我会给你记{data_pennybeans}个。
11356	objPenny	...
11357	objPenny	这有点过分了。
11358	objPenny	你真的还想要更多？
11359	objBard	毋|庸|置|疑。
11360	objPenny	我觉得你做了正确的选择。
11361	objPenny	我会给你记{data_pennybeans}个。
11363	objPenny	我实在无法理解你要这么多豆子要干什么。
11362	objPenny	你现在可以停下来了。
11278	objPenny	哟！|这不是那个要了{data_pennybeans}个豆子的吟游诗人吗。
11279	objPenny	我希望你明白你永远拿不到那些豆子。
11280	objPenny	尤其是在你那|{wiggle}上一集{}|之后...
11281	objBard	没关系！|我其实也不是很想要。
11282	objBard	我现在也没钱。
11283	objPenny	好吧。
11294	objPenny	我算是这个船员团队的门面。
11295	objPenny	你懂的。||卖豆子，|做生意。
11296	objPenny	我很擅长这个，因为我太可爱了。
11297	objPenny	总之，|欢迎上船，|什么的。
11298	objPenny	别碰货舱的东西。
11299	objPenny	想要咖啡|你可以去餐厅找卢。
11300	objPenny	当海盗可不是光玩乐。
11301	objPenny	我们这可是正经生意。
11302	objPenny	人们愿意高价购买咖啡豆，|知道吗？
11286	objPenny	可惜我的那段歌被打断了...
11287	objPenny	我告诉你，#|我可是准备好惊艳全场的。
11288	objPenny	算了，无所谓啦，||我现在有咖啡了。
11289	objPenny	我们在这艘船上基本没怎么睡觉。
11290	objPenny	每个人都有点疯疯的，#|但是积极的那种。
11291	objPenny	当海盗可不是光玩乐。
11292	objPenny	我们可是做正经生意的。
11293	objPenny	人们愿意高价购买咖啡豆，|知道吗？
11252	objPenny	你昨晚就喝了一杯咖啡就疯得可厉害了。
11253	objPenny	你在我们的船员队伍里撑不过一秒钟，|哈哈。
11254	objBard	那...||我|{wiggle}算是{/wiggle}|你们中的一员了。
11255	objBard	对吧？
11256	objPenny	...||我猜是吧。
11257	objPenny	平常是我去卖豆子，#|但今天我让弗朗西斯干这个活。
11258	objFrancisco	求你别叫我弗朗西斯。
11259	objFrancisco	这里除了佩妮，#别人都叫我弗朗西斯科。
11260	objFrancisco	因为她是个毫无礼貌又不懂尊重的人。
11261	objPenny	所以我就能让他听我使唤。
11262	objBard	你们两个||在约会吗？
11263	-4	{shake}不{/shake}
11264	objPenny	小时候，我觉得当海盗听起来太酷了。
11265	objPenny	但你知道我现在想要什么吗？
11266	objPenny	一些很棒的东西。
11267	objPenny	舒适的生活。
11268	objPenny	大多数海盗都得不到的。
11269	objPenny	这就是为什么我给这个船队拼命干活。
11270	objPenny	我原以为当个海盗就能找到埋藏的宝藏。
11271	objPenny	但在生活中，|我发现真正的宝藏就是...
11272	objBard	友谊？
11273	objPenny	不，是咖啡豆。
11274	objPenny	人们为这玩意儿出大价钱。
11245	objPenny	船长说我们现在要去抓人鱼！
11246	objPenny	你真的让他兴奋起来了。
11247	objPenny	几乎和我们那周改喝浓缩咖啡一样糟糕。
11248	objPenny	哎呀呀...
11249	objPenny	但我猜现在去冒险也不坏。
11250	objPenny	豆子的销量很好。
11251	objPenny	就像度假一样。
11237	objPenny	呃！||呸！
11238	objPenny	那家伙真恶心...
11239	objPenny	非常感谢你处理了这个情况。
11240	objPenny	我同情那家伙。||真的。
11241	objPenny	听起来他过得挺艰难的。
11242	objPenny	{size .7}{shake .5}（不过还是个混蛋。）
11243	objPenny	说真的，
11244	objPenny	我现在真的很想来点咖啡...
11226	objPenny	你真的给我们船队留下了深刻印象...
11227	objPenny	我觉得连暴躁的老弗朗西斯都对你有好感了！
11228	objFrancisco	请|别叫我弗朗西斯。#|||也别说我老。
11229	objPenny	你看！|他甚至看|{wiggle}我{/wiggle}|都不顺眼！
11230	objPenny	我那么有魅力！
11231	objPenny	永别啦！
11232	objPenny	开玩笑的，||你会回来的对吧？
11233	objPenny	或许我真能拿到{data_pennybeans}个豆子变得“卖”力四射！
11234	objPenny	...好吧，|这也是开玩笑。
11235	objPenny	我们大部分时间都在海上度过，|所以交不到多少朋友...
11236	objPenny	你能陪我们真是太好了。
11202	objPenny	要{data_pennybeans}个豆子的吟游诗人回来了！
11203	objPenny	是你！
11204	objPenny	我们的生意挺不错的。
11205	objPenny	这些傻瓜们担心人鱼的时候...
11206	objPenny	我一直在保证我们的豆子生意红火。
11207	objPenny	钱又不会自己变出来！
11208	objPenny	我是说...||我也不是光顾着生意。
11209	objPenny	但...
11210	objPenny	也差不多
11211	objPenny	我很在乎我们的船队。
11212	objPenny	我希望他们能过上好日子，|你明白吗？
11213	objPenny	这就是为什么我是那个...
11214	objPenny	一直盯着豆子的人。
11215	objPenny	我喜欢我的工作。
11216	objPenny	正是它支持我们走了这么远！
11217	objPenny	能再见到你真好。
11218	objPenny	你待会一定得和船员们一块喝杯咖啡！
11219	objPenny	或者...||噢。
11220	objPenny	对了。
11221	objPenny	你跟咖啡不太合得来，|对吧。
11222	objPenny	嗯...
11223	objPenny	我听说有个新玩意...
11224	objPenny	叫...||“低咖啡因”|...
11225	objPenny	如果你喜欢这破玩意的话...
11549	objPing	{shake}别过来！！！{}
11550	objMiriam	{shake .5}嘶！！！{}
11551	objPhil	平，|天呐...
11552	objPhil	你得让你的亲宠冷静点...
11553	objMiriam	这里的人都|{shake}怎么{/shake}|回事？！
11554	objPing	{shake .5}你是...||不是|||来自|钱德什？！{}
11555	objBard	不是！
11556	objPing	你，|可能不是！
11557	objPing	但||那个{quake}{shake}巫师呢！！！{}
11558	objMiriam	啥？...||不是！
11559	objMiriam	搞什么，|||{quake}你们到底怎么回事！！！
11560	objPhil	因为巫师都是从钱德什来的，|老兄。
11561	objPhil	平，|她完全不知道这里发生了什么...
11562	objPhil	你得冷静点...
11563	objPhil	这么待人可不酷，|兄弟
11564	objPing	...
11565	objPing	好吧！||好吧，|行吧。
11566	objMiriam	你的动物还会...
11567	objMiriam	攻击我们吗？||之后？
11568	objPing	不会。
11569	objPing	...
11570	objPing	我们很酷的。
11571	objPhil	好吧。||好，太好了。
11572	objPhil	你们||两个|{wiggle}都{}|欢迎光临，好吧？
11573	objPhil	我们这边有很多事要处理，还有怪物什么的，
11574	objPhil	所以现在局势有点混乱。
11575	objPhil	但你们看起来真的不像危险人物。
11576	objPhil	我们|都|放松点，|好吗？
11498	objPhil	嘿，|旅人。
11499	objPhil	抱歉没有自我介绍，||我是菲尔。
11500	objPhil	我算是这儿的负责人。
11501	objPhil	|||关于平，抱歉啊。
11502	objPhil	这些怪物最近搞得我们心神不宁。
11503	objPhil	离开这里很危险。
11504	objPhil	我们被困在这里|有段时间了。
11505	objPhil	你也知道是怎么回事。
11506	objPhil	不过我得问一句...
11507	objPhil	你是|怎么|穿过森林来到这儿的？
11508	objBard	我对着怪物唱歌...
11509	objPhil	哇啊，||不会吧？
11510	objPhil	那你们俩太适合这里了。
11511	objPhil	我们这每天晚上都会演奏音乐。
11512	objPhil	这样能提振士气。
11514	objPhil	今晚你真该加入我们，|旅人。
11515	objPhil	我们可以将这些麻烦事先置之脑后。
11516	objPhil	我们过会就会生起篝火。
11517	objPhil	你准备好了就告诉我。
11518	objPhil	想开始生火吗？
11519	objBard	我|想|知|道...
11520	objBard	好|啊！
11521	objPhil	那么，|想开始生火吗？
11522	objBard	现|在|不|行。
11523	objBard	好|啊！
11524	objPhil	太好了！||我也已经准备好了。
11525	objPhil	是啊，|我同意。
11526	objPhil	现在还不是时候...
11527	objPhil	但也快了，|对吧？
11528	objBard	你们都被困在这里了吗？
11529	objPhil	是的，||差不多。
11530	objPhil	我们在这把树木加工成木材...
11531	objPhil	这工作挺不错的，||尤其是在森林里。
11533	objPhil	但后来怪物出现了，|森林变得很危险。
11534	objPhil	之前这里的人更多...
11535	objPhil	他们在锯木厂之类的地方工作。
11536	objBard	噢天啊，|他们都...
11537	objPhil	哦！||不，|他们没死。
11538	objPhil	至少我觉得没有。
11539	objPhil	他们和英雄一起，#||成群结队地去了夏天城。
11540	objBard	她来过这里？
11541	objPhil	是啊。
11542	objPhil	她救了我们的命。||不过...
11543	objPhil	我们还有老人，|孩子，还有亲宠...
11544	objPhil	有无法和她一起踏上艰难旅程的人。
11545	objPhil	所以我们留下了一些人来保护他们。
11546	objPhil	我们希望国王能尽快派援兵回来...
11547	objPhil	我们心事重重啊，|旅人。
11548	objPhil	这就是|为什么我们需要快乐的篝火之歌。
11364	objPhil	夜色不错，|对吧？
11365	objPhil	为了欢迎我们新来的旅人朋友，#|我要讲一个古老的传说...
11366	objPhil	关于一个旅人，|和一个巫师。
11367	objPhil	据说这件事就发生在这片森林里。
11368	objPhil	还有人说|如果你认真聆听...
11369	objPhil	你能听到他们古老的灵魂也在一同歌唱。
11370	objPhil	旅人，不如我们用G和弦开始吧？
11371	objPhil	{wiggle -1}在她旅途的最后一晚
11372	objPhil	在满月闪烁的光辉下
11373	objPhil	一位旅人满怀真心
11374	objPhil	被引导至一片草甸
11375	objPhil	那里树木矗立寂静无声
11376	objPhil	注视一位少女在空中旋转
11377	objPhil	她的呼吸化作歌声流淌
11378	objPhil	她的灵魂在此刻被俘获
11379	objPhil	{size 2.5}他们翩翩起舞
11380	objPhil	在时间中轻盈沉浮
11381	objPhil	只剩下
11382	objPhil	两颗心紧紧相拥
11383	objPhil	{size 1}从那一刻起
11384	objPhil	巫师的魔法燃烧着
11385	objPhil	咒语被施展
11386	objPhil	当她领悟爱情
11387	objPhil	夜幕降临之时
11388	objPhil	旅者的灵魂日渐消散
11389	objPhil	她的身体也渐渐逝去
11390	objPhil	随着她咒语的牵引
11391	objPhil	{size 2.5}他们翩翩起舞
11392	objPhil	在时间中轻盈沉浮
11393	objPhil	只剩下
11394	objPhil	两颗心紧紧相拥
11395	objBard	{}{size 1}很棒的歌！
11396	objPhil	非常感谢，|旅人。
11397	objPhil	这首歌我们世代传唱。
11398	objBard	但...|||还是有些|伤感...
11399	objBard	为什么巫师要诅咒旅人？
11400	objBard	如果她们彼此相爱...
11401	objPhil	唔...
11402	objPhil	你问到点子上了...
11403	objPhil	我从来没好好想过这事！||嘿...
11404	objPhil	我一直以为...
11405	objPhil	那个巫师是骗子什么的。
11406	objPhil	掠夺了旅人的灵魂...
11407	objBard	{shake .5}不！！！{/shake}
11408	objBard	但是为什么？？？
11409	objMiriam	可能这就是一首愚蠢的，|乱编的歌！
11410	objMiriam	管它为什么呢！
11411	objPhil	其实，||也不全是编的。
11412	objPhil	就像我说的，#|这事儿就发生在这片森林里。
11413	objPhil	而那位旅人是来自鲁勒的女孩...
11414	objMiriam	然后她的|{wiggle}灵魂{}||就被|{wiggle}夺走了？{}
11415	objPhil	好吧，|至少故事里是这么写的
11416	objMiriam	我听这就是乱编的。
11417	objMiriam	或者|难道说？
11418	objMiriam	你觉得巫师就是...
11419	objMiriam	到处...||掠夺|{wiggle}灵魂？{/wiggle}
11420	objMiriam	老天啊，||你认真的吗？
11421	objPhil	不！|||呃...
11422	objPhil	我们没怎么见过巫师...
11423	objPhil	这还挺难判断的。
11424	objPing	这是他们巫师的|残忍习俗！
11425	objMiriam	{shake .5}你说什么？！
11426	objPing	{}不然你觉得森林里的怪物是哪来的？
11429	objPing	它们是钱德什的士兵。
11430	objPing	它们被魔法创造出来，#然后被派来攻击我们...
11431	objPing	还|{shake .5}毁了我们珍贵的森林！{/shake}
11433	objMiriam	||我不知道还有这事。
11434	objPing	它们就是我们被困在这里的原因...
11436	objBard	但是|||{shake}为什么？？？{}
11437	objPing	这就是钱德什最可怕的地方！
11438	objPing	我们根本|{shake}不知道{/shake}|为什么！
11439	objPing	但从他们的行为来看，#|他们显然对我们恨之入骨！
11441	objPing	他们蔑视自然，#|蔑视我们的生活方式！
11443	objPing	告诉我们吧，|巫师...
11444	objPing	你说有要传给国王的消息。
11445	objPing	是谁传来的？
11446	objPing	是什么消息？
11447	objBard	是...|||秘密！
11448	objBard	但可能会结束这场战争！
11449	objPing	唔。
11450	objPhil	你真的这么认为吗，|旅人？
11451	objBard	嗯哼！
11452	objPing	很抱歉...
11453	objPing	但||那根本|不可能...
11455	objPhil	好吧，|但愿如此。
11456	objPhil	{size 1}我想时间也差不多了。
11457	objPhil	我们今晚就先到这儿吧？
11458	objMiriam	好。
11459	objMiriam	我也受够了。
11482	objPhil	那你接下来要继续上路了，|对吧？
11483	objPhil	抱歉昨晚聊了些...||沉重...||的话题。
11484	objPhil	我希望这里能尽可能充满爱意。
11485	objPhil	外面已经够糟了。
11486	objPhil	代我们向国王问好。
11487	objPhil	还有...||如果你们见到了从这离开的人...
11488	objPhil	告诉他们我们也一切安好，|好吗？
11489	objPhil	你喜欢我们的彩虹树吗，|旅人？
11490	objPhil	这是我们从夏天城带来的...
11491	objPhil	如果你到了那里，|会看到更多。
11492	objPhil	它们提醒我们要爱护自然。
11493	objPhil	我们可能会砍树造房子...
11494	objPhil	但我们总会在它们生长的地方种下更多。
11495	objPhil	我们必须|{wiggle}团结一致{/wiggle}|，#和我们的森林一起...
11496	objPhil	就像我们对待我们的亲宠那样。
11497	objPhil	这对我们鲁勒居民意义重大。
11460	objPhil	旅人！
11461	objPhil	||有一段时间了，|对吧？
11462	objPhil	我真庆幸我还活着...
11463	objPhil	在我们与整个世界经历一切后。
11464	objPhil	没想到我还能再见到首都。
11465	objPhil	而且你看！||现在这里也有巫师了。
11466	objPhil	一切变化太快了。
11467	objPhil	但在经历了那么多战争之后，#|这是件好事。
11468	objPhil	我想我也准备好踏上属于自己的旅途了。
11469	objPhil	我要带着我的班卓琴环游世界！
11470	objPhil	无论用哪种方式，|旅人。
11471	objPhil	因为有太多事情要做，#|也有太多风景要看。
11472	objPhil	所以走走小巷又有何不可呢？
11473	objPhil	不去闯荡，怎知世间宽广。
11474	objPhil	不散光芒，怎会耀如星光！
11475	objPhil	我想像你一样，|旅人。
11476	objPhil	心怀歌声游历世界...
11477	objPhil	无论走到哪里都带来快乐...||耶！
11478	objPhil	每个人都会通过班卓琴声#得知我的到来。
11479	objPhil	他们会用特别的名称称呼我...
11480	objPhil	比如...“那个弹班卓琴的|菲尔！”|||耶。
11481	objPhil	这是我的梦想。
11577	objHero	...||他们同归于尽了。
11578	objHero	看来我根本不需要那瓶药水！
11579	objHero	现在这里什么都不剩了。
11580	objHero	我猜你还是能拿到你那首#傻乎乎的歌的，|对吧？
11581	objHero	从现在开始，情况会越来，|越来|，越糟。
11582	objHero	只是提醒你一声。
11583	objHero	灵界几乎已经彻底崩塌了。
11584	objHero	我本来在这之前就该解决所有的统领...
11585	objHero	但是，|现在已经太晚了。
11588	objHero	你本就不该卷入这个故事。
11589	objPing	嗯嗯嗯嗯...|哼。
11590	objPing	你们俩运气不错，#现在是菲尔在这儿管事。
11591	objPing	如果你们俩真是无辜的，#|我为刚才的冒犯道歉。
11592	objPing	但我也有母亲要照顾。
11593	objPing	这年头，咱们不得不小心点。
11594	objPing	所以，||我会盯着你们的...
11596	objPing	咱们这四面环绕着#吓人的黑暗灵魂。
11597	objPing	{size .7}（还有一群||来路不明的旅人...）{/size}
11598	objPing	所以进出这个镇子简直||是一场噩梦...
11599	objPing	我们现在只能等着#钱德什的军队过来...
11600	objPing	这里原来挺太平的。
11601	objPing	我们可不想让不安分的旅人跑来闹事，
11602	objPing	你明白吗？
11603	objPing	请尊重我们和这个小镇。
11604	objPing	秘密消息...||#还有从这经过的巫师...
11605	objPing	你知道这看起来有多可疑吗？
11606	objPing	别让咱们因为收留你们#而成了鲁勒的叛徒...
11607	objPing	咱们的麻烦已经够多了。
11608	objCaptain	好了伙计，|你认得路的，所以...
11609	objCaptain	用你的{shake}歌声{/shake}指引我们吧！
11610	objPenny	别忘了|{wiggle}按任意键查看地图{/wiggle}|哦。
11611	objCaptain	嘿，伙计...||你到底要去哪儿？
11612	objBard	我不知道！
11613	objCaptain	|好吧...
11615	objCaptain	别忘了你可以|{wiggle}按任意键{/wiggle}|查看地图！
11616	objCaptain	但随便逛逛也挺有意思的，是吧？
11617	objBard	...
11618	objBard	...呃...||你好...？
11619	objProfessor	你好...
11620	objProfessor	是的，你好...
11621	objProfessor	||说起来...
11622	objProfessor	我好像不记得在这艘船上见过你。
11623	objBard	哦！||哈哈！
11624	objBard	那个，|呃...
11625	objBard	我||绝对|一直都在！
11626	objBard	就是个从钱德什来的别的巫师而已！
11627	objBard	就是我！
11628	objProfessor	真奇怪。
11629	objProfessor	好吧，|你可以选择沉默...
11630	objProfessor	但|我得问一句...
11631	objProfessor	{size .7}你是||{wiggle}法术小队{/wiggle}的一员吗？
11632	objBard	什么？
11633	objProfessor	{}当然！
11634	objProfessor	问这么直接是我太失礼了。
11635	objProfessor	我不会再追问了。
11636	objProfessor	我们这些平民不会了解太多的，|你懂的。
11637	objProfessor	只是一些猜测...||和传言...
11638	objProfessor	他们说|{shake .7}鲁勒...{/shake}
11639	objProfessor	...与公主的失踪有关。
11640	objProfessor	而且||她已经不在人世了。
11641	objProfessor	你不用刻意确认或否认什么！
11642	objProfessor	你的沉默已经说明了一切。
11643	objProfessor	如果我的问题让你不舒服了，#我很抱歉。
11644	objProfessor	你的秘密我会守口如瓶。
11645	objProfessor	真的，|我非常感激小队做的一切。
11646	objProfessor	尽管他们一直默默隐藏在我们中间...
11647	objProfessor	啊，||是你啊...|船上那位。
11648	objProfessor	你是这里的学生吗？
11649	objProfessor	嘿嘿！|...|||“眨眼！”
11650	objProfessor	我在眨眼，|当然了，|因为...
11651	objProfessor	我知道你不是...
11652	objProfessor	如果你是为学习魔法而来，
11653	objProfessor	嗯...
11654	objProfessor	虽然我很欣赏你对知识的追求...
11655	objProfessor	但|{wiggle}你{}|能做的其实很有限。
11656	objProfessor	你不是巫师，|对吧？
11657	objProfessor	除非你有这个天赋...
11658	objProfessor	为什么有些人天生就有魔法，#|有些人就没有？
11659	objProfessor	这个问题|困扰我们至今。
11660	objProfessor	这也是我在这里研究的主要课题。
11661	objProtul	你好呀！！！
11662	objProtul	请随便看看我的店铺吧！
11663	objProtul	一定有什么你能看上的东西。
11664	objProtul	有什么问题尽管问我！
11665	objProtul	这些扫帚可是莫哈布米最好的！
11666	objProtul	我和家人亲手做的！
11667	objMiriam	这看着也|{wiggle}没{}||多好...
11668	objProtul	那是你的眼睛欺骗了你！！！
11669	objProtul	你不会|真是个巫师吧？
11670	objProtul	这些扫帚其实不是，|呃...
11671	objProtul	{wiggle}真用来飞行的...{}
11672	objProtul	它们是给游客准备的收藏品！
11673	objProtul	但它们依然物有所值！
11674	objProtul	而且是绝佳的礼物！
11675	objPurnima	我从未想过会有这一天...
11676	objPurnima	但|钱德什和鲁勒之间#终于展开了和平谈判。
11677	objPurnima	要是哈拉能看到这一切就好了。
11678	objPurnima	我将她的愿望牢记在心...
11679	objPurnima	并在这里尽力替她发声。
11680	objPurnima	母亲的固执总是让人头疼...
11681	objPurnima	但我想，|这也是哈拉曾经面对的挑战。
11682	objPurnima	没想到还能再见到你，|哈拉。
11683	objPurnima	母亲还是很难对付...
11684	objPurnima	...
11685	objPurnima	我知道，|你曾经说过...
11686	objPurnima	如果母亲反对和平，
11687	objPurnima	你就会离开...
11688	objPurnima	我以为那是气话。
11689	objPurnima	也许你能劝劝她，#让她理智一点。
11690	objPurnima	艾娅在上，#|我绝对努力过了...
11691	objPurnima	但你了解她的。
11692	objPurnima	她太固执了。
11693	objPurnima	其他人也抽不开身去应付她。
11694	objHala	你很勇敢，|普尔尼玛。
11695	objPurnima	我必须有足够的勇气。
11696	objPurnima	...
11697	objPurnima	我很抱歉...
11698	objPurnima	现在你明白#哈拉曾经面对的是什么了...
11699	objBard	我能问你个问题吗？
11700	objPurnima	呃...||可以|...？
11701	objBard	你是怎么做出这么夸张的发型的？
11702	objPurnima	哦。
11703	objPurnima	就是...||用了很多发胶...
11704	objPurnima	特别多。
11705	objBard	看起来很整洁！
11706	objPurnima	谢谢你。
11707	objBard	{shake}哦||不！！！
11708	objBard	{}我完全忘了...
11709	objBard	问统领之歌的事！！！
11710	objPurnima	幽灵孩子！！！
11711	objPurnima	关于我母亲的事...
11712	objPurnima	我真的很抱歉。
11713	objPurnima	我只是想让你知道...
11714	objPurnima	我真的觉得哈拉没错。
11715	objPurnima	如果有|任何|我能帮上忙的地方...
11716	objPurnima	你尽管说。
11717	objBard	你能教我统领之歌吗？
11718	objPurnima	统领之歌...？
11719	objPurnima	当然，||如果能帮上忙的话...
11720	objPurnima	而且...
11721	objPurnima	你需要统领之歌，对吧？
11722	objPurnima	至少|这个我可以教你。
11723	objPurnima	如果有帮助的话...
11724	objBard	太好了！！！
11725	objPurnima	好的。
11726	objPurnima	那么...||仔细听...
11727	objBard	{shake}谢谢你！！！{/shake}
11728	objPurnima	没事的。
11729	objPurnima	...
11730	objPurnima	我会继续和母亲沟通的。
11731	objPurnima	也许时间久了，#|她就能明白。
11732	objPurnima	旅途顺利，|幽灵孩子...
11733	objPurnima	哦|.|.|.||！
11734	objPurnima	哈拉...？
11735	objHala	嗨，|普尔尼玛...
11736	objPurnima	你怎么...？
11737	objPurnima	谁...？
11738	objPurnima	为什么...
11739	objPurnima	什么情况...？
11740	objHala	我是来和母亲谈话的。
11741	objPurnima	哦...
11742	objPurnima	她一直在找你，|哈拉...
11743	objPurnima	任何愿意听她说话的人，她都会派去找你。
11744	objPurnima	她就是不相信你已经不在了。
11745	objHala	{wiggle}所以啊，{/wiggle}
11746	objHala	我们得和她谈谈。
11747	objPurnima	是的！
11748	objPurnima	我只是...||觉得你应该知道这些。
11752	objPurnima	对她温柔点，|好吗？
11753	objQin	{color red}0
11754	objQin	{color red}0
11756	objQueen	{whisper}经历了这么久...
11757	objQueen	我都没意识到战争给我带来了多大伤害...
11758	objQueen	我的人民，||也是...
11759	objQueen	{whisper}...
11760	objQueen	哈拉...
11761	objQueen	不管她现在在哪里...
11762	objQueen	我不知道她能不能看到这些。
11763	objQueen	我不知道她是否感到骄傲...
11764	objQueen	为她那个愚蠢的老母亲...
11765	objQueen	{whisper}我们有太多痛苦需要治愈了...
11766	objQueen	我们的王国一同经历了长久的苦难。
11767	objQueen	我担心在我有生之年看不到重建。
11768	objQueen	但是...||我想这就是我的惩罚...
11769	objQueen	因为我用生命发动了这场战争，
11770	objQueen	而我本可以努力结束它...
11771	objQueen	{whisper}我希望我的女儿们能看到更好的世界...
11772	objHala	妈妈！
11773	objQueen	{whisper}难道真的...
11774	objQueen	哈拉？
11775	objQueen	哈拉，|你回来了！
11776	objQueen	我就知道！
11777	objQueen	我知道你一直活着...
11778	objQueen	你的姐妹们就是否认这点...
11779	objQueen	说了最可怕的话...
11780	objQueen	但我知道，|哈拉。
11781	objQueen	我很高兴你还活着...
11782	objHala	{}对不起，|妈妈。
11783	objHala	但是...||我确实|已经死了...
11784	objQueen	{whisper}|||但是||...|你的声音...
11788	objPurnima	{}发生了...||什么...？
11789	objBard	{halasing}母|亲|快|看|清
11790	objBard	我|之|死|已|成|定|局
11791	objBard	虽|离|人|间|去
11792	objBard	信|息|尚|能|留|存
11793	objBard	密|林|幽|深|处
11794	objBard	某|些|存|在|已|降|临
11795	objBard	巨|兽|渐|成|形
11796	objBard	是|共|同|的|危|机...
11797	objBard	夺|我|性|命
11798	objBard	战|火|不|停
11799	objBard	每|日|愈|演|愈|烈...
11800	objBard	别|再|忽|视
11801	objBard	那|些|威|胁
11802	objBard	因|那|无|谓|战|争...
11803	objBard	但|愿|我|能
11804	objBard	唤|醒|你|那
11805	objBard	所|缺|乏|的|原|谅...
11806	objBard	战|争|不|值|得
11807	objBard	此|代|价
11808	objBard	不|会|让|我|复|生
11810	btalker	{}她走了！
11811	objQueen	{whisper}哈拉...
11812	objQueen	她的话语...
11813	objQueen	是|||如此...
11814	objQueen	天真...
11815	objBard	{}什？？
11816	objQueen	{whisper}哦...||我亲爱的老哈拉...
11817	objQueen	{whisper}我不敢相信她真的走了...
11818	objQueen	她死时怀着这个愚蠢的想法...
11819	objQueen	她就是不明白事情的因果...
11820	objQueen	我们怎么可能就||结束战争呢？
11821	objQueen	这是不可能的...
11822	objBard	{}{shake .5}但是！！！
11823	objBard	那是她的遗言！！！
11824	objBard	作为一个幽灵！！！
11825	objBard	她千里迢迢就是为了对你说这些！！！
11826	objQueen	{}{whisper}是的...
11827	objQueen	我真心希望她的话是真的...
11828	objQueen	但事实并非如此...
11829	objQueen	就像她还在我们身边时一样...
11830	objBard	{}{shake}啊！！！{/shake}
11831	objBard	等等！！！
11832	objBard	那还不是全部！
11833	objBard	明天还有一场|入侵！
11834	objQueen	{whisper}是的，|我很清楚。
11838	objQueen	那些爱动物的野蛮人...
11839	objQueen	只要他们还在困扰我们...
11840	objQueen	就永远不会有和平的机会。
11841	objBard	{}但是...
11842	objQueen	{whisper}请...
11843	objQueen	{whisper}消失吧，||立刻。
11844	objQueen	不管你是谁...
11845	objBard	顺便说一句，#|我是个吟游诗人！
11846	objQueen	{whisper}嗯。
11847	objBard	{}嗯，||我正在尝试拯救世界...
11848	objQueen	{whisper}嗯。
11849	objBard	{}所以我需要学统领之歌...
11850	objQueen	{whisper}嗯。
11851	objBard	{}你能...||教我吗？
11852	objQueen	{whisper}不...
11853	objBard	女王夫人，
11854	objBard	哈拉的信息对她来说非常重要！
11855	objBard	我真的觉得你应该听听她说的话！
11856	objBard	关于怪物什么的！
11857	objBard	还有战争！
11858	objQueen	{whisper}我们的法术小队已经在处理那些怪物了...
11859	objQueen	...
11860	objQueen	我现在担心的是那个我们派去鲁勒救她的英雄...
11861	objQueen	{whisper}哈拉...
11862	objQueen	我亲爱的女儿...
11863	objQueen	她非常聪明...||但同时，|又如此愚蠢。
11864	objQueen	她本可以成为像阿玛丽丝那样的学者...
11865	objQueen	如果她不是那么鲁莽...
11866	objQueen	请...
11867	objQueen	让我一个人静静。
11870	objOrderfairy	{}{orderfairy}{shake .5}殿下，|秩序女王！！！
11871	objOrderfairy	你怎么没坐在你的王座上？？？||我们...
11872	objOrderfairy	{size .65}{shake .2}（我们这里来了访客，您这样完全不合适！！！）
11873	objQueenorder	{}{orderqueen}亲爱的，|自己看看吧。
11874	objOrderfairy	{}{orderfairy}哦...|||我的天哪...
11875	objOrderfairy	{shake}他||{quake}在这里做什么？？？
11876	objOrderfairy	{quake}这是！
11877	objOrderfairy	{quake}如此！！！
11878	objOrderfairy	我|才是|||{quake}正统！！！！
11879	objBard	{}所以...|你是统领？
11880	objQueenorder	{}{orderqueen}嗯|{wiggle}是的...{/wiggle}
11881	objBard	{}|||...嗯。
11882	objBard	你看起来很...|正常？
11883	objQueenorder	{}{orderqueen}...？
11884	objBard	{}其他统领都像...
11885	objBard	神奇的...|动物？
11886	objQueenorder	{}{orderqueen}人类|{wiggle}也是{/wiggle}|动物，|亲爱的。
11887	objBard	{}哦，|是啊。|||我想是这样。
11889	objQueenorder	{}{orderqueen}你知道吗，|就在此刻...
11890	objQueenorder	我本该在喝茶。
11891	objQueenorder	小秩序总是那么容易分心...
11892	objQueenorder	请稍等，|好吗？
11894	big	{}{bigorderqueen}梦之王。
11895	objDreamking	{}{dk_a4}{size 1.5}{wiggle}嗯|嗯|嗯|嗯|嗯|嗯||嗯...{/wiggle}
11896	objDreamking	嘿，|秩序
11898	big	{}{bigorderqueen}你来我的城堡做什么？
11899	objDreamking	{}{dk_a4}{size 1.5}...
11900	objDreamking	英雄去{wiggle}我那{/wiggle}|||要杀我
11901	objDreamking	而我有点...||没察觉到...
11902	big	{}{bigorderqueen}所以|||你|逃跑了
11903	objDreamking	{}{dk_a4}{size 1.5}我猜是的
11904	objDreamking	这也是种说法。||来形容我所做的。
11905	objDreamking	你也可以换个说法，
11906	objDreamking	我决定稍微离开一下城堡
11907	objDreamking	去拜访老朋友
11908	objDreamking	这听着不是挺好吗？
11909	objDreamking	{wiggle}你{/wiggle}|在做什么呢，||秩序女王小姐？
11910	big	{}{bigorderqueen}不。
11912	objOrderfairy	{}{orderfairy}{size 1.5}{shake .3}这对统领来说完全不合适！！！{/shake}
11913	big	{}{bigorderqueen}我们有自己的责任，|梦之王。
11914	objDreamking	{}{dk_a4}{size 1.5}是啊，|是啊，|我知道
11916	objDreamking	我们都在衰老并腐化
11917	objDreamking	变成可怕的怪物
11918	objDreamking	我们的时间到了
11919	objDreamking	什么什么的
11922	objDreamking	{shake}但是...{/shake}
11923	objDreamking	我真的||不想死
11924	objDreamking	即使这|{wiggle}是{/wiggle}|我们的职责
11927	objDreamking	我觉得我做不到
11928	objDreamking	那|||我该怎么办呢？
11929	big	{}{bigorderqueen}做你觉得||正确的事
11930	objHero	{}你们好，伙计们。
11931	objHero	还有...||吟游诗人。
11932	objHero	看来我终于找到你了，|梦之王。
11933	objHero	以为你能逃脱我？
11934	objHero	你反而给我一个买一送一。
11935	objBard	{shake}啊，等等！！！{/shake}
11936	objBard	为什么...
11937	objBard	{shake .7}你为什么要这么做？？？{/shake}
11938	objBard	只要让统领们活下去...
11939	objBard	世界就不会毁灭！
11944	objHero	别傻了！
11948	objHero	如果我们让他们活下去...
11949	objHero	我们将进入一个黑暗的时代。
11950	objHero	就像地球上的噩梦一样。
11951	objHero	你可以到处跑着唱愚蠢的歌，
11952	objHero	但必须|{wiggle}有人{/wiggle}|负责并拯救我们！
11959	objHero	而|{shake .5}那个人{/shake}
11960	objHero	{shake .7}就是...{/shake}
11961	objHero	{shake}我{/shake}
11962	objHero	{shake .8}那|||是什么？？？{/shake}
11963	objMiriam	{shake}啊啊啊啊啊！！！{/shake}
11964	objMiriam	{shake .3}我不敢相信...||我是|最后||一个||到这里的！！
11965	objBard	{}你刚刚救了梦之王的命，|米莉安！
11968	objHero	你们两个为什么挡我的路？！
11969	objHero	统领们|不|站在你这边！
11970	objHero	{shake .6}我{/shake}才...||是那个|{shake}英雄！{/shake}
11971	objHero	真真正正的！#||被艾娅选中的！
11973	objHero	你凭什么认为你有资格...
11974	objHero	好吧...
11975	objHero	{shake}好{/shake}||吧！！！
11976	objHero	你想这样吗？
11977	objHero	奉陪||{shake}{quake}到底！！！
11978	objRahul	我超爱火山口！
11979	objRahul	我喜欢只是...
11980	objRahul	跳起来！
11981	objRahul	{shake}耶！{/shake}
11982	objRahul	跳得疯狂！
11983	objRahul	虽然这地方很老了，
11984	objRahul	但它们还是充满活力！
11985	objRahul	我在这些大厅里跳舞很久了...
11986	objRahul	实际上，|从我小时候就开始啦！
11987	objRahul	这些孩子越来越年轻了。
11988	objRahul	但他们的舞步可比不过我。
11989	objRahul	一代代舞者来了又去...
11990	objRahul	但火山口一直都在！
11991	objRahul	这是个特别的地方。
11992	objRahul	今晚能在舞池里见到你吗？
11993	objRahul	我超爱火山口！
11994	objRahul	但...||它已经不似从前了。
11995	objRahul	战争导致乐队很难来到这个国家。
11996	objRahul	今晚它都没开门！
11997	objRahul	我都准备好大显身手了...
11998	objRenu	听说英雄来城里了...
11999	objRenu	大家都说她很厉害。
12000	objRenu	但她连自己的亲宠都没有。
12001	objRenu	我本来打算晚点去旅馆找她...
12002	objRenu	{shake .5}然后向她发起决斗！！！
12003	objRenu	{}但我妈妈不让...
12004	objRenu	{shake}哼！{}
12005	objRenu	小心点，||菜鸟。
12006	objRenu	我和我的亲宠是|#{shake}整个夏天城最强的！！！{/shake}
12007	objBard	我的天！
12008	objBard	你让你的动物朋友|{shake}打架？？？{/shake}
12009	objRenu	呃...||也不是啦。
12010	objRenu	就是我们和其他孩子玩的一种游戏。
12011	objRenu	之前有个超酷的表演团来城里...
12012	objRenu	讲了一个英雄和他的亲宠伙伴的故事！
12013	objRenu	他们一起对抗邪恶的巫师坏蛋。
12014	objRenu	他们好像|心有灵犀，|超级默契。
12015	objRenu	还超级超级强！
12016	objRenu	{shake .5}我也想像那样！！！{/shake}
12017	objRenu	我和我的亲宠在努力训练！
12018	objRenu	我们今年可能要参加学校的运动队比赛。
12019	objRenu	我要一路打进国赛！！！
12020	objRosie	我很感激能活着来到这里...
12021	objRosie	我从森林里的木材镇来...
12022	objBard	哦！
12023	objBard	我去过那！！
12024	objRosie	真的吗？||镇子还在那？
12025	objRosie	我一直很担心他们...
12026	objRosie	尤其是怪物现在都打到这里的城门了。
12027	objRosie	我以为...
12028	objRosie	...
12029	objRosie	啊，|他们没事就好。
12030	objRosie	所以他们都还好吧？
12031	objBard	对！
12032	objBard	||不过...
12033	objBard	那里还是有很多怪物。
12034	objBard	我和一个会飞的朋友一起，#|才逃了出来。
12035	objBard	但我们没法带上其他人...
12036	objRosie	我明白了。
12037	objRosie	我们一直在请求国王派救兵，|但...
12038	objRosie	|||一直没什么进展。
12039	objRosie	英雄带我们一大群人#从镇上一路逃到这里。
12040	objRosie	真是...||太英勇了！
12041	objRosie	你知道吗，|这感觉还挺不错的...
12042	objRosie	那种情况下能有一位英雄挺身而出。
12043	objRosie	我都快习惯了。
12044	objBard	...
12045	objRosie	要是我们的国王也这么有同情心就好了。
12046	objRuby	{wiggle}呸！||外边真黑...
12047	objRuby	每个人还都愁眉苦脸的！
12048	objRuby	世界末日已经够糟了。
12049	objRuby	为什么大伙还要这么压抑？
12050	objRuby	{wiggle}该死的怪物把我的房子毁了。
12051	objRuby	一群混蛋...
12052	objRuby	他们只能把我搬到布朗森家。
12053	objRuby	然后外面变得乱七八糟...
12054	objRuby	大家都想站在外面看热闹。
12055	objRuby	我本来在屋里待的好好的。
12056	objRuby	他们硬要让我出来。
12057	objRuby	说什么末日来临的时候我们要在一起。
12058	objRuby	{shake .5}我讨厌搬家！{/shake}
12059	objRuby	让我死得肃静点吧...
12060	objRuby	{wiggle}每个人都被这末日搞得紧张兮兮的。
12061	objRuby	我|所有的|朋友早就死了。
12062	objRuby	谁还在乎这些。
12063	objRuby	...
12064	objRuby	...
12065	objRuby	...
12066	objRuby	...|呸...
12067	objBard	露比！||#你需要帮助吗？？
12068	objRuby	{wiggle}{shake}不用。{/shake}
12069	objRuby	{speed .7}离我远点。
12072	objRuby	{}{wiggle}{speed .7}你刚才是用歌声赶走了那个幽灵？
12073	objBard	{}没错！
12074	objBard	它现在不再缠着你了，怎么样？
12075	objRuby	{wiggle}{shake}不怎么样。{/shake}
12076	objRuby	{speed .7}他根本没打扰我。
12077	objRuby	你是不是就随便闯进别人家然后唱歌？
12079	objBard	{}...
12080	objRuby	{}{wiggle}{speed .7}行吧，||{shake .4}谢谢啊，{/shake}#||闯进我家还搞出这么大动静。
12081	objRuby	你现在可以走了。
12082	objRuby	{}{wiggle}{speed .7}你怎么还不走？
12083	objRuby	{wiggle}{speed .7}那姑娘真该学学礼仪了。
12084	objRuby	你也一样。
12085	objRuby	我现在是个老太太了。
12086	objRuby	你们闯进来还要求我给你们唱歌...
12087	objRuby	你们对长辈的尊重呢，||嗯？
12088	objRuby	{wiggle}{speed .7}那首歌||确实让我想起了一些往事...
12089	objRuby	但现在这些回忆只会让我难过。
12090	objRuby	{wiggle}{speed .7}原来那个幽灵是罗恩啊。
12091	objRuby	我就知道。
12092	objRuby	他还是那么烦人。
12093	objRuby	...
12094	objRuby	{wiggle}{speed .7}...但他能回来看我我还挺开心的。
12095	objRuby	我想你了，|你个老傻瓜。
12096	objRuby	{wiggle}我现在完全听不懂他在说什么。
12097	objRuby	但他还能唱歌，|就像|他|以前一样。
12098	objRuby	能听到他的歌声真好啊，#|毕竟我想他了。
12099	objRuby	但也只是因为我确实想他了。
12100	objBard	嗨，露比！
12101	objBard	...
12102	objBard	我想学统领之歌...
12103	objBard	你知道关于这首歌的事吗？
12104	objRuby	我{speed .15}{wiggle}{shake}不知道。{/shake}
12105	objRuby	{speed 1}而且|我受不了了，
12106	objRuby	你
12107	objRuby	{shake}乱跑到我家
12108	objRuby	还||要求我{/shake}
12109	objMatriarch	{}露比！
12110	objBard	！
12111	objMatriarch	你这个态度可不对啊
12112	objMatriarch	你|真的||不记得统领之歌了吗？
12113	objRuby	{speed .7}{wiggle}{shake}不记得。{/shake}
12114	objMatriarch	{}{shake}真的吗？？？{/shake}
12115	objMatriarch	那首你|{shake .5}经常唱的歌{/shake}？
12118	objMatriarch	你知道的...||那一天？||你和罗恩一起？
12119	objMatriarch	还有在那棵树下的聚会？
12120	objMatriarch	那首本该由|{shake .5}你{/shake}|唱的歌？
12121	objMatriarch	{shake .5}每{/shake}|一年？
12122	objMatriarch	你|{shake .5}真的{/shake}|不记得了？
12123	objRuby	{speed .5}{wiggle}...
12124	objRuby	哦，是啊...||那|首歌。
12125	objRuby	{speed 1}我||可能|还记得。
12126	objBard	{}！
12127	objBard	你能唱一遍吗？
12128	objRuby	{speed 1}{wiggle}|||我只唱一遍。
12129	objBard	{}原来是这样的...
12130	objBard	这次我唱的不太好...
12131	objBard	但我以后会记住的！
12132	objBard	{}原来是这样的...
12133	objBard	{}谢谢你，露比！
12134	objBard	我就知道你没{shake}那|么{/shake}讨厌！
12135	objRuby	{wiggle}{shake}...{/shake}
12136	objRuby	{wiggle}{speed .7}我给你唱过了。
12137	objRuby	你现在可以出去了。
12138	objMatriarch	{}见到你总是很高兴，|露比。
12140	objMatriarch	孩子，|你一离开这间房子...
12141	objMatriarch	试玩就结束了。
12142	objMatriarch	有些家伙想在那之前逗逗露比。
12143	objMatriarch	我觉得这不太礼貌，|但...
12144	objMatriarch	好吧，|注意一下后面等着玩的人。
12145	objMatriarch	如果你喜欢，|以后可以来试试其他部分。
12146	objMatriarch	孩子，到镇上来找我吧。
12147	objRuby	{wiggle}{shake}谢||谢，{/shake}||够了吧。
12148	objRuby	{wiggle}{shake}好吧，||谢谢你。
12149	objRuby	{wiggle}{shake}...
12150	objRuby	{wiggle}请别在我家胡闹了。
12151	objRuby	{wiggle}{shake}够了！
12152	objRuby	{wiggle}{shake}你是专门来烦我的吗？
12154	objRuby	你就没什么更重要的事可做吗？
12155	objBard	我觉得这个怪物|已经死了...
12156	objBard	...
12157	objBard	看起来|{wiggle}有人{/wiggle}||找到了一些宝藏...
12158	objBard	...
12159	objBard	真不错！
12160	objRupali	我真的很感谢我的亲宠，|吉祥。
12161	objRupali	他是个值得信赖的朋友...
12162	objRupali	他还让我的膝盖暖暖的，|很舒服。
12163	objRupali	我一直把吉祥带在身边...
12164	objRupali	有他在我感觉很安心。
12165	objRupali	有一次，|我小时候，#|和父母走散了......
12166	objRupali	我很害怕...|但吉祥让我冷静下来...
12167	objRupali	他开始嚎叫，#直到我父母找到我们。
12168	objRupali	他是个聪明的小家伙。
12169	objRupali	随着战况愈演愈烈，#进出鲁勒越来越困难了。
12170	objRupali	你是从鲁勒外进来的吗？#||你是怎么进来的？
12171	objRupali	我猜你肯定是破墙闯进来的吧，#|对不对？
12172	objRupali	啊哈|哈|哈|哈！
12173	objRupali	看你那表情！
12174	objRupali	我只是开玩笑，#|你知道的...
12175	objRyan	呃，||嗨。
12176	objRyan	其实我没空跟你聊天。
12177	objRyan	我在德尔菲可是个很酷的家伙。
12178	objRyan	你能不能离我|，#呃...||远一点？
12179	objRyan	你破坏了我酷酷的风格。
12180	objRyan	我怎么这么酷？||简单。
12181	objRyan	我只是看透了所有东西都很无聊。
12182	objRyan	人们很尊重这种观点。
12183	objRyan	{shake}是你！！！
12184	objRyan	那个疯狂渡鸦的歌手！！！{/shake}
12185	objRyan	你的演出改变了我的{shake}人生{/shake}。
12186	objRyan	我以前觉得酷即世界。
12187	objRyan	但看到你在舞台上...
12188	objRyan	就是...||{wiggle}那么{/wiggle}||振奋人心地|不酷...
12189	objRyan	我意识到不酷其实也是一种酷。
12190	objRyan	我现在|{shake}超级{/shake}|崇拜你！
12191	objRyan	这让我，|嗯，|特别不酷？？
12192	objRyan	这对我来说是个新奇又刺激的世界！！
12193	objRyan	呃呃呃
12194	objRyan	{size .7}哇噢
12195	objRyan	{size .7}这真是...
12196	objRyan	{size 1}{shake}*咳咳*{/shake}
12197	objRyan	|||够无聊的。
12198	objRyan	{size .7}呜-哇啊
12199	objRyan	{size .7}那声音...
12200	objRyan	{size 1}{shake}*咳|咳咳*{/shake}
12201	objRyan	不，|呃...||真不怎么酷。
12202	objRyan	{size .7}{wiggle}{shake .2}真-|太||酷了...
12203	objRyan	{shake}{size 1}无聊！{/shake}我是说，||太无聊了。
12204	objRyan	你一点都|不酷。
12205	objRyan	{shake}哇啊啊啊啊啊啊！！！！{/shake}
12206	objRyan	太{quake}{wiggle}酷了！！！{/wiggle}
12207	objRyan	{wiggle}咿呀呀呀呀呀呀！！！{/wiggle}
12208	objRyan	{shake}太|棒了！！！{/shake}
12209	objSaher	我受不了这热得要命的鬼天气了。
12210	objSaher	这太伤皮肤了。
12211	objSaher	...
12212	objSaher	顺便，|你可以看看有什么想要的。
12213	objSaher	但你看起来不像对珠宝感兴趣的人。
12214	objSaher	这个城市的人对待外国人像对待瘟疫一样。
12215	objSaher	太残忍了。|我讨厌这样。
12216	objSaher	我千里迢迢赶来是为了躲避战争。
12217	objSaher	但我却成了这里的外人...
12218	objSaher	而且现在还有怪物在攻击我们，#|我觉得这里也不安全了。
12219	objSaher	难以置信，钱德什真的派来了巨人...
12220	objSaher	它们比森林里那些小东西大多了。
12221	objSaher	不过，这场冲突本身就很荒谬。
12222	objSaher	我想我们都希望结束这一切。
12223	objSaj	你好...
12224	objSaj	你对药水感兴趣吗...？
12225	objSaj	||这都是我自己做的...
12226	objSaj	这背后的科学原理很有意思...
12229	objSaj	我的原料都源于大自然...
12230	objSaj	配上化学知识来调配新药...
12233	objSaj	我的药水保质保量...
12234	objSaj	效果稳定...
12235	objSaj	你应该买一些...
12236	objBard	那听起来很有趣！
12237	objBard	但|我没钱。
12238	objSaj	哦...
12239	objSaj	呃...|你好...
12240	objSaj	又是你...
12241	objBard	我们是来买力量药水的！
12242	objSaj	||哇哦...
12243	objSaj	没想到你们|出手这么阔绰...
12246	objSaj	这得花不少法夸德...
12247	objMiriam	法夸|什么？
12248	objSaj	嗯...|？
12249	objSaj	法夸德？
12250	objSaj	就是...|货币...？|钱...？
12251	objBard	哦！
12252	objBard	我们没有那种东西...
12253	objSaj	|哦...
12254	objSaj	嗯，|那样的话...
12255	objSaj	那我不能给你...
12256	objBard	啊！
12257	objBard	我们不能通过...#|给你帮忙来交换吗？
12258	objSaj	|要是其他药水说不定还可以...
12259	objSaj	但力量药水是...|很奢侈的...
12260	objSaj	需要整整一箱法夸德才能买...
12262	objMiriam	{shake}啊啊啊啊！
12263	objMiriam	{shake .4}少来这套！！！
12264	objMiriam	我和我奶奶以前也炼过药！！！
12265	objMiriam	哪有这么难！
12266	objMiriam	去你的装模作样的破店！！！
12267	objMiriam	我们自己炼划算多了！！
12268	objSaj	{}||好吧...
12269	objMiriam	我们走，{name}！
12270	objSaj	|那祝你们炼药顺利...
12271	objSaj	力量药水的炼制很容易出错...
12272	objSaj	希望你的朋友知道自己在做什么...
12273	objSaj	如果她真的在行，|其实，#|我挺想和她聊聊的...
12274	objSaj	这里没几个炼药的同好...
12275	objSaj	虽然传统的炼药属于魔法范畴...
12276	objSaj	但|鲁勒人不太相信魔法...
12277	objSaj	所以|我改用化学知识调配...
12278	objSaj	其实|这还让药水效果更好了...
12279	objSaj	药效非常稳定...
12280	objSaj	|你的朋友不是魔法师...|吧？
12281	objSaj	在这用魔法很可能会惹麻烦...
12282	objSaj	|我看到英雄在镇上...
12283	objSaj	对我们炼药师真是个好消息...
12284	objSaj	那位大人应该买得起力量药水...
12285	objSaj	呃...|无意冒犯...
12286	objVivian	{shake}老大！！！{/shake}
12287	objSandra	你回来了！
12289	objVivian	你不在的时候我们一直在保护钱德什。
12290	objSandra	真艰难啊！
12291	objSandra	怪物群越来越凶残...
12292	objVivian	对一般的老巫师可能|很艰难！
12293	objVivian	{shake}但对我们来说不是问题！！！{/shake}
12294	objSandra	不，|有一说一|确实很难！
12295	objVivian	好吧确实有点难度。
12296	objSandra	但|突然间...
12297	objSandra	它们全都...||消失了！
12298	objSandra	简直是奇迹！
12299	objVivian	肯定是被我们打怕了！
12300	objSandra	我觉得|发生了什么特别的事。
12301	objSandra	我们听到了你的声音，#从很远|很远的地方传来...
12302	objSandra	好吧，|不只是声音。
12303	objVivian	是某种强大的力量！
12304	objVivian	无数种声音同时唱响！
12305	objVivian	就像你给国王王后唱的那首歌...
12306	objVivian	我们就知道是你，|老大！
12307	objSandra	突然间，|所有人都跟着唱歌！
12308	objSandra	那种|力量感...
12309	objVivian	哦对！
12310	objVivian	你提醒我了。
12311	objVivian	你唱歌|||其实很好听啊，桑！
12312	objSandra	哦！||...|谢谢！
12313	objSandra	看来战争要结束了。
12314	objSandra	也许钱德什再也不需要守护者了...
12315	objVivian	对！||是这样！
12316	objVivian	我们在考虑摘下面具退休。
12317	objSandra	我准备好回归普通巫师生活了...
12318	objVivian	我还没准备好！
12319	objVivian	我们可以在家乡打击犯罪！！
12320	objVivian	但没有你，桑，我做不到...
12321	objSandra	别这么说！
12322	objSanta	...
12323	objSanta	没想到啊...
12324	objSanta	这么多年来...
12325	objSanta	我一直追寻的那个梦想...
12326	objSanta	原来从未真正实现过。
12327	objSanta	||这是个艰难的决定...
12328	objSanta	可能是时候
12329	objSanta	休息一下了...
12330	objSanta	你们走吧。
12331	objSanta	我要在这里好好想一想。
12332	objSanta	我很生气，|但也松了一口气。
12333	objSanta	愤怒于自己制造的玩具无法带来欢乐...
12334	objSanta	却也欣慰有人愿以真相对待。
12335	objSanta	我必须深刻反思自己在做什么。
12336	objSanta	所以||-吼|-吼...
12337	objSanta	{wiggle}就是你们{/wiggle}|扰乱了我的工厂。
12339	objSanta	我对你们||太失望了！
12340	objSanta	每一个在这里工作的人...
12341	objSanta	都是我们大家庭中的一员。
12342	objSanta	你们为何要背弃这个家庭？
12343	objBard	||因为...
12344	objBard	我们想让你关掉它！
12345	objSanta	...关掉...||工厂？
12346	objBard	对！
12347	objSanta	...
12348	objSanta	你怎么敢||说这种话！
12349	objSanta	自从我创立这家企业...
12350	objSanta	我就夜以继日|为人们制造快乐！
12352	objSanta	而快乐孩子是我最伟大的作品！
12353	objSanta	这是最棒的玩具！
12354	objSanta	能让每个人||绽放笑容！
12355	objSanta	为何你们要...
12356	objSanta	夺走这份美好...？
12357	objSanta	你们讨厌快乐吗？！
12358	npcs[whiner]	如果你觉得快乐孩子能带来快乐...
12359	npcs[whiner]	那...|| {shake}{quake}你根本不懂什么是快乐！！！{/shake}
12360	npcs[balalaika]	整座城市都因工厂受苦...
12361	npcs[whiner]	又大|，又吵|，又难闻...
12362	npcs[boxer]	根本没人喜欢快乐孩子！
12363	npcs[boxer]	那就是个玩具！
12364	npcs[strong]	但我们这辈子都在制造它！
12365	npcs[strong]	它带不来半点欢乐！
12367	objBard	不！！！
12368	objBard	如果你觉得快乐孩子能带来快乐...
12369	objBard	那...||你根本不懂什么是快乐！
12370	objBard	整座城市都因工厂受苦......
12371	objBard	又大|，又吵|，又难闻...
12372	objBard	根本没人喜欢快乐孩子！
12373	objBard	那就是个玩具！
12374	objBard	但人们一辈子都在制造它！
12375	objBard	它带不来|{wiggle}半点欢乐！{/wiggle}
12376	objSanta	...|噢...
12378	objSanta	...
12379	objSanta	好了。
12380	objBard	什...？
12381	objSanta	工厂关停了。
12382	objBard	就|这样...？
12383	objSanta	我毕生所追求的#|不过是给人们带来快乐。
12384	objSanta	我以为快乐孩子就是最终答案...
12385	objSanta	|||看来我错了...
12386	objSanta	也许，|我不在的这段时间，#|世界已经变了...
12387	objSanta	或者是我变了...
12388	objSanta	但不论如何，
12389	objSanta	既然我的工厂已经失去了存在的价值，
12390	objSanta	|我必须重新考虑它的意义...
12391	objBard	...
12393	objSanta	你们所有人...
12394	objSanta	从你们来时的路回去吧。
12395	objSanta	|我有很多东西要思考...
12541	objSavita	这地方烂透了。
12542	objSavita	我好想念夏天城啊...
12543	objSavita	现在却被困在这儿...
12544	objSavita	只有爷爷和我们的亲宠陪着...
12545	objSavita	{shake .5}唉...
12546	objSavita	我之前没见过巫师。
12547	objSavita	你会变魔法吗？
12548	objBard	噢，|我|不是巫师！
12549	objBard	不过我朋友米莉安是。
12550	objSavita	那她会变魔法吗？
12551	objBard	{size .7}我感觉如果这么问她|她会气死。
12552	objSavita	巫师都是什么样的？
12553	objBard	这个嘛，|米莉安|总是凶巴巴的。
12554	objBard	但她超酷的！
12555	objBard	她还单挑过英雄呢！
12556	objSavita	所以她很凶|还和英雄打架？
12557	objSavita	难怪大家都讨厌巫师...
12558	objBard	等等，|我不是这个意思！
12559	objSavita	哦，|好吧。
12560	objSayali	啊
12561	objSayali	抱歉刚刚没注意到你...
12562	objSayali	我在...||赶论文...
12563	objSayali	每天两点一线，
12564	objSayali	从宿舍到图书馆，
12565	objSayali	从早到晚，
12566	objSayali	永无止境...
12567	objSayali	渐渐地...
12568	objSayali	连如何...
12569	objSayali	像|正常人那样...
12570	objSayali	交流||都忘了...
12571	objSayali	我的研究方向是魔法的差异性...
12572	objSayali	相同的魔法被不同的施法者使用，
12573	objSayali	也会产生截然不同的效果...
12574	objSayali	但我现在焦头烂额，|因为...
12575	objSayali	我完全找不到是什么导致这种情况...
12576	objSayali	我的答辩完蛋了...
12577	objSayali	这学院对我意义重大...
12578	objSayali	我从小就梦想有一天能考上这里...
12579	objSayali	我幻想过无数次...
12580	objSayali	而当我真正踏入此地，
12581	objSayali	我满心希望发表出颠覆性的论文...
12582	objSayali	真正|{wiggle}突破{/wiggle}|人们的认知...
12583	objSayali	但现实让人寸步难行...
12584	objSayali	现在我只求能顺利毕业...
12585	objSeal	{color red}0
12586	objBard	哦。||锁上了！
12587	objSecretboatroom	打|{wiggle}扰{/wiggle}一下！！！
12588	objSecretboatroom	那间房是给一个非常重要的，
12589	objSecretboatroom	这艘船上的{shake .5}V||-I|-|P{}||嘉宾！！！
12590	objSecretboatroom	请勿打扰！
12591	objSecretboatroom	闯进陌生房间前请三思！
12592	objBard	{size .6}（但这很有趣...）
12593	objMiriam	哇。
12594	objMiriam	真是一帮傻瓜。
12595	objMiriam	我们继续吧。
12596	objMiriam	趁他们没回来...
12597	objMiriam	|嘿...
12598	objMiriam	...那看起来像{glitch .35}什么东西！
12599	objBard	{shake}啊啊！！！{/shake}
12600	objMiriam	哇啊！！！
12601	objMiriam	...|它在你脸上！
12602	objBard	{shake}我知道！！！{/shake}
12603	objMiriam	做点||什么！！！
12604	objMiriam	我可以试着用魔法打它...
12605	objMiriam	...|但我可能会伤到你...
12606	objMiriam	天，|它真的拼命了！
12607	objMiriam	唉！
12608	objMiriam	也许你应该试试唱歌？
12609	objMiriam	...
12610	objMiriam	你这就要放弃了吗？
12611	objMiriam	你应该试试唱歌。
12612	objMiriam	...
12613	objMiriam	好的...
12614	objMiriam	我真不知道该说什么了。
12615	objMiriam	你真的应该试试唱歌。
12616	objMiriam	...
12617	objBard	！
12618	objBard	它不喜欢那样！
12619	objMiriam	{size .7}（我早就说过了...）{/size}
12620	objBard	我当时吓坏了！
12621	objBard	但我想其实没那么糟。
12622	objMiriam	是啊，它只是个小家伙。
12623	objMiriam	我想知道它从哪来的...？
12624	objMiriam	哦。
12625	objMiriam	我们逃命吧。
12626	objBard	我们唱歌吧！
12627	objMiriam	{shake .5}什么...{}
12628	objBard	刚刚有用！||对吧？
12629	objBard	我们必须穿过森林去见国王！
12630	objBard	所以|我们必须试试...
12631	objMiriam	你知道吗...
12632	objMiriam	当然。
12633	objMiriam	随你便。
12634	objBard	...大家都去哪了...？
12635	objShiro	{shake .5}钱德什人真疯狂！{/shake}
12636	objShiro	听我说，|年轻人。|我曾娶过一个！
12637	objShiro	他们学了各种怪异的魔法...
12638	objShiro	{shake .7}别||相信他们！！！{/shake}
12639	objShiro	我以前头发浓密！
12640	objShiro	但当我的钱德什妻子离开时，#她带走了我的一切...
12641	objShiro	靠着她的|{shake .5}魔法！！！{/shake}
12642	objShiro	他们就是那种怪人，|年轻人！
12643	objShiro	他们会为任何小事使用魔法！
12644	objShiro	你问我，|这场战争已经#持续了太多，|太多年了...
12645	objShiro	这些巫师早就该被我们打垮了！
12646	objShiro	战争，||真的是很可怕的东西。
12647	objShiro	但总得有人去对抗那里的邪恶！
12648	m1	{size 1.5}{background #180431}{color #FFC86B}（感觉太怪了...）
12649	m1	（骑着别人的扫帚...）
12650	m1	{size 1}*小声嘀咕*
12651	objBard	你想帮忙推翻工厂吗？
12652	objSiobhan	天哪！||这是什么问题！
12653	objSiobhan	但我现在忙着处理邮件，#|你也看得到...
12654	objSiobhan	抱歉让你的梦想|打水{wiggle}票{/wiggle}||啦！
12655	objSiobhan	希望你不要太伤|{wiggle}信{/wiggle}||！
12656	objBard	...
12657	objSiobhan	所以工厂关停了...
12658	objSiobhan	但总会有邮件的！！
12659	objSiobhan	我猜圣诞镇|{wiggle}到递{/wiggle}|还是解脱了，呼呼！
12660	objSiobhan	嗨呀贝丝！
12661	objSiobhan	很{wiggle}刀{/wiggle}兴||见到你！
12662	objSiobhan	看，|这是个笑话，|因为刀听起来像高
12663	objBeth	我听懂了。
12664	objSiobhan	这种天气可得裹紧了！
12665	objSiobhan	你可不想...||{wiggle}咖啡{/wiggle}一声打个大喷嚏！
12666	objBeth	嗯。
12667	objBeth	邮件怎么样了？
12668	objSiobhan	很忙！|我的任务可是|{wiggle}盘{/wiggle}根错节呀|，呼！
12669	objBeth	...
12670	objBeth	{size .8}艾娅|之弦啊...
12671	objSiobhan	哦！||{wiggle}冰糕{/wiggle}兴见到你！
12672	objSiobhan	外面挺冷的，|是吧？
12673	objSiobhan	我负责确保每个人都收到邮件。
12674	objSiobhan	无论晴雨，我都会如|{wiggle}雪{/wiggle}|而至，一日不差！
12675	objSiobhan	我绝不会...||任{wiggle}邮{/wiggle}|失误发生！
12676	objSiobhan	因为我没那么|{wiggle}飘{/wiggle}！
12677	objSiobhan	{size .7}（好吧，我会|||{wiggle}冷{/wiggle}|静点，不玩双关了）。
12678	objSiobhan	人人都是批评家。
12679	objSiobhan	...
12680	objSiobhan	自以为是|{wiggle}砖{/wiggle}|家...
12681	objSiobhan	我想我只是在|突破{wiggle}寄{/wiggle}限！
12682	objSiobhan	你知道，|这里一直很冷，|但工厂让这里更冷了！
12683	objSiobhan	雾霾遮住了太阳...
12684	objSiobhan	这真是|{wiggle}天{/wiggle}|大的麻烦！
12685	objSiobhan	既然它关停了...|你觉得他们会把资产|{wiggle}冻结{/wiggle}|吗？
12686	objSiobhan	{size .7}...|太多了吗？
12687	objSiobhan	呵呵，|我会因为说话罪行被|{wiggle}乐{/wiggle}令禁止吗？
12688	objSiobhan	我就是停不下来...
12689	objSophie	巫师是这个星球上最虚伪、#|无聊||烦人的人。
12690	objSophie	如果你问我。
12691	objSophie	我并不为成为他们中一员而自豪。
12692	objSophie	而且我们天生有这么奇怪的发色...
12693	objSophie	粉色，|绿色，|青色...？|||呸。
12694	objSophie	我喜欢正常人的发色。
12695	objSophie	我想从我现在的发色就能看出来。
12696	objSophie	我不太明白为什么会有战争。
12697	objSophie	比如说，|鲁勒有什么问题？#||他们做了什么吗？
12698	objSophie	他们在我看来挺不错的。
12699	objSophie	我又懂什么呢。
12700	objSophie	我长大后想搬出去。
12701	objSophie	绝对不去学院。
12702	objSophie	我会去海的另一边。
12703	objSophie	或者我甚至|会去鲁勒。
12704	objSophie	在一个陌生的新地方开始新生活...
12705	objSophie	那听起来||有点令人兴奋...
12706	objAngel	{angel}哦，嘿！
12707	objAngel	小诗！！！
12708	objMiriam	{}{size 1.2}这是谁
12709	objAngel	{angel}哦，你知道啦
12710	objAngel	只是个老朋友
12711	objBard	{}{size 1.2}她和英雄是同谋！
12712	objMiriam	同谋，|是吧？
12713	objAngel	{angel}小诗...|我和{shake .5}每|一|个|人{/shake}都是同谋
12714	objAngel	你们都是我特别的小伙伴
12715	objAngel	我不偏袒谁
12716	objMiriam	{}{size 1.2}...
12717	objMiriam	{size .9}我不喜欢她...
12718	objBard	{}{size 1.2}这里发生了什么？
12719	objAngel	{angel}一场激烈的战斗！！！
12720	objAngel	|我指的是奥黛丽和一些怪物之间
12721	objAngel	我和奥黛丽还是很酷的哈哈
12722	objAngel	那|{shake .5}太疯狂了！{/shake}
12723	objAngel	怪物们全是一通乱叫，|呜哇呜哇哇哇！！！
12724	objAngel	而奥黛丽就像...|啪嗒！|电击！||轰-|{shake}砰！！！{/shake}
12725	objMiriam	{}{size 1.2}...
12726	objBard	{}{size 1.2}...
12727	objAngel	{angel}{size .9}她真是|太酷了
12728	objAngel	{size 1.2}她给这座城市争取了很多时间
12729	objAngel	我想他们现在正和她一起庆祝
12730	objMiriam	{}{size 1.2}哦，真棒啊
12731	objMiriam	{}{size 1.2}所以|{shake .7}她{/shake}|在这...
12733	objAngel	{angel}现在你们可以一起多玩玩了！
12734	objBard	{}{size 1.2}我觉得我不想再见她了...
12735	objMiriam	她坏透了！
12736	objAngel	{angel}...
12737	objAngel	她|真的没那么坏！
12738	objAngel	至少你了解她之后
12739	objAngel	不过好吧我先走了
12740	objAngel	我刚刚在这里发呆
12741	objAngel	没想到会见到你
12742	objAngel	嗯，但祝你好运！
12743	objAngel	关于整个||地球之歌这件事！
12744	objAngel	0
12745	objAngel	{angel}嘿，小吟游诗人
12746	objBard	{}你一直在||跟着我吗？
12747	objAngel	{angel}呵呵没有哦
12748	objAngel	我其实一直很忙的
12749	objAngel	但在你身上我可不忙;)
12750	objBard	{}忙着干什么？
12751	objAngel	{angel}不关你事啦！
12752	objAngel	所以那个手风琴手...
12753	objAngel	你想帮助TA，对吧？
12754	objBard	{}我想！
12755	objSpirit1goddess	{angel}你知道你要干什么吗？{}{background black}
12756	objBard	我|没|主|意。
12757	objBard	我|有|个|主|意！
12758	objAngel	{angel}好吧
12759	objAngel	你记得你现在可以和幽灵交流，|对吧？
12760	objBard	{}...
12761	objBard	哦对。
12762	objAngel	{angel}好啦，|就这样
12763	objAngel	{angel}你能行的！
12764	objAngel	0
12765	objBard	{}真不敢相信||那个家伙！！！
12766	objAngel	{angel}很抱歉，|小吟游诗人
12770	objBard	{}我真的该放弃吗...？
12771	objAngel	{angel}{speed 1.5}不！
12772	objAngel	{speed .7}好吧
12773	objAngel	{speed 1.5}我的意思是
12774	objAngel	你可以
12775	objAngel	但是
12776	objAngel	{speed .1}我相信你，|小吟游诗人
12777	objAngel	我之前其实不太相信
12778	objAngel	但现在，看见你的决心
12779	objAngel	我相信了
12780	objAngel	我觉得你真的能唱出地球之歌
12781	objBard	{}但怎么做呢？
12782	objBard	如果统领不帮我...
12783	objAngel	{angel}还有六位
12784	objAngel	每一位都掌握着一部分
12786	objAngel	所以也许，
12787	objAngel	去他的
12788	objAngel	我们去找其他统领吧。
12789	objBard	{}...
12790	objBard	哪里？
12791	objAngel	{angel}{speed .2}*耸肩！*
12793	objAngel	{speed 1}一步步来|，知道吗？
12794	objAngel	得先处理好你家里的那些幽灵
12795	objAngel	好，我先走了
12796	objAngel	出口的树在你左边
12797	objAngel	保重
12798	objAngel	{angel}0
12799	objAngel	{}{angel}欢迎来到灵界
12800	objAngel	你来得挺快的，|小吟游诗人...
12801	objAngel	我就知道你很特别！
12802	objBard	{}我记得你！！！
12804	objBard	你在这里做什么？
12805	objAngel	{}{angel}我传达了我的信息，所以
12806	objAngel	只是在你的世界里游荡
12807	objAngel	间接感受着艾娅对万物无条件的爱
12808	objAngel	之类的东西
12809	objBard	{}所以...
12810	objBard	你...|是真实的吗？
12811	objAngel	{angel}呃
12812	objAngel	是？
12813	objAngel	差不多是
12814	objBard	{}世界要终结了？
12815	objAngel	{angel}...||是的
12816	objBard	{}我们该怎么阻止它？
12817	objAngel	{angel}阻止什么
12818	objBard	{}我们怎么才能阻止世界末日？？？
12819	objAngel	{angel}唯一有可能||{shake .5}阻止{/shake}|||它的事情是...
12820	objAngel	有人唱出||地球之歌
12821	objBard	{}就这样？？？
12822	objBard	我能做到！
12823	objBard	怎么唱？
12824	objAngel	{angel}哦天呐，那可
12825	objAngel	没||那么简单
12826	objAngel	地球之歌没有旋律
12827	objAngel	它承载着这个星球上所有生命的共同意志
12828	objAngel	这是件很复杂的事
12829	objBard	{}好吧...|我怎么才能学会它？
12834	objAngel	{angel}去找这里的统领...
12835	objAngel	在大城堡里
12836	objAngel	你不会错过的
12837	objBard	{}就像个任务！
12838	objAngel	{angel}呵呵，是的
12839	objAngel	祝你好运，小吟游诗人
12840	objAngel	0
12841	objAngel	{angel}0
12842	objSteve	嘿。
12843	objSteve	我就搁这坐着了。||有事吗？
12844	objSteve	所有人都整天吹捧什么英雄大人。
12845	objSteve	关我啥事，||我懒得问。
12846	objSteve	一旦哪个人这么受欢迎...
12847	objSteve	准有黑幕，|懂不？
12848	objSteve	哪有人能|{wiggle}那么{/wiggle}|完美，||铁是个骗子。
12849	objSteve	绝对的。
12850	objSteve	她要真那么英雄，|早该结束这该死的战争了。
12851	objSteve	结果却没完没了没完没了...
12852	objSteve	没完没了没完没了...
12853	objSteve	谁有那么多时间听废话？
12854	objSteve	我要好好享受我的地盘了。
12855	objStray	{color red}0
12856	objStray	{color red}0
12857	objBard	{}{font 2}...
12858	objBard	我猜你不想推翻工厂，|是吗？
12859	objStray	{color red}0
12860	objBard	你想推翻工厂吗？
12861	objStrongman	{shake}不！！！{/shake}||我的肌肉在拒绝！
12862	objStrongman	没了工厂这座城市就失去了灵魂！
12863	objStrongman	我要一直在那工作...
12864	objStrongman	直到我成为下一个男爵！！||哈啊！
12865	objStrongman	{quake}{shake .5}嚯！{/shake}||我的肌肉因工厂劳动而震颤...
12866	objStrongman	太酸爽啦！！！
12867	objStrongman	努力劳动才能成就真男人！
12868	objStrongman	工厂一开始就是家小玩具店！
12869	objStrongman	但后来...||{quake}{shake}哈啊！{/shake}
12870	objStrongman	男爵把它发展壮大了！
12871	objStrongman	他肯定是城里最强壮的男人...
12872	objStrongman	{shake}{quake}嚯哦哦哦哦哦！{/shake}
12873	objStrongman	|||胳膊有点酸...
12874	objStrongman	{quake}{shake .5}嚯哦哦！{/shake}
12875	objStrongman	艰苦的一天从健康的早餐开始！
12876	objStrongman	还有比这更好的事吗？
12877	objStrongman	我准备好在工厂里度过新的一天了！
12878	objStrongman	{quake}{shake}哈啊啊！{/shake}
12879	objStrongman	...
12880	objStrongman	|||日复一日在工厂工作...
12881	objStrongman	有时||也会厌倦。
12882	objStrongman	{shake}{quake}嚯哦哦哦哦哦！{/shake}
12883	objStrongman	工厂停工了我也要保持状态！
12884	objStrongman	我有预感，#全新的建设即将到来！
12885	objStrongman	既然男爵能造就如此伟大的工厂，
12886	objStrongman	那|{shake .3}现在|轮到|我了！{/shake}
12887	objStrongman	哈|{shake .5}哈哈！{/shake}||我现在充满激情！！
12888	objStrongman	补充，
12889	objStrongman	我的意思不是男爵徒手建造了工厂。
12890	objStrongman	我是说他的力量...|源于内在！||#{shake .4}和他的{quake}商业头脑！{/shake}
12891	objStrongman	力量不仅仅来自肌肉！
12892	objSue	我单身够了。
12893	objSue	怎么就没人愿意跟我约会呢？
12894	objSue	我有很多很棒的||约会|品质。
12895	objSue	比如说，
12896	objSue	举个例子...
12897	objSue	我有一次一小时吃了20个热狗。
12898	objSue	你怎么一直找我搭话？
12899	objSue	难道你...||要和我约会？
12900	objBard	呃
12901	objBard	不...
12902	objBard	嗯|其|实|是|的
12903	objSue	好|吧|。
12904	objSue	哦豁，||当真？
12905	objBard	当然！
12906	objBard	我猜你大概...|||2|||7||岁了？
12907	objBard	是|||这么||约会|吗？
12908	objSue	不是。
12909	objSue	我一个人去看了你的演出。
12910	objSue	但我在那里...
12911	objSue	与这个男孩对视了。
12912	objSue	然后...||这有点颠覆了我的世界。
12913	objSue	噢|...||你想知道更多细节？
12914	objSue	我|||自己都说不准是什么感觉。
12915	objSue	但我给他写了首小曲。
12916	objSue	我不好意思唱得太大声，
12917	objSue	但我可以...||悄悄唱出来...
12918	objSue	{wiggle}{size .65}{color #888888}黄|发|男孩，||顶着大大脑袋...
12919	objSue	即使我是忧郁蓝调，||我心依旧炽热如火...
12920	objSue	如|-如果...||你靠得很近很近我就唱给你听。
12921	objSue	{wiggle}{size .65}{color #888888}黄|发|男孩，||顶着大大脑袋...
12922	objSue	即使我是忧郁蓝调，||我心依旧炽热如火...
12923	objSue	你要是想知道旋律...#|你可得站的离我非常非常近...
12924	objSue	哇哦，||他真的很懂音乐。
12925	objSue	他简直就是#||完美又炫酷|的男朋友。
12926	objSue	我现在还满脑子这个男孩。
12927	objSue	他||真的|很爱说话。
12928	objSue	|||...没错，||他...
12929	objSue	还在说。
12930	objSue	...
12931	objSue	我...
12932	objSue	我| {quake}{shake .7}受不了了！！！{/shake}
12933	objSue	你张口闭口都是音乐！！
12934	objSue	虽然|你懂这么多挺酷的...
12935	objSue	但|我写这首歌是因为||我喜欢你！
12936	objSue	我以为你也喜欢我...
12937	objFrederick	但是！|||我...|| {shake}确实是啊！{/shake}
12938	objSue	{shake}...
12939	objFrederick	{shake}...
12940	objSue	你要真的喜欢我...
12941	objSue	{quake}{shake .5}为什么不直接说啊？？
12942	objFrederick	表达喜欢...||{shake .5}太可怕了！{/shake}
12943	objFrederick	埋怨不喜欢的东西可简单多了...
12944	objSue	这太蠢了。
12945	objSue	你要是永远当个{quake}挑刺的蠢蛋，#||那我们永远没戏！
12946	objFrederick	|||我|会尽力的！
12947	objFrederick	从今往后不这么苛刻。
12948	objFrederick	为了你！
12949	objSue	好吧，|也许人真的是会变的。
12950	objSue	毕竟弗雷德里克真的太酷了。
12951	objSue	能遇见他真好...
12952	objSue	我讨厌单身。
12953	objSue	但谈恋爱时间长了也会腻...
12954	objSue	倒不是说我厌倦了，
12955	objSue	只是没有想象中那么特别。
12956	objSue	但没关系啦。
12957	objSue	弗雷德里克值得。
12958	objSue	我想我终于得到了想要的东西。
12959	objSue	{shake .4}啊啊啊啊{/shake}嘘嘘嘘嘘！！！！
12960	objSue	对的那是我的歌。
12961	objSue	你不用唱那么大声...
12962	objSue	{size .7}要是被||{shake .8}他{/shake}听见|我都不知道该怎么办...
12963	objSunfairy	嗨呀。
12964	objSunfairy	最近怎样？
12965	objSunfairy	谢谢你把我和月光从灵界捞出来。
12966	objSunfairy	我们在这经历了不少炫酷的冒险。
12967	objSunfairy	月光还在为失去统领伤心。
12968	objSunfairy	我倒无所谓啦。
12969	objSunfairy	日之王本来就不太正常。
12970	objSunfairy	可能对我来说更明显吧。
12971	objSunfairy	毕竟他|把我关笼子里什么的。
12972	objSunfairy	我猜梦之王也疯得差不多了。
12973	objSunfairy	真可惜。
12974	objSunfairy	他彻底变成怪物只是时间问题。
12975	objSunfairy	嗯...
12976	objSunfairy	毕竟这就是自然规律。
12977	objVivian	{shake}{quake}嘿！{/shake}||你能对付这些东西吗？？
12978	objBard	|||呃...||我会唱歌...
12979	objVivian	那|{shake}{quake}{anim sprVivian_pose}太好了！！！{/shake}
12980	objVivian	欢迎入队！
12981	objVivian	帮帮我们处理这家伙！
12982	objBard	你们要...|||杀了它？
12983	objSandra	{size 1}什么！！！
12984	objSandra	杀它？|我们...
12985	objSandra	|都不确定它是不是...||活物！
12990	objVivian	但我们得保护森林不被它毁掉！！
12991	objVivian	你要不帮忙...
12992	objVivian	就{quake}{shake .3}别挡路！！！
12993	objSweep	工厂停工了，|你晓得不！
12994	objSweep	圣诞镇要换新天了！|我有感觉！
12995	objSweep	又能呼吸到外头的空气了，|咱可高兴了！
12996	objSweep	嗨呀贝丝！||跟之前一样。
12997	objBeth	老样子。
12998	objSweep	那个天文学家昨晚又来啦？
12999	objBeth	嗯哼，|||老样子。
13000	objBeth	老样子。
13001	objBeth	老样子...
13002	objBeth	老...
13003	objBeth	...
13004	objSweep	...
13005	objSweep	那个天文学小妹神神秘秘的，|你晓得不...
13006	objSweep	这么重的雾霾她到底能看见啥？
13007	objSweep	那个天文学小妹肯定高兴坏了！
13008	objSweep	雾霾终于散干净了...|她又能看星星了！
13009	objBeth	鬼知道。
13010	objBeth	我就是个接单的。
13011	objBeth	外边天气咋样？
13012	objSweep	啊？|嗨，||就那样呗...
13013	objSweep	冻得慌。
13014	objBeth	是啊。
13015	objSweep	嗨呀|您好啊！
13016	objSweep	咱就是个扫大街的，|晓得不！
13017	objSweep	这天儿可冷啦，|是吧？
13018	objSweep	在外头记得把手揣好啊！
13019	objSweep	咱是工厂扩建那会搬来的，#|跟大伙一样。
13020	objSweep	人越多大街越难扫，|你晓得不！
13021	objSweep	嗨呀|您好啊！
13022	objSweep	咱就是个扫大街的，|晓得不！
13023	objSweep	天天像咱这样熬大夜，#|啥怪事都能见着！
13024	objSweep	像那个外乡来的天文学小妹，|你看？
13025	objSweep	她每天半夜12点准时去贝丝饭店！
13026	objSweep	也只能在那个点在镇子里瞧见她了，|你晓得不...
13027	objSweep	真奇怪她咋天天熬这么晚...
13028	objSweep	她又没空跟人唠嗑，|晓得不！
13029	objSweep	她眼里只有望远镜...||和贝丝饭店。
13030	objSweep	哟嗨！||我正扫着呢...
13031	objSweep	值大夜班呢！
13032	objSweep	看来您也睡不着|哈？
13033	objSweep	扫大街其实挺解压的，|你晓得不！
13034	objSweep	烦心事都能给扫走。
13035	objSweep	这扫帚扫一扫啊，#城市就又干净一点...
13036	objSweep	哎呦不好意思！|挡您的道啦？
13037	objSweep	咱这就让道...
13038	objSweep	哟，晚上好...
13039	objSweep	照例夜扫呐！
13040	objSweep	咱们夜猫子简直是心有灵犀，|是吧？
13041	objSweep	你见过那个天文学小妹没？
13042	objSweep	她天天半夜到凌晨5点都待在贝丝饭店，|每晚都是...
13043	objSweep	我没跟她搭过话，#|但碰面时都会给她使眼色！
13044	objSweep	扫大街其实挺解压的，|你晓得不！
13045	objSweep	烦心事都能给扫走。
13046	objSweep	这扫帚扫一扫啊，#城市就又干净一点...
13047	objSweep	要见着天文学小妹记得替我问个好啊！
13048	objSweep	她每天|从半夜到凌晨5点#|都在贝丝饭店，|你晓得不...
13049	objSweep	准得跟钟表似的！
13050	objSydney	别和别人说啊，#|我其实是离家出走的...
13051	objSydney	我从小就梦想航海环游世界。
13052	objSydney	但大人都当我是小孩开玩笑。
13053	objSydney	所以我自己偷溜出来了。
13054	objSydney	我老家可看不到这些新奇玩意。
13055	objSydney	异域风情！||我超爱这里。
13056	objSydney	||但我爸妈可能快急死了。
13057	objSydney	我确实有点想家。
13058	objSydney	偷跑上货船睡货仓，#可太刺激啦。
13059	objSydney	但有时候||也挺寂寞的。
13060	objSydney	太容易的冒险哪能算冒险呢，|是吧？
13061	objSydney	我总有一天会回家啦。
13062	objTanya	贝丝，|贝丝，| {wiggle}贝贝贝丝！{/wiggle}
13063	objTanya	最||近||怎|{wiggle}样{/wiggle}|呀？
13064	objBeth	...
13065	objBeth	还不赖。
13066	objTanya	{wiggle}怎么样？{/wiggle}||有什么新鲜事不？
13067	objBeth	嗯||，{wiggle}有人{/wiggle}|最近在疯狂砸盘子。
13068	objTanya	{size .7}...哦。{}
13069	objBard	对不起！！！
13071	objBeth	对了，|屋顶上那家伙最近给自己找了个女朋友。
13072	objTanya	{shake .5}{quake}嘎啊|啊|啊|啊|啊||啊！！！{/shake}|||真的假的...
13073	objBeth	大概可能|，差不多吧。
13074	objBeth	他们大概晚上9点会出来溜达。
13075	objBeth	那姑娘是新来的，||没人认识她。
13076	objTanya	真想不到||还能有这一天...
13078	objBeth	听说那个紫色的牢骚鬼开始照顾镇上的流浪狗了。
13079	objTanya	{shake .5}{wiggle}什什什什么！{/shake}{/wiggle}|||真的假的...
13080	objTanya	那小混混这辈子都没关心过任何事，|贝丝！
13081	objBeth	反正我是这么听说的。
13083	objBeth	好吧，|那个外地的天文学家好像有什么计划。
13084	objBeth	搞些|{wiggle}大动作{/wiggle}。
13085	objTanya	{wiggle}计划？{/wiggle}||你什么意思，|贝丝？
13086	objBeth	她打算推翻工厂。
13087	objTanya	{shake}什什什什什什么？？？{/shake}|||说什么胡话！
13088	objBeth	反正我是这么听说的。
13090	objTanya	工厂那帮人说镇上来了个新工人...
13091	objTanya	在锅炉干活的，#||听说是个怪人。
13092	objBeth	工厂规模越来越大了啊，|哈...
13094	objBeth	我听说那个天文学家马上就要动手搞垮工厂了。
13095	objTanya	{shake}什什什什什什么？？？{/shake}|真不是开玩笑吗？？
13096	objBeth	不像，||她简直疯了。
13097	objTanya	这...|挺吓人的，|是吧？
13098	objTanya	工厂要是没了会怎么样？
13099	objBeth	不知道。
13100	objBeth	但我还有点想看看呢。
13101	objTanya	你也疯了，|贝丝。
13102	objTanya	还有啥新鲜事不。
13103	objTanya	{wiggle}怎么样？{/wiggle}||有什么新鲜事？
13104	objBeth	没什么特别的。
13105	objBeth	工人们在工作。
13106	objBeth	工厂照常运转。
13107	objTanya	所有人都在给男爵打工，#|以各种各样的方式。
13108	objBeth	各种各样的方式...
13109	objTanya	{wiggle}怎么样？{/wiggle}||有什么新鲜事？
13110	objBeth	这可太多啦，|嘿？
13111	objBeth	谁也不知道工厂停工后会怎么样...
13112	objTanya	我|{shake .5}知道！{/shake}||工厂那帮人都乱成一锅粥了！
13113	objTanya	||还挺刺激的，是吧？
13114	objBeth	上次有人见到男爵是什么时候？
13115	objTanya	噢，||那可是|{wiggle}很久很久{/wiggle}|以前了...
13116	objTanya	感觉他有...||好几年没出过工厂了...
13117	objTanya	连工厂的人都什么都不知道。
13118	objBeth	我整天被困在这里都快疯了。
13119	objBeth	但那家伙...
13120	objTanya	说不定他已经死掉了！
13121	objTanya	我们怎么会知道呢？
13122	objBard	你想推翻工厂吗？
13123	objTanya	{shake}什什什么？？？{/shake}
13124	objTanya	你知道你在说什么吗？？
13125	objTanya	工厂可是这里的一切...
13126	objTanya	圣诞镇要没了工厂就完蛋了！
13127	objTanya	说这话你可得小心点...
13128	objTanya	{wiggle}哎呦你真是个小可爱！{/wiggle}
13129	objTanya	想来点喝的吗宝贝？
13130	objBard	来点...||果汁？
13131	objTanya	...
13132	objTanya	算了。
13133	objTanya	这里的生活压力太大了。
13134	objTanya	大伙累了一天都会来这里放松。
13135	objTanya	好嘛，|除了那个家伙。
13136	objTanya	那个整天哭鼻子的牢骚鬼。
13137	objTanya	我寻思|他这辈子都没干过活。
13138	objTanya	但他还是会来这放松。
13139	objTanya	我真不明白这|{wiggle}懒虫{}|能有什么压力。
13140	objTanya	你见过镇子附近那条流浪狗吗？
13141	objTanya	她每晚都睡在这外头。
13142	objTanya	很可怜吧，|她要有个伴就好了...
13143	objTanya	{wiggle}哎呦你个小甜心！{/wiggle}
13144	objTanya	想来点喝的吗宝贝？
13145	objBard	来点...||果汁？
13146	objTanya	...
13147	objTanya	算了。
13148	objTanya	工厂停工后|那帮工人都乱套了...
13149	objTanya	但也挺好的|，知道吗？大家需要改变了。
13150	objTanya	说不定现在能把精力放在造点真正有用的东西上。
13151	objTanya	只是个建议。
13152	objTanya	你见过工厂产的快乐孩子玩偶没？
13153	objTanya	艾娅保佑啊我|真是||{shake}受够{/shake}|这些破玩偶了！
13154	objTanya	我们这禁止带它们进来。
13155	objTanya	虽然也没人想带。
13156	objTanya	{size .7}我觉得所有人都受不了了...
13157	objTanya	男爵太可怕了！
13158	objTanya	我是说，|都没人见过他...
13159	objTanya	说不定他|{wiggle}毁容了{/wiggle}|，你懂吧？
13160	objTelescopenote	门上有一张纸条...
13161	objTelescopenote	去餐馆了。
13162	objTender	所以...|工厂消失了...
13163	objTender	或许男爵真的改变心意了...
13164	objTender	就像被揭开的帷幕一样，
13165	objTender	地狱般的机器终于停止了轰鸣。
13166	objTender	自由真的那么美好吗？#||我们马上就能看到了...
13167	objTender	不知道男爵现在怎么样了...
13168	objTender	如果他迈出工厂哪怕一步，
13169	objTender	那都是这么多年来的第一次...
13170	objBard	你想推翻工厂吗？
13171	objTender	...
13172	objTender	我早预料到会有人提出这个问题...
13173	objTender	这么说吧。
13174	objTender	工厂或许是邪恶之地。
13175	objTender	但男爵绝非恶人。
13176	objTender	至少，|我所知的他不是。
13177	objTender	建造这座帝国始终是他的梦想。
13178	objTender	...||而我无法反对挚友的愿望。
13179	objTender	这是一座充满哀伤和迷失灵魂的城市。
13180	objTender	他们排着队行进，|如机械般前行。
13181	objTender	能在此见到新面孔，||实属欣喜。
13182	objTender	工厂的齿轮决定了万物的节律。
13183	objTender	昼夜交替时人群如潮汐涨退...
13184	objTender	它是这座城市的命脉。
13185	objTender	有人说工厂的男爵是个恶人。
13186	objTender	但我曾知他善良而温和。
13187	objTender	那已是久远往事...
13188	objTender	...
13189	objTender	...啊。
13190	objTender	空气如此轻快...
13191	objTender	...
13192	objTender	且腐浊...
13193	objTender	我曾与男爵互为挚友...
13194	objTender	当工厂崛起时，他将自己的过往人生尽数割舍。
13195	objTender	如今他应已垂垂老矣。
13196	objTender	白昼，|工人们涌入工厂。
13197	objTender	夜幕，|则来到我的酒馆。
13198	objTender	这便是这座城市钟表般的运行法则。
13199	objTiamo	早安，|公民！
13200	objTiamo	一切安好吗？
13201	objTiamo	在城里发现什么可疑的人或事了吗？
13202	objTiamo	如果有的话请务必来找我...
13203	objTiamo	哪怕是熟人也要上报，|好吗？
13204	objTiamo	军队会保障大家安全的。
13205	objTiamo	所有人都对英雄的到访兴奋不已，|对吧？
13206	objTiamo	就算她没来，||我们也会击退那些怪物。
13207	objTiamo	只是希望你们清楚这一点。
13208	objTiamo	夏天城是全世界最安全的地方。
13209	objTiamo	但当然，我们也很感激她的协助。
13210	objTiamo	我们士兵也对英雄仰慕非常。
13211	objTiamo	我们很乐意与她联手守护城市安全。
13212	objTiamo	...||虽然我还没见过她本人...
13213	objTiamo	但我真的很想见见她。
13214	objTina	你知道我是谁吗？
13215	objTina	我是个正值青春的青少年。
13216	objTina	本该大吵大闹，叛逆不羁的年纪。
13217	objTina	但这破镇子太无聊了...
13218	objTina	连当个充满活力的青少年的劲头都没了。
13219	objTina	等我老了，||可能会感慨，
13220	objTina	我的青春年华全被虚度了。
13221	objTina	一般说这话都是在懊悔自己年轻时的鲁莽。
13222	objTina	但我只会想当年怎会如此沉闷。
13225	objTina	你的演出简直点燃了我的青春之魂。
13226	objTina	我感觉活过来了，|||直接搞起了涂鸦创作。
13227	objTina	我终于活成合格的青少年了，||谢谢你。
13228	objTina	等我老了，||可能会这么感慨，
13229	objTina	我的青春年华全被虚度了，
13230	objTina	懊悔自己年轻时的鲁莽。
13231	objTina	这才对嘛...
13232	objTina	多亏了你啊。
13234	objTownghostboss	{rainbow}{wiggle}{background black}{data_ghostsongstr}
13235	objBard	...关上了...
13236	objTroll	你唱得很好。
13237	objBard	谢谢！
13238	objTroll	但是
13239	objTroll	{shake}{size 1.2}那也治不好我男朋友！！{/shake}
13241	objMiriam	{size 1}{speed .5}那么...
13242	objMiriam	是时候...
13243	objMiriam	该我...
13244	objMiriam	来...
13245	objMiriam	{speed 1}{shake}施展魔法了？？？
13246	objBard	{shake .5}不！！！
13247	objBard	{}你刚才说什么|男朋友？
13248	objTroll	{size 1.2}你们人类中的一个伤害了他！
13249	objMiriam	{size 1}{shake .5}我们？？？{/shake}
13250	objTroll	{size 1.2}嗯...
13251	objTroll	不是...|{wiggle}你{/wiggle}
13252	objTroll	{shake}但肯定是个人类！！
13253	objTroll	{/shake}他们用{wiggle}魔法咒语{/wiggle}诅咒了我男朋友...
13258	objTroll	这太过分了！
13259	objTroll	我们不能让更多像你这样的人进来！
13260	objMiriam	{size 1}嘿！！
13261	objMiriam	{size 1}我们可不是来{wiggle}攻击{/wiggle}你们的！
13262	objMiriam	{size .7}我的意思是，||我本来会的，|||但是...
13263	objBard	{size 1}对你男朋友发生的事我真的很抱歉！！
13264	objBard	如果真的是对他施了咒语...
13265	objBard	你觉得...||唱歌|会有用吗？
13266	objMiriam	什|什|什|||么？？
13267	objMiriam	魔法咒语？||巫师？||你好？
13268	objMiriam	这听起来不更像我的专长吗？
13269	objBard	.........
13273	objTroll	{size 1.2}你是说你会...|||帮我们吗？
13277	objMiriam	呃...
13278	objMiriam	我想是吧。
13279	objTroll	{size 1.2}好吧，|人类们...
13281	objTroll	{size 1.2}我让你们进来。
13283	objMiriam	看起来挺难的。
13284	objMiriam	确定不让我来处理吗？
13285	objBard	{shake}不！！{/shake}||我自己能行！
13286	objBard	这次我会唱得更卖力！！
13287	objTroll	{size 1.2}上来这儿，|人类！
13289	objTroll	{size 1.2}请试着唱歌！
13290	objTroll	{size 1.2}呼吸水晶？
13291	objTroll	它们在你来的路上。
13292	objTroll	沿着水晶往下走...
13293	objTroll	{size 1.2}呼吸水晶看起来很漂亮。
13294	objTroll	我们以前常一起去那里...
13295	objTroll	{size 1.2}...
13296	objTroll	别打扰我们，||人类。
13297	objTroll	{size 1.2}洞穴的另一边很近。
13298	objTroll	现在快离开我们的家吧。
13299	objTroll	{size 1.2}{shake}人类！
13300	objTroll	{size 1.2}{/shake}哦，|只是你啊。
13301	objTroll_friend	{}哎呀，|这不是...
13302	objBard	怪|兽|先生！
13303	objBard	老|朋|友！
13304	objBard	我|可|爱|的#|洞|穴|朋|友！
13305	objTroll	{size 1.2}！
13306	objTroll	你的声音...
13307	objTroll	它...|变了，|不知怎么的。
13308	objTroll	你能...
13309	objTroll	来给我男朋友唱唱歌吗？
13310	objTroll	我知道这听起来很傻...
13311	objTroll	但我有种预感...
13312	objTroll	{size 1.2}那么...|你能解开这个咒语吗？
13313	objMiriam	{size 1}大概|||不能
13316	objBard	什？
13317	objMiriam	这是某个{wiggle}非常强大{/wiggle}的家伙干的...
13318	objMiriam	{size .7}其实，有点吓人
13319	objMiriam	{size 1}连萨菲奶奶都治不好这个。
13320	objTroll	{size 1.2}所以他只能这样被困在这了？
13331	objTroll	{size 1.2}我们早已习惯了人类攻击我们...
13332	objMiriam	{size .7}（是你们先攻击的我们）
13333	objTroll	{size 1.2}{quake}但从未像这样！
13334	objBard	{size 1}嘿...
13335	objBard	{size 1}也许人类和怪物应该停止互相攻击！
13336	objMiriam	{wiggle}哇哦。{/wiggle}|||好主意！
13338	objMiriam	但这位已经被诅咒了。
13339	objMiriam	那我们该怎么办？
13340	objBard	...我不知道。
13341	objTroll	{size 1.2}||{shake}{wiggle}*|叹|气|*{/shake}{/wiggle}
13342	objTroll	我都傻到以为||{wiggle}人类{/wiggle}|会帮忙了。
13343	objBard	{size 1}...
13344	objBard	很抱歉发生了这种事，|怪兽先生！
13345	objTroll	{size 1.2}走吧...
13346	objTroll	{size 1.2}离开我们的家
13349	objTroll_frozen	{size 1.2}哦！||那个人类！
13350	objTroll	那个O|K|人类！
13351	objTroll_frozen	我们遇见了更多O|K|人类。
13352	objTroll_frozen	这个巫师在世界崩溃时保护了我们！
13353	objTroll_frozen	我们开始觉得人类可能还OK。
13354	objTroll	不过才刚开始。
13355	objTroll	他们可能仍然很糟糕。
13356	objTroll_frozen	我觉得他们还OK。
13357	objTroll_frozen	{size 1.2}经历了这些事后，很难原谅。
13358	objTroll	{shake}那{/shake}|个人类...||绝对很糟糕。
13359	objTroll	戴着围巾...
13360	objTroll	还有那把闪电剑...
13361	objBard	{}！
13362	objBard	||我想我知道你说的是谁...
13363	objTroll_frozen	{size 1.2}你|{shake}认识{/shake}|那个人？！
13364	objTroll	他们太糟糕了！
13365	objBard	{}嗯...
13366	objBard	人类其实没那么糟糕！
13367	objBard	我保证。
13368	objBard	或者...||绝对不是|所有人|都那样。
13369	objBard	有时候我们确实很坏。
13370	objBard	但也有好人！
13371	objBard	请别放弃我们！
13376	objTroll_frozen	{size 1.2}再次感谢你，|人类！
13377	objTroll	你该走了。
13378	objTroll	否则你在这儿的时候我们会开始亲热了。
13379	objTroll	你可不想看见那场面。
13380	objTroll_frozen	或者||你{wiggle}想{/wiggle}吗？
13381	objTroll	你不想。
13382	objTroll_frozen	{size 1.2}被困在那个诅咒里...
13383	objTroll_frozen	我还能感知周围发生的事。
13384	objTroll_frozen	但身体无法动弹。
13385	objTroll	听起来很糟糕...
13386	objTroll_frozen	确实如此。
13387	objTroll_frozen	但是...||看到你如此担心...
13388	objTroll_frozen	那让我更难受。
13389	objTroll_frozen	{size 1.2}现在我自由了，
13390	objTroll_frozen	我真的准备好去...
13391	objTroll_frozen	痛快地享受时光了！|呵。
13392	objTroll	天哪。
13393	objTroll	也许我们该让那个人类再诅咒你一次。
13394	objTroll_frozen	哎呀。||我想你了。
13395	objBard	{}我|一|生|默|默|无|闻
13396	objBard	亦|无|人|予|期|望
13397	objBard	{}他|人|言|无|名|歌|手
13398	objBard	即|我|注|定|命|运
13399	objBard	{}但|如|今|末|日|将|近
13400	objBard	我|不|会|再|逃|避
13401	objBard	{}我|虽|身|为|吟|游|诗|人
13402	objBard	亦|有|决|心|证|明
13403	objBard	{}我|想|要|成|为|英|雄
13405	objBard	掌|控|我|的|人|生
13406	objBard	{}我|将|以|歌|声|破|偏|见
13408	objBard	并|扭|转|这|世|间
13409	objTroll	||{quake}{shake . 5}{size 1.2}谢谢你！！！{/shake}
13410	objTroll	当你开始唱那些{wiggle}奇怪符号{/wiggle}的时候||我很担心...
13411	objTroll_frozen	但|{quake}你治愈了我！！
13412	objTroll_frozen	以前没有人类如此尊重我们...
13413	objTroll	我几乎都要说...
13414	objTroll	也许人类其实没那么坏了！
13415	objTroll	不过我现在并不会这么说。
13416	objTroll	人类大多数还是很糟糕。
13417	objTroll_frozen	不过，|你还OK。
13419	objTroll	祝你旅途顺利，||O|K|人类。
13420	objBard	{size .7}（这座桥好诡异...）
13421	objMiriam	{size 1.2}（{shake .5}闭嘴{/shake}！！！）
13422	objMiriam	（怪物可能在|{shake .5}任何地方{/shake}！！）
13423	objMiriam	（可能在睡觉！）
13424	objMiriam	（你想把它吵醒吗？？）
13425	objMiriam	（因为|{shake .5}我{/shake}|绝对不想！！）
13426	objMiriam	（所以你能安静点吗）
13427	objMiriam	（你和你||那张|吟游诗人的嘴！！）
13428	objMiriam	（我们在这不需要那些！！）
13429	objMiriam	{size 1}{shake}呃呃呃啊啊啊啊{/shake}
13430	objMiriam	我真不敢相信||#你竟然把这个蠢怪物吵醒了！
13431	objMiriam	{shake}太棒了{/shake}
13432	objMiriam	看来我得收拾这烂摊子了！
13433	objBard	你打算怎么办？
13434	objMiriam	我是个巫师。||有强大的魔力。
13435	objMiriam	我会用一下。
13436	objBard	那不会伤到它吗？
13437	objMiriam	呃，{wiggle}大概会！{/wiggle}
13438	objMiriam	但本来就该这样！！
13439	objMiriam	怪物攻击，|我们稍微硬碰硬，#|它就会放我们过去...
13442	objBard	让{wiggle}我{/wiggle}来处理吧！！
13443	objMiriam	认真的吗？
13444	objBard	对！！
13445	objMiriam	为什么？？？
13446	objMiriam	这事五秒钟就能解决！
13447	objBard	我想靠近点试着跟它交流！
13448	objMiriam	你猜怎么着？
13449	objMiriam	好啊。
13450	objMiriam	随你便。
13451	objTy	...
13452	objTy	抱歉之前无意冒犯。
13453	objTy	我是鲁勒的士兵...
13454	objTy	我这把剑只会刺在真正的恶徒身上。
13455	objTy	我和我的亲宠会还你安宁的。
13456	objBard	亲宠？||那是什么？
13457	objTy	噢，|你...？
13458	objTy	看来你对这个王国还很陌生。
13459	objTy	他们是我们的动物伙伴。
13460	objTy	每个鲁勒公民都与一只亲宠相伴成长...
13461	objTy	我们士兵数量众多，#而边境是最需要我们的地方。
13462	objTy	在这里要小心，||这里不安全。
13463	objTy	在这里有些孤单，#||没有多少人会来边境。
13464	objTy	这是我忠于国家需要付出的代价。
13465	objTyrone	我看大家都对这个大篷车感兴趣。
13466	objTyrone	我喜欢这的氛围。
13467	objTyrone	我买不起这些自然主题的东西...
13468	objTyrone	但...|这些玩意不是在野外随便就能找到的吗...？
13469	objTyrone	我朋友是个共产主义者。
13470	objTyrone	他经常开会...
13471	objTyrone	但那些活动我也没钱参加。
13472	objTyrone	我可是身无分文。
13473	objTyrone	但是，|人生不是拥有你想要的...
13474	objTyrone	而是珍惜你已有的。
13475	objTyrone	我要好好享受阳光。
13476	objTyrone	顺便提醒大家放轻松...
13477	objTyrone	因为当你失落时，
13478	objTyrone	你除了自己谁都责怪不了。
13479	objTyrone	也许我不是鲁勒的国王。
13480	objTyrone	但我是|我自己的王...
13481	objTyrone	快乐不需要金钱支撑。
13482	objTyrone	毕竟，|看啊，||阳光是免费的。
13484	objUlima	来点糖果吗，|小可爱？
13485	objUlima	都是根据家族秘方制作的哦...
13486	objUlima	我们巫师代代相传的！
13487	objBard	我喜欢糖果！
13488	objUlima	谁不爱呢！
13489	objUlima	尝尝我的干虫肠吧！
13490	objBard	呃...||能给我点，糖果吗？
13491	objUlima	什么？||这|就是|糖果！
13492	objUlima	我的干虫肠可是莫哈布米第一美味！
13493	objUlima	尝尝，尝尝！
13494	objBard	谢谢不用了！
13495	objUlima	如果不喜欢虫肠，
13496	objUlima	要不要试试我的腌虫角？
13497	objBard	巫师真的会吃这种东西？？？
13498	objUlima	我们|{shake}爱死{/shake}|这些东西了。
13499	objUlima	尝尝，尝尝！
13500	objBard	呃。
13501	objUlima	来了莫哈布米却不尝尝特产糖果，
13502	objUlima	简直是白来一趟啊。
13503	objUlima	就试一样！
13504	objUlima	我保证！
13505	objBard	好好好||好吧！！！
13506	objBard	噢！...|嗯！
13507	objBard	还真是挺好吃的！
13508	objUlima	我没骗你吧？
13509	objUlima	这可是热卖款！
13510	objUlima	甜脆蝙蝠片！
13511	objUlima	要不要带点回去？
13512	objBard	哈，不用啦！
13513	objVaruna	噢，|我不是要来这的。
13514	objVaruna	我只是顺路...
13515	objVaruna	给我男朋友送晚餐！！！
13516	objVaruna	我真是个模范鼓励型女友！！！
13517	objVaruna	他最近没日没夜地学习。
13518	objVaruna	他陷进去的时候什么都顾不上。
13520	objVaruna	比如吃饭。
13521	objVaruna	但他从不会忘记我。
13522	objVaruna	等他当上魔导师我们就会结婚。
13523	objVaruna	没错...||简直是梦中的生活！
13524	objVaruna	现在是最艰难的日子。
13525	objVaruna	他要上学，|我要工作。
13526	objVaruna	我们连见面都难。
13527	objVaruna	但总会苦尽甘来的！
13528	objVaruna	有时候我会担心，
13529	objVaruna	战火会蔓延到这里。
13530	objVaruna	如果那时他作为魔导师|被应征入伍了。
13531	objVaruna	我们的幸福生活会灰飞烟灭。
13532	objVaruna	而我能做的只有祈祷。
13533	objVaruna	和对着陌生人倒垃圾。
13534	objVaruna	如果我的牢骚让你尴尬了，对不起！
13535	objVaruna	我就是容易想太多！！！
13536	objViola	重回德尔菲的感觉真棒！
13537	objViola	这里还跟以前一样是个没品味的小破镇...
13538	objViola	但我可是脱胎换骨了！
13539	objViola	我全心全意地投入到了世界级的舞台上。
13540	objViola	像雄鹰一样翱翔！
13541	objViola	回到这里才意识到我已经走了多远。
13542	objViola	我必须再次感谢你...
13543	objViola	把我们乐队聚在一起。
13544	objViola	曼尼虽然外表粗犷，#|但他总能接到演出。
13545	objViola	埃什虽然整天垂头丧气，#|但TA的手风琴就声就像天使在唱歌。
13546	objViola	再加上我...
13547	objViola	我们真是个了不起的团队。
13548	objViola	你以后还会和我们同台演出的，|对吧？
13549	objViola	我们在这里有一个小小的巡回演出。
13550	objViola	重回疯狂渡鸦...
13551	objViola	哦，|真是个圆满的轮回！
13552	objViola	之后？|谁知道呢！
13553	objViola	我现在感觉我们可以去任何地方。
13554	objViola	我确信我们会的。
13555	objBard	你想加入乐队吗？
13556	objViola	和你？
13557	objBard	对！
13558	objBard	还有个叫曼尼的家伙。
13559	objViola	{wiggle}哦{/wiggle}|||...||曼尼，|哈？
13560	objViola	他求我加入乐队已经{wiggle}好{}|久了...
13562	objViola	但是...|如果你也被揽进去了...
13563	objViola	这次说不定真|能|办成，|是吧？
13564	objViola	好吧|.|.|.|||我会和你一起演出的。
13565	objViola	但要让|{anim sprViola_T_T}{wiggle}我{/wiggle}|来和曼尼|谈条件。
13566	objViola	又是你...
13567	objBard	让我和你一起唱嘛！
13568	objViola	行吧，||但这次可得跟上节奏！
13569	objBard	你好呀？
13570	objBard	{size .7}（她在...||无视我）
13571	objViola	我从来没在这么多人面前表演过。
13572	objViola	我的心要跳出来了...
13576	objViola	咖啡厅的演出再也配不上我啦！
13577	objViola	来这么多人也正常。
13578	objViola	他们肯定迫不及待想看我们！
13579	objViola	我们拖得越久，|气氛就越紧张...
13580	objViola	我们别让那些可怜人等太久了。
13581	objViola	这次我必须全力以赴。
13582	objViola	世界上没有比这更奇妙的感觉了...
13583	objViola	曼尼和我谈妥了。
13584	objViola	我要登上真正的舞台了...
13585	objViola	我等这一天很久了。
13586	objViola	这是我一鸣惊人的好机会！
13587	objViola	我希望你在舞台上的表现和在咖啡厅一样出色。
13588	objViola	曼尼虽然外表粗犷...
13589	objViola	但心地善良。
13592	objViola	刚刚演出时有个人朝我抛飞吻...
13593	objViola	好像还喊着什么|“我爱你！”|之类的话。
13594	objViola	我对他来说||就像一位|{wiggle}女神{/wiggle}|...
13595	objViola	看来我们真的做了一些特别的事情。
13596	objViola	我猜曼尼这次真的做到了...
13597	objViola	或许他没我想象的这么糟。
13598	objViola	你要把我丢给曼尼？
13599	objViola	我会想你的。
13602	objViola	真是精彩的演出啊！
13603	objViola	你看见了吗.|.|.？||观众都为我疯狂！
13604	objViola	当然啦，|你们表现也不错。
13605	objViola	这么快就要走了？
13606	objViola	除了我，|||你才是乐队的灵魂...
13607	objViola	||强者总是孤独的。
13608	objViola	...
13609	objViola	下次|{wiggle}加快{/wiggle}|一点节奏，|行吗？
13610	objViola	呵。
13611	objViola	虽然没|{shake .5}完全{}|到达我的水平，|但是...
13612	objViola	还不错。
13613	objBard	你也很厉害！！
13614	objViola	噢！||那个，|{wiggle}谢啦...{/wiggle}
13616	objViola	{}顺便，我叫维奥拉，|很高兴认识你。
13617	objViola	虽然现在身处这个小咖啡厅...
13618	objViola	但总有一天...||我会变成大明星！
13619	objViola	想来随时都可以来欣赏我的演奏哦。
13621	objBard	你想加入乐队吗？
13622	objViola	和你一起？
13623	objBard	对！
13624	objBard	还有个叫曼尼的家伙。
13625	objViola	{wiggle}哦{/wiggle}|||...||曼尼，|哈？
13626	objViola	他求我加入乐队已经{wiggle}好{}|久了...
13628	objViola	但是...|如果你也被揽进去了...
13629	objViola	这次说不定真|能|办成，|是吧？
13630	objViola	好吧|.|.|.|||我会和你一起演出的。
13631	objViola	但要让|{anim sprViola_T_T}{wiggle}我{/wiggle}|来和曼尼|谈条件。
13632	objViola	谢了。
13633	objViola	不好意思。
13634	objViola	我正在这演奏呢。
13635	objViola	如果你要跟唱...
13636	objViola	请跟着|{wiggle}我{/wiggle}|的节奏来，|明白吗？
13638	objSandra	{size .8}天呐。
13639	objSandra	薇薇...
13640	objSandra	我们闯祸了。
13641	objVivian	是啊，我|{wiggle}完全{/wiggle}|看得出来！！！
13642	objSandra	我们该怎么办？
13643	objSandra	他们还好吗？
13644	objVivian	不|，他们看起来死透了！
13645	objSandra	{shake .3}我不想戳他们...
13646	-4	{shake}{size 1.2}啊！！！
13647	objVivian	{}还活着！
13648	objBard	我活着！
13649	objVivian	你活着！
13650	objMiriam	{shake .8}我的扫帚！！！
13651	objSandra	{}她也活着！
13652	objVivian	{size .7}噢感谢艾娅...
13653	objMiriam	是{shake .8}{size 1}你们{quake}这些家伙击落我们的？？？
13654	objSandra	{}...
13655	objVivian	是的。
13656	objSandra	我们真的很抱歉！！
13657	objSandra	我们不知道你们是巫师！
13658	objVivian	你们不应该出现在边境...
13659	objSandra	我们帮你们安全着陆了！
13660	objVivian	你们在这里做什么？
13661	objMiriam	{shake .8}不关你们的事！！！
13662	objMiriam	我们在飞！！！{/shake}
13663	objSandra	{size .7}薇薇，|我觉得他们在悄悄度蜜月！
13664	objMiriam	{}{shake}不是！！！{}
13665	objVivian	{size .7}天呐，|他们肯定是！！！
13666	objSandra	{}我们真的很抱歉搞砸了你们的浪漫飞行！！！
13667	objMiriam	{shake}呃啊！！！
13668	objMiriam	你...
13669	objMiriam	{shake .5}但是！！！
13670	objMiriam	{}你没...
13671	objMiriam	...
13673	objMiriam	那|{shake}你们{/shake}|在这干什么？？？
13674	objVivian	我们是...
13675	objVivian	{shake}薇薇安！！！
13676	objSandra	{}和{shake}桑德拉！！！
13677	-4	{shake}{size 1.2}法术小队！！！
13678	objVivian	{}我们在这里猎杀怪物...
13679	objVivian	不好。
13680	objSandra	一定是它，|薇薇！
13681	objVivian	职责召唤！
13682	objVivian	再次抱歉，我们击落了你们。
13683	objSandra	我们得处理一个怪物！
13684	objVivian	在这里注意安全！
13685	objMiriam	{size .7}{shake .4}我的扫帚...
13686	objBard	{size 1.5}哇...！
13687	objBard	{size 1.5}那是||好大一面墙！
13688	objBard	那只是为了阻止其他王国的人吗...？
13689	objBard	有点|太夸张了...
13690	objBard	但他们肯定很重视...
13691	objBard	{size 1}我们可能不应该就这么|绕过去...
13692	objBard	我们可能会惹麻烦！
13693	objBard	我想知道有没有可以说话的人...？
13694	objBard	{size .7}我们该怎么办...？
13695	objMiriam	{}墙倒了！
13696	objBard	{shake}{size 1.25}米莉安！！！{/shake}
13697	objBard	{size 1}那违法了！||我很确定！！！
13698	objMiriam	我|告诉|过你...
13699	objMiriam	我们得违反几个规则...||对吧？
13700	objMiriam	我们没时间管这些废话！！！
13701	objMiriam	现在走吧...
13702	objWanda	{size 1.25}哇啊！
13703	objWanda	{size 1.25}我爱死倒挂的生活了！
13704	objWanda	等等，|不对...
13705	objWanda	是整个世界都颠倒过来了。
13706	objWanda	我才是少数“正”活着的人！
13707	objWanda	咿嘻嘻嘻！
13708	objWanda	{size 1.25}有些人不喜欢待在天花板上。
13709	objWanda	你会习惯的。
13710	objWanda	反正我很适应！
13711	objWanda	不过嘛，|我可能是少有的...
13712	objWanda	{wiggle}独倒{/wiggle}的人...
13713	objWanda	至少我所有的男朋友都这么说！
13714	objWanda	咿嘻嘻嘻！
13715	objBard	哇...||这里有好多东西！
13716	objWeaponstash	我可能会拿...
13717	objBard	这|把|剑！
13718	objBard	那|把|枪！
13719	objBard	一|杯|咖|啡？
13720	objWhiner	呀哈！|你回来了！
13721	objWhiner	我和{dog}现在过得超棒！
13722	objWhiner	没有你就没有我们的相遇...
13723	objWhiner	真的很感谢。
13724	objWhiner	我是认真的！
13725	objWhiner	他让我明白了很多#||关于我自己的事。
13726	objWhiner	遇见你之前，|#镇子上没有一个人愿意相信我。
13727	objWhiner	但现在|好像全世界都在支持我！
13728	objWhiner	感觉自己一无是处|真的很痛苦...
13729	objWhiner	而且无人关心你时这种痛苦异常强烈。
13730	objWhiner	因为你无法左右他们的想法。
13731	objWhiner	但是...
13732	objWhiner	你至少|可以控制|自己是否关心他人！
13733	objWhiner	{dog}让我有了牵挂的对象。
13734	objWhiner	我之前从未体验过这种感觉...
13735	objWhiner	但当我真正拥有后...
13736	objWhiner	我感觉|自己也被温暖包围了。
13737	objWhiner	现在埃拉拉要离开实验室了...
13738	objWhiner	我打算去帮忙！
13739	objWhiner	我之前||从没接触过|科研工作...
13740	objWhiner	但我想学！
13741	objWhiner	和埃拉拉在一起让我觉得自己很特别。
13742	objWhiner	我感觉我们在一起时无所不能。
13743	objBard	嘿...
13744	objBard	你想帮我推翻那家工厂吗？
13745	objWhiner	...
13746	objWhiner	你是说那个毁了整个镇子的工厂？
13747	objWhiner	抢了所有人工作的工厂？
13748	objWhiner	{shake .6}逼得我走投无路只能制作快乐孩子？？{}
13749	objWhiner	{shake .6}不然只能孤独终老的工厂？？？{}
13750	objBard	对，|就是那个！
13751	objWhiner	好的，||我会帮忙的。
13752	objBard	我们每天晚上在餐厅集合。
13753	objWhiner	我之前从没加入过小团体呢！
13754	objWhiner	我...||在装酷...
13755	objWhiner	那样就没人讨厌我了...
13756	objWhiner	那个天文学家看起来很聪明...
13757	objWhiner	我本来觉得我们不可能关停工厂，
13758	objWhiner	但见到她我突然就有了信心。
13759	objWhiner	我希望{dog}在外面没事...
13760	objWhiner	我希望我的狗狗在外面没事...
13761	objWhiner	看啊！||我有朋友啦！|嘿嘿！
13762	objWhiner	我还在给她想名字...
13763	objBard	艾|米！
13764	objBard	贝|瑞！
13765	objBard	女|王！
13766	objBard	温|妮！
13767	objBard	科|娜！
13768	objBard	泰|拉！
13769	objBard	data_name
13770	objBard	我|不|知|道...
13771	objWhiner	{dog}...？||我喜欢这个音调！
13772	objWhiner	{dog}，嗯？||这名字有点怪...
13773	objWhiner	但我喜欢！||就这个了！
13774	objWhiner	{dog}是最棒的！！！
13775	objWhiner	虽然我还是没工作没生活...
13776	objWhiner	但有个朋友陪着感觉好多了。
13777	objWhiner	我现在去哪都会和{dog}一起。
13778	objWhiner	好吧，除了餐厅，|她会激动过头的...
13779	objWhiner	你今晚也会去那吗？
13780	objWhiner	我们也算朋友了，|对吧？
13781	objWhiner	我还欠你个大人情呢...
13782	objWhiner	朋友就该互帮互助！！！
13783	objWhiner	所以，|随时找我......
13784	objWhiner	{dog}是唯一一个真正懂我的。
13785	objWhiner	她曾被所有人抛弃...|就像我一样。
13786	objWhiner	而你拯救了我们！
13787	objWhiner	||谢谢...
13788	objWhiner	*抽鼻子*||*抽鼻子*
13789	objWhiner	这食物闻着...||好香！
13790	objWhiner	狗狗喜欢食物，|是吧？
13791	objWhiner	你能帮我带一些到一个地方吗？
13792	objWhiner	我晚上9：30会在钟楼酒馆门口等着。
13793	objWhiner	千万别忘了带吃的！！！
13794	objWhiner	我有个计划...
13795	objWhiner	晚上9：30在钟楼酒馆前见。
13796	objWhiner	一定要等我啊！！！
13797	objWhiner	镇子上的所有人都讨厌我。
13798	objWhiner	如果你也讨厌我...||我理解。
13799	objWhiner	但我真的很需要帮助。
13800	objWhiner	！！！！！
13801	objWhiner	狗狗喜欢你！！
13802	objWhiner	{shake .5}你怎么做到的！！！{/shake}
13803	objWhiner	她从来都不理我...
13804	objWhiner	晚上9：30带着你的秘密来钟楼酒馆。
13805	objWhiner	求你了...
13806	objWhiner	我每天晚上9：30都试着摸那只狗狗。
13807	objWhiner	钟楼酒馆前。
13808	objWhiner	快带着你的秘方教教我，怎么让她喜欢我...
13809	objWhiner	镇子上的所有人都讨厌我。
13810	objWhiner	我只想要个朋友...
13811	objWhiner	我每晚都来这，#|但不知道为什么...
13812	objWhiner	从来|没人愿意搭理我。
13813	objWhiner	镇子上的所有人都讨厌我。
13814	objWhiner	我到底怎么才能交到朋友啊？
13815	objWhiner	大家都有工作有生活，除了我。
13816	objWhiner	我每晚9：30都会试着摸这外面的狗狗。
13817	objWhiner	但连她都不愿意当我的朋友...
13818	objWhiner	我真可悲...
13819	objWhiner	你见过镇上那只流浪狗狗吗？
13820	objWhiner	她孤零零的...||像我一样。
13821	objWhiner	我每晚9：30都会试着摸摸她，|就在...
13822	objWhiner	钟楼酒馆前。
13823	objWhiner	{shake .5}但她就是不让！！！{/shake}
13824	objWhiner	连一只孤独的狗狗都不愿意当我的朋友...
13825	objWhiner	我该怎么做才能让她喜欢我？？？
13826	objWhiner	{shake .5}啊啊{/shake}啊啊啊！！！
13827	objWhiner	这镇子烂透了。
13828	objWhiner	又冷雾霾又重。
13829	objWhiner	...还有个该死的工厂整天隆隆响！！
13830	objWhiner	根本没人明白...
13831	objWhiner	你见过镇上那只可爱的流浪狗狗吗？
13832	objWhiner	她孤零零的...||像我一样。
13833	objWhiner	我每晚9：30都会试着摸摸她，|就在...
13834	objWhiner	钟楼酒馆前。
13835	objWhiner	每天晚上，|9：30...
13836	objWhiner	我都会试着摸钟楼酒馆外面的狗狗。
13837	objWhiner	{shake .5}但她就是不让！！！{/shake}
13838	objWhiner	连一只孤独的狗狗都不愿意当我的朋友...
13839	objWhiner	我该怎么做才能让她喜欢我？？？
13840	objWhiner	我的人生充满了迷茫
13841	objWhiner	所有人都说，|去工厂打工吧...
13842	objWhiner	{shake .5}但我才不会去！！
13843	objWhiner	这世界根本没有我的容身之处...
13855	objWhiner	{shake .2}嘿...
13856	objWhiner	{quake}{shake .4}你真的来了！！！{/shake}
13857	objWhiner	能...||把盘子给我吗？
13858	objWhiner	|||{size .7}...求求你？
13859	objWhiner	嘿...！
13860	objWhiner	那个盘子！！
13861	objWhiner	狗狗好像很喜欢！
13862	objWhiner	把它递给我！！！
13863	objWhiner	|||（求求你...）
13864	objStray	{color red}0
13865	objWhiner	{}{shake .4}我们...
13866	objWhiner	{shake}我们是朋友了！！！
13867	objWhiner	{}啊啊啊啊|啊啊啊|啊啊||啊|||啊...
13868	objWhiner	{shake .2}我都快忘了有朋友的感觉了...{/shake}
13869	objWhiner	看来...|||我欠了你个大人情，|哈。
13870	objWhiner	但我心甘情愿。
13871	objWhiner	一切都变好了！！！
13872	objWhiner	谢谢...
13873	objBard	太棒了！
13874	objBard	顺便...
13875	objBard	你想帮我推翻工厂吗？
13876	objWhiner	...
13877	objWhiner	你是说那个毁了整个镇子的工厂？
13878	objWhiner	抢了所有人工作的工厂？
13879	objWhiner	{shake .6}逼得我走投无路只能制作快乐孩子？？{}
13880	objWhiner	{shake .6}不然只能孤独终老的工厂？？？{}
13881	objBard	对，|就是那个！
13882	objWhiner	好的，||我会帮忙的。
13883	objBard	我们每天晚上在餐厅集合。
13884	objWhiner	{shake .7}你到底想从我这得到什么？？？
13885	objWhit	哟！
13886	objWhit	你就是拯救了疯狂渡鸦的小傻瓜吧！
13887	objWhit	好吧，|现在是有史以来最棒的时期！
13888	objWhit	你组的乐队回镇子演出了！
13889	objWhit	而且我的戏剧表演也非常火爆！
13890	objWhit	要听听不？
13891	objBard	算|啦。
13892	objBard	好|啊！
13893	objWhit	...
13894	objWhit	你的损失。
13895	objWhit	一个碗对另一个碎掉的碗说了什么？
13896	objWhit	碗安
13897	objBard	这笑话你之前肯定讲过！
13898	objWhit	噢...
13899	objWhit	但|还是很好笑。
13900	objWhit	哟，快进来！我们今晚还有演出呢！
13901	objWhit	演员稍微迟到了点...
13902	objWhit	但我觉得这就是娱乐圈！|呵。
13903	objWhit	观众们都特别期待这个新组合。
13904	objWhit	我，|呃，||真希望他们赶紧到。
13905	objWhit	天啊，这地方真是|{shake}爆满{/shake}！
13906	objWhit	好久都没做过这么大的生意了！！
13907	objWhit	哟！||请随意吧。
13908	objBard	这|是|什|么|地|方？
13909	objBard	空|荡|荡|的...
13910	objBard	怎么会呢？
13911	objBard	...
13912	objBard	我懂了！
13913	objWhit	这里是德尔菲最炫酷的聚会场！
13914	objWhit	美食，||美酒，||音乐，|||和疯狂渡鸦！
13915	objWhit	快拉上你的亲朋好友！
13916	objWhit	...
13917	objWhit	好吧！我知道！
13918	objWhit	最近生意惨淡。
13919	objWhit	我正想办法搞营销。
13920	objWhit	我练了段单口喜剧。
13921	objWhit	要听听不？
13922	objBard	好|啊！
13923	objBard	还|是|算|啦
13924	objWhit	一个碗对另一个碎掉的碗说了什么？
13925	objWhit	碗安
13927	objWhit	好吧，|||没人想听我讲笑话。
13928	objWhit	我朋友曼尼正打算组个乐队在这里演出。
13929	objWhit	矮个子，||小胡子，||红夹克，||声音滑溜溜的那个？
13930	objWhit	有认识的音乐家请务必告诉他。
13931	objWhit	你们那场演出真是|{shake}太火爆了！{/shake}
13932	objWhit	我感觉我的生意也能回暖一阵子了。
13933	objWhit	只要像这样持续推出新节目...
13934	objWhit	既然我们的观众已经|“热身完毕”，|那么...
13935	objWhit	说不定是时候亮出我的压轴好戏了！
13936	objWhit	要听听不？
13937	objBard	还|是|算|啦。
13938	objBard	好|啊！
13939	objWhit	一个碗对另一个碎掉的碗说了什么？
13940	objWhit	碗安
13941	objBard	这个你早就讲过啦。
13942	objWhit	噢...
13943	objWhit	但第二遍更好笑，|是吧？
13944	objWhit	好吧。
13945	objWhit	我大概应该趁早放弃这个想法。
13948	objHero	两个搞定。
13949	objAngel	{}{angel}耶耶耶耶|姑娘
13950	objAngel	你真棒
13951	objHero	{}我知道，|对吧？
13952	objAngel	{}{angel}{font 0}0
13953	objHero	{}...
13954	objHero	我能问你点事吗？
13955	objAngel	{}{angel}好啊姑娘
13956	objHero	{}我就是不明白你为什么从来没告诉我...
13957	objHero	{}我们本来要终结世界
13959	objHero	直到那个吟游诗人在场。
13960	objAngel	{}{angel}||这很|复杂
13961	objHero	{}不是说我介意！||呵。
13962	objHero	我只是好奇。
13963	objAngel	{}{angel}这很复杂
13964	objAngel	抱歉你以这么无聊的方式发现了
13965	objAngel	我其实不该告诉英雄这些
13966	objAngel	直到差不多，|最后。
13967	objAngel	因为普通人很难理解这事为什么重要
13968	objHero	{}“普通人？”
13969	objAngel	{}{angel}你懂的，|就像...||凡人？
13970	objAngel	你的星球注定毁灭|{shake .5}确实{/shake}|有点可悲...
13971	objAngel	但我们正在为一个新的，#|更好的宇宙铺路
13972	objHero	{}嘿！||我完全理解这个。
13973	objHero	我可不是|普通|人！
13975	objHero	{wiggle}必须有人{/wiggle}|阻止统领腐化的蔓延...
13976	objHero	并且在他们全都变成可怕怪物之前杀掉他们。
13978	objHero	不如就让我来吧，|对吧？
13979	objAngel	{}{angel}{font 0}0
13980	objAngel	{}{angel}这就是你是英雄的原因！
13981	objHero	{}{wiggle}是的{/wiggle}|姑娘！
13982	objAngel	{}{angel}呵呵，|是啊姑娘
13983	objHero	{}我们是一队的，|对吧？
13984	objHero	所以你告诉那个吟游诗人的事，#|也可以告诉我！
13987	objAngel	{}{angel}记下了
13988	objAngel	{}{angel}好吧，我先走了
13989	objAngel	我稍后联系你，|好吗？
13991	objWindfairy	天呐。
13992	objWindfairy	又是你。
13993	objWindfairy	偏偏在这种时候？
13994	objWindfairy	你们人类到底是怎么回事...
13995	objWindfairy	总是等到|{shake}最糟{/shake}|的时刻出现？
13996	objWindfairy	有什么事快发生了。
13997	objWindfairy	{shake}大{/shake}|事。
13999	objWindfairy	梦之王正在消散。
14000	objWindfairy	一旦他消失...
14001	objWindfairy	砰！
14002	objWindfairy	整个世界就完了。
14003	objWindfairy	你确定想在|这里|看着这一切吗？
14004	objWindfairy	你应该去抱抱你爱的人，
14005	objWindfairy	或者什么别的...
14006	objWindfairy	我们是英雄的欢迎会。
14007	objWindfairy	你见过她吗？
14008	objWindfairy	她挺厉害的。
14009	objWindfairy	说实话我不是粉丝。
14010	objWindfairy	我还没见到她。
14011	objWindfairy	不过我们很多人现在都已经经历过了。
14012	objWindfairy	她在这里没什么粉丝。
14013	objWindfairy	让你的统领被杀可一点也不好玩。
14014	objWindfairy	嗯...||我想知道有没有你能理解的比喻。
14015	objWindfairy	大概有点像...
14016	objWindfairy	你的|妈妈|被杀了，|之类的...
14017	objWindfairy	但死亡也是她的某种职责，
14018	objWindfairy	而你某种程度上应该帮忙。
14019	objWindfairy	嗯...||我觉得你能明白。
14020	objWindfairy	回头看看...
14021	objWindfairy	...
14022	objWindfairy	我很高兴你让我回去找风之女王。
14023	objWindfairy	虽然那很难。
14024	objWindfairy	我们真的很关心对方，|你知道吗？
14025	objWindfairy	对我来说，在最后时刻在场很重要。
14026	objWindfairy	我很生气我从没回去找风之女王。
14027	objWindfairy	我想我有点冲动了。
14028	objWindfairy	但是|然后英雄在我不在的时候杀了她...
14029	objWindfairy	|||那感觉一点都不好。
14030	objWindfairy	也许我会自己去和她战斗复仇！
14031	objWindfairy	嗯，|可能不会...
14032	objWindfairy	{windfairy}哦，||太棒了。
14033	objWindfairy	又一个|{wiggle}人类{/wiggle}。
14034	objWindfairy	你来是像上一个那么聒噪、#让人讨厌的吗？
14035	objWindfairy	那简直是场闹剧。
14036	objWindfairy	他们一点用都没有。
14037	objWindfairy	风之女王的|状况||{wiggle}非常糟糕|{/wiggle}||，如果你想知道的话。
14038	objWindfairy	表现得阴森恐怖。
14039	objWindfairy	她一直...
14040	objWindfairy	滋生出...|||怪物。
14041	objHero	{}好吧，|那就说得通了
14042	objWindfairy	{windfairy}那有点恶心。
14043	objWindfairy	她每天都变得更糟。
14044	objWindfairy	这个地方已经不一样了。
14045	objHero	{}{shake .5}啊啊啊，|闭嘴！！！{/shake}
14046	objHero	我是来解决风之女王的。
14047	objHero	告诉我她藏在哪。
14048	objWindfairy	{windfairy}是，||来|{shake .5}解决{/shake}|...？
14049	objWindfairy	哦天哪。
14050	objWindfairy	呃，||我...
14051	objWindfairy	我有义务...
14052	objWindfairy	阻止|||你...
14053	objHero	{}{shake .5}闭嘴！！！！！{/shake}
14054	objWindfairy	{windfairy}...
14055	objWindfairy	好吧
14056	objWindfairy	我知道这事要怎么发展了...
14057	objWindfairy	我不想参与其中。
14058	objWindfairy	只是...
14059	objWindfairy	尽量别|||让她太痛苦，|知道吗？
14060	objWindfairy	她真的很温柔。
14061	objWindfairy	或者...|||她曾经是...
14062	objWindfairy	{background black}{color white}{size 1.5}{shake .7}{quake}4714206354
14063	objHero	{}你看起来状态很差啊，|风之女王！
14064	objHero	我敢说...
14065	objHero	那种末日腐化一点都|不适合|你！
14066	objHero	{}但你别担心。
14067	objHero	我们会解决的。
14069	objBard	{}嘿！！
14070	objWindfairy	{windfairy}|{shake .5}什么。
14071	objBard	{}风之女王说她想让你回家...
14072	objWindfairy	{windfairy}...
14073	objWindfairy	所以呢？
14074	objBard	{}{wiggle}所以...{/wiggle}||你...|不去吗？
14075	objWindfairy	{windfairy}你在开玩笑吗？
14076	objWindfairy	那个女王有|{wiggle}问题！{/wiggle}
14077	objWindfairy	我特么是只{wiggle}鸟{/wiggle}。
14078	objWindfairy	我得张开翅膀，|{shake}飞起来{/shake}！
14080	objBard	{}但...|看起来她真的需要你！
14081	objWindfairy	{windfairy}我明白了。
14082	objBard	{}这不是你的...|职责吗？
14083	objWindfairy	{windfairy}我的|{shake}{quake}职责{/shake}|是当|{wiggle}风{/wiggle}之女王的侍从。
14084	objWindfairy	风，|方向，|自由的化身...||{shake .5}那种{/shake}|东西。
14085	objWindfairy	无论她现在是什么，#|都不再是那样了。
14086	objWindfairy	我是说，||那是我唯一的家，|但...
14087	objWindfairy	那么，||如果是|你|会怎么做？
14088	objBard	回|家！
14089	objBard	留|下！
14090	objWindfairy	{windfairy}|{shake .5}什么。
14091	objBard	快|回|家|吧！
14092	objBard	进|展|如|何？
14093	objWindfairy	{windfairy}好得很，|谢谢。
14094	objWindfairy	{windfairy}很高兴你能理解我的立场。
14095	objWindfairy	谁在乎呢，|反正||世界末日了。
14096	objWindfairy	不妨在被遗忘之前再享受一次自由，对吧？
14097	objWindfairy	{windfairy}...真的吗？
14098	objBard	{}是的！！
14099	objWindfairy	{windfairy}...
14100	objWindfairy	{shake}呃。
14101	objWindfairy	为什么||{/shake}我还要让她这么对我...
14102	objWindfairy	{shake .5}好吧{/shake}，|我会回去的。
14103	objWindfairy	陛下忠实的助手，|直到永恒尽头。
14104	objWindfairy	{size .7}{shake .3}*小声嘀咕*...
14105	objWindfairy	{windfairy}又是你。
14106	objWindfairy	别担心，|我会留在这里。
14107	objWindfairy	不过能有自己的小空间挺好的。
14108	objWindfairy	{windfairy}女王其实不算是|{wiggle}最糟糕{/wiggle}的...
14109	objWindfairy	我确实很关心她。
14110	objWindfairy	只是有时候她太过分了。
14111	objWindfairy	永恒是很长一段时间。
14112	objWindfairy	{windfairy}做侍从不容易，#|但我想这就是我存在的意义。
14113	objWindfairy	我想知道其他人怎么样。
14114	objWindqueen	{windfairy}{shake}{quake}艾娅之弦啊！！
14115	objWindqueen	{windfairy}我受不了了。
14116	objWindqueen	{windfairy}我要|{quake}走了！！！
14117	objWindfairy	{background black}{color white}{size 1.5}{shake .7}{quake}为什么我的侍从#离开了我？
14118	objBard	|||{}我|{quake}需要你的帮助！！
14119	objBard	世界末日要来了...
14120	objBard	我正试着学习地球之歌！
14121	objBard	请||{quake}教教我！！
14123	objWindfairy	{windqueen}你认为||那是...{quake}{shake .6}我应该做的吗？？{/shake}
14124	objBard	{}{shake .5}哈？{}
14126	objWindfairy	{windqueen}地球之歌很重要...
14127	objWindfairy	它是整个世界的声音...
14129	objWindfairy	那么我真的...||应该教你吗？
14130	objWindfairy	只因为你要求了？
14132	objBard	{}呃...
14133	objBard	你是在||问|我吗？
14134	objWindfairy	{windqueen}{shake .3}啊|啊|啊||{quake}我不知道我不知道！！！{/shake}
14135	objWindfairy	我就是不确定什么是{wiggle}正确的事情！！{/wiggle}
14136	objWindfairy	{windqueen}我不应该把地球之歌交给任何人！
14137	objWindfairy	但是如果你真的认为我应该，||那...
14139	objBard	{}嗯。
14140	objBard	好吧，
14141	objBard	我|{quake}绝对认为你应该！！
14142	objBard	如果我学会这首歌，#|我就能拯救世界！
14143	objBard	那绝对|是|{quake}毋庸置疑的好事！
14144	objBard	那么...||你怎么看？
14145	objOverseer2scene	{windqueen}{size 1.25}我||||{quake}{anim sprWindqueen_jostle}会做的！！{/shake}
14146	objOverseer2scene	你很有说服力。
14147	objBard	{}你|{quake}真的做了！！
14148	objBard	我简直不敢相信我真的学会了这首歌的一部分...
14149	objBard	我以为我永远学不会。
14150	objBard	谢谢你！
14151	objWindfairy	{windqueen}{quake}{size 1.25}是的！！|嗯...
14152	objWindfairy	嗯...
14153	objWindfairy	{size 1}我只是...
14154	objWindfairy	{size .7}我真的希望我做了正确的事...
14155	objBard	{}天哪，|你做了！！
14156	objWindfairy	{windqueen}我要送你离开城堡。
14157	objWindfairy	这样你就能回家了。
14158	objWindfairy	但如果你碰巧见到我的小侍从...
14159	objWindfairy	请告诉他回家，|好吗？
14160	objWindfairy	{windfairy}{shake}呃，||你好！{/shake}
14161	objWindfairy	需要我|{quake}{shake}帮忙{/shake}吗？
14162	objBard	{}{size .8}|||...我在找风之女王！
14163	objWindfairy	{windfairy}哦，|{shake}{quake}她？{/shake}
14164	objWindfairy	猜猜我现在是什么。#||我算是她的小秘书。
14165	objWindfairy	{shake}啊，{/shake}|我真是{shake}{quake}受够{/shake}她了！
14166	objBard	{}{size .8}呃，|那，|我能|和她|谈谈吗...
14167	objWindfairy	{windfairy}{shake}不行！！{/shake}
14168	objWindfairy	相信我，||你不想。
14169	objWindfairy	她现在一点用都没有。
14170	objWindfairy	她自己什么都做不了。
14171	objWindfairy	我得|{wiggle}整天{/wiggle}待在旁边。
14172	objWindfairy	不让我离开这该死的城堡。
14173	objBard	{}{size .8}但这真的很重要！
14174	objWindfairy	{windfairy}{shake}不！！{/shake}
14175	objWindfairy	回家吧。
14176	objHero	{shake}嘿！！！{/shake}
14177	objHero	...那是我的剑！
14178	objHero	那只蠢狗叼着它！！！
14179	objHero	他要把它带去哪儿...？
14180	objHero	我们快去追他！
14181	objHero	{size 1.5}{shake}嘿！！！{/shake}
14182	objHero	那只|{shake}蠢狗！！！{/shake}
14183	objHero	你在做什么...
14184	objHero	把我的剑叼到岩浆上？？？
14185	objHero	把它还回来，|孩子！
14188	objHero	{shake}不！！！！！
14189	objHero	{size 1}{shake}好啊！！！{/shake}
14190	objBard	我的小鸟朋友！！！
14191	objHero	好险啊！
14192	objHero	{shake .5}太{/shake}|危险了...
14193	objHero	{size 1.5}这东西差点毁了我的剑...
14194	objHero	那会是一场灾难！
14195	objHero	他很...||{shake}邪恶！{/shake}
14196	objBard	不，|奥黛丽！
14197	objBard	你难道没看见吗...
14198	objBard	{}他很...|害怕！！！
14199	objBard	他不想你伤害他！
14200	objBard	所以他试图抢你的剑...
14201	objBard	但他没有伤害我们！
14202	objHero	{shake}没伤害我们？！{/shake}
14203	objHero	他|{shake .5}把我们活埋在了岩石崩塌下！{/shake}
14204	objHero	我们侥幸活着逃出来了！
14205	objHero	你的|{wiggle}小鸟朋友{/wiggle}|想得对...
14206	objHero	那个野兽也伤害了|{wiggle}他们{/wiggle}|，不是吗？
14207	objBard	{}...
14208	objBard	你||{shake .5}不是那么保证的！！！{/shake}
14209	objBard	你必须|{quake}{shake}友善！！！{/shake}
14214	objBard	让我...
14215	objBard	唱歌！
14216	objBard	我们必须试试，|奥黛丽！
14217	objBard	我觉得||他心里还有好的一面！
14218	objBard	|||嘿...
14219	objBard	你是|心之王，|对吧...？
14220	objBard	之前肯定没人试着和你交流...
14221	objBard	但||你其实并不坏，|是吗？
14222	objWolf	{}{background #FF1D85}{color #240027}{size 1.25}{spirit}{shake .4}呜呜||呜|呜...
14223	objBard	{}{shake .5}奥|黛|丽...
14224	objBard	|你...
14225	objBard	你|{quake}{shake}答应过！！{/shake}
14226	objHero	是啊，对。
14227	objHero	我撒谎了。
14228	objBard	但||{shake}为什么？{/shake}
14229	objBard	心之王并不坏！
14230	objBard	他|本来不用死的！
14231	objHero	{quake}你就是|不明白！
14232	objHero	而且...||可能你永远不会懂。
14236	objHero	{size 2}这是|必须发生的事情。
14237	objHero	我做了我必须做的事...
14238	objHero	为了确保它发生。
14239	objHero	{}我告诉过你...
14240	objHero	我不能光凭...|“承诺”|来推卸责任。
14241	objHero	成为英雄不仅仅是这样。
14242	objBard	那成为英雄简直||太蠢了！
14243	objBard	这太蠢了，我讨厌它！
14244	objBard	这太蠢了，我讨厌它，|而且...
14245	objBard	你不必这样做的！
14246	objBard	你本可以选择不同的道路！
14247	objBard	我们本可以治愈统领...
14248	objBard	然后修复一切...
14249	objBard	阻止世界的终结！
14250	objBard	但||你毁了它！
14251	objBard	你毁了||{shake .5}这一切...{/shake}
14252	objHero	抱歉。
14253	objAngel	{}{angel}小||{quake}{shake}诗！！！{/shake}
14254	objBard	{}不。
14255	objAngel	{}{angel}你好吗！！！
14256	objBard	{}离我远点！
14257	objBard	我不想跟你说话
14258	objBard	||从今往后
14259	objAngel	{}{angel}什么？
14260	objBard	{}你是骗子！
14266	objBard	这对你来说|只是场游戏！
14267	objBard	你根本一点也不关心我们。
14268	objBard	你不在乎世界是否毁灭。
14269	objBard	你什么都|不在乎。
14270	objBard	我以为我能成为英雄。
14271	objBard	我以为||我能改变些什么...
14272	objBard	但这全都是谎言
14273	objBard	为了让我感觉好些
14274	objBard	我根本不该听你的...
14275	objAngel	{}{angel}小诗...
14276	objAngel	那...
14277	objAngel	很痛苦
14278	objAngel	但不是事实！！！
14279	objAngel	我真的没有骗你
14280	objAngel	我发誓！
14281	objAngel	其实，|我是来告诉你的
14282	objAngel	我现在完全站在你这边！
14283	objBard	{}嗯？
14284	objAngel	{}{angel}是啊！
14285	objAngel	我的意思是，|你依然绝对不是英雄
14286	objAngel	但那不重要了！
14287	objAngel	你||很棒
14288	objAngel	还有机会阻止世界末日
14289	objAngel	还有||一位统领...
14290	objAngel	我们，|嗯...||跳过的那一位
14291	objBard	{}梦之王？
14292	objAngel	{}{angel}是的！！！
14293	objAngel	我告诉奥黛丽...
14294	objAngel	也许||她应该停下来...
14295	objAngel	给你时间收集地球之歌
14296	objAngel	但||她真的不喜欢我那么说
14297	objAngel	一点也不
14298	objBard	{}|真的吗？
14299	objAngel	{}{angel}我觉得...||她真的很害怕，|小诗。
14300	objAngel	当我说她应该等你...
14301	objAngel	她表现得好像...#|我抢了她什么东西
14302	objAngel	我觉得她|真的|想|成为英雄
14303	objAngel	几乎不择手段
14304	objAngel	她...||有点危险...
14305	objAngel	我是说我爱你们俩，|但...
14307	objAngel	必须有人阻止她
14308	objBard	{}那...||没时间浪费了！！！
14309	objAngel	{}{angel}是的！！！
14310	objBard	{}我们得快点！
14311	objBard	回到朗特里！
14312	objAngel	{}{angel}对！
14313	objAngel	但是，|首先...
14314	objAngel	你得收集心之王的歌...
14315	objBard	{}对！
14317	objHero	嗯。
14318	objHero	看起来不妙。
14319	objHero	那东西现在简直是怪物！
14320	objHero	它不听我们的。
14321	objBard	{shake}不！！！{/shake}
14322	objBard	一定|{shake}有{/shake}|办法的！
14323	objHero	可能有！
14324	objHero	{shake .5}如果...{/shake}
14325	objHero	你帮我用闪电击中它。
14326	objHero	那会让它晕眩...
14327	objHero	然后你就能靠近了。
14328	objBard	那会伤害它吗？
14329	objHero	会。
14330	objBard	...
14331	objBard	{shake 2}HMFLCUGHHLCMQLGMV！！！
14332	objHero	{}？
14333	objBard	{shake}好吧！{/shake}
14334	objBard	但是...
14335	objBard	只是因为|||我想帮他！
14336	objBard	请不要造成不必要的伤害...
14337	objHero	相当不错的登场，|对吧？
14338	objHero	你怎么看？|||太过了吗？
14339	objHero	震惊的沉默！ ||明白了。
14340	objHero	看起来你现在真是陷入困境了。
14341	objHero	迷失在山上...||巨大的怪物...
14342	objHero	真的需要一个{wiggle}英雄|{/wiggle}了，你不觉得吗？
14343	objHero	哇，|这次你真没趣。
14344	objHero	我想这也不错！
14345	objHero	我们速战速决，|好吧？
14346	objHero	我觉得终于是时候...
14347	objHero	拿出我的秘密武器了！
14348	objHero	{shake}力量药水！{/shake}
14349	objHero	很合适，|不觉得吗？
14350	objHero	这是你给我的那个...
14351	objHero	现在它要救你的命了！
14353	objBard	哦不，|等等...！！！
14354	objHero	别演戏了！
14355	objHero	你不会真还在试图...
14356	objHero	阻止我|杀怪物吧？
14357	objBard	不是，|不是那样的...！！！
14358	objXia	抱歉我儿子给你们添麻烦了。
14359	objXia	别理他，||他是个傻瓜。
14360	objXia	我看你和你朋友挺友好的...
14361	objXia	森林最近确实变得非常凶险。
14362	objXia	我被困在这个破旧的小镇子不知道多久了。
14363	objXia	可能最后也会死在这里吧。
14364	objPing	{quake}{shake}母亲！！！！
14365	objPing	{}别这么说...
14366	objXia	之前有个很厉害的女孩来过这里...
14367	objXia	她在这的时候还算安全。
14368	objXia	但显然，|她一走，|所有事都乱套了。
14369	objXia	从头到尾|我那个傻儿子什么忙都没帮上...
14370	objXia	随便来个拿剑的人都比他强。
14371	objXia	可悲，|不是吗？
14372	objPing	{quake}{shake}母亲！！！！
14373	objPing	{}那可是传说中的英雄啊...
14374	objPing	我哪能有|{wiggle}她{}|那种实力？
14375	objXia	英雄，|传说，|谁在乎呢！
14376	objXia	你要是不懒也能这么强！
14377	objYonni	瞧一瞧看一看呐！
14378	objYonni	不来看看最新最潮的服饰吗？
14379	objYonni	你这衣服挺可爱，#|但有点过时了吧？
14380	objYonni	这里总有一款合你心意！
14381	objYonni	莫哈布米人的时尚品味天下第一！
14382	objYonni	不信去打听打听，||我们可是出了名的。
14383	objYonni	难道|你不想看起来更出众吗？
14384	objYonni	你这顶羽毛小帽#|简直是|可爱的精髓！
14385	objYonni	你从哪搞到的？
14386	objBard	噢！||谢谢你！
14387	objBard	其实，|这是我自己做的！
14388	objYonni	哈！
14389	objBard	我先是找到了这根羽毛，#|然后觉得它太酷啦！
14390	objBard	我就想找个东西插上它...
14391	objYonni	嗯哼，|嗯哼。
14392	objBard	我缝纫技术不太好，
14393	objBard	我找了朋友马利帮忙才...
14394	objYonni	嗯哼，|嗯哼，|嗯哼。
14395	objYonni	真是精彩！
14396	objBard	等等！|我还没说完！
14397	objYonni	哦。
14398	objBard	你看，|那时候，||我们还得找布料！
14399	objBard	我们住在一个小小的镇子里，#|材料可难得了！
14400	objBard	吧啦吧啦吧啦吧啦！
14401	objBard	然后最后终于做完啦！
14402	objYonni	|||真棒。
14403	objYonni	好吧，|呃，|如果你想买什么东西...
14404	objYonni	随时欢迎...
14405	objYuna	那首歌太上口了...
14406	objYuna	它现在在我脑子里循环。
14407	objYuna	说实话|我有点烦躁了。
14408	objYuna	我想让它停下。
14409	objYuna	我猜这里有家店...
14410	objYuna	这些森林里的东西闻起来挺不错的...
14411	objYuna	说不定能让我放松下来...
14412	objYuna	不知道为什么，#||我最近总觉得心神不宁...
14413	objYuna	返回
14414	objYuna	好想消除这种情绪。
14415	objYuna	可能是由于战争...||也可能不是...
14416	objYuna	钱德什让我很害怕。
14417	objYuna	我知道他们都会魔法什么的...
14418	objYuna	我不希望我的敌人是这样的人。
14419	objYuna	你见过他们派来的巨大怪物了吗？
14420	objYuna	听说他们会吞噬#|所见到的任何东西。
14421	objYuna	草木，|岩石，|动物，|城墙，|房屋...
14422	objYuna	||{wiggle .5}活人...{}
14423	objYuna	即使我忘记了战争...
14424	objYuna	我还是|很害怕...
14425	objYuna	就仿佛有大事要发生...|很大很大的事...
14426	objYuna	有时这种预感特别痛苦。
14427	objYuna	唯一能让我缓过来的，
14428	objYuna	...|只有和妈妈聊天。
14429	objYuna	|她最好了。
14430	objYuu	你好呀|大可爱。
14431	objYuu	你看起来无助又可爱。
14432	objYuu	你迷路了吗？
14433	objBard	不，完全没有！！
14434	objYuu	你说是就是啦。
14435	objYuu	我也是远方来的。
14436	objYuu	勉强算是|冒险者吧。
14437	objBard	噢，|酷哎！
14438	objBard	我也是冒险者！
14439	objYuu	{wiggle}{shake .2}嘿嘿！||{}就知道你是！
14440	objYuu	目前为止冒险如何呀？
14441	objBard	呃...||还不错...？
14442	objBard	就是|，那种|，史诗级的||之类的...
14443	objYuu	打倒过巨大的怪物吗？
14444	objBard	...
14445	objYuu	不用刻意给我留下深刻印象。
14446	objYuu	你原本的样子更可爱，||真的。
14447	objYuu	冒险顺利哟|{wiggle}大可爱...{/wiggle}
14448	objYuu	哦啦啦！
14449	objYuu	最近大家都在讨论那个厉害的新英雄...
14450	objYuu	那个能找回人鱼的救世主！
14451	objYuu	是你吗，|是你吧？
14452	objYuu	虽然我也经历过不少冒险啦。
14453	objYuu	但|要是你真能找到人鱼...
14454	objYuu	你绝对会变成海洋的传奇！
14455	objYuu	好运哟...
14456	objYuu	你是我们的人鱼英雄吧，|是你吧？
14457	objYuu	你回来了！
14458	objYuu	我们的人鱼英雄！
14459	objYuu	你回来了！
14460	objYuu	人鱼们||也回来了|嘛？
14461	objBard	没...
14462	objYuu	哎！
14463	objYuu	没事的！！
14464	objYuu	看你这么失落...
14465	objYuu	真看不下去啦！
14466	objYuu	你这样子太可爱了！
14467	objYuu	赶紧振作起来！
14468	objYuu	再说|谁稀罕什么人鱼呀？
14469	objBard	你真不在乎？
14470	objYuu	{shake}哪{/shake}有！！！
14471	objYuu	我就是想找个借口跟你说话嘛。
14472	objYuu	想象一下你这样的人，
14473	objYuu	跨越海洋冒险的样子...
14474	objYuu	太可爱了！
14475	objYuu	我受不了啦！
14476	objBard	哈哈！
14477	objBard	不过我真的是大英雄哦。
14478	objBard	找到了人鱼之泪！
14479	objBard	也见到了人鱼！
14480	objBard	只是她们...
14481	objBard	不愿意跟回来。
14482	objYuu	啊哦。
14483	objYuu	下次|还有机会呢！
2298	objCommentary	游戏系统稍微能运作后，
2299	objCommentary	我第一件事是制作开场动画。
2300	objCommentary	但最初的开场动画非常糟糕。
2301	objCommentary	一颗星星降落在吟游诗人的房子旁，#|你走上小山去看它...
2302	objCommentary	（很像《地球冒险》里的场景...）
2303	objCommentary	然后天使给你讲了一大堆#关于世界末日的事情
2304	objCommentary	实在太...||单调了...
2305	objCommentary	直到我完成第一幕，#|这个新想法才突然涌现，开场才有了改变。
2306	objCommentary	我觉得它相当简洁地表达了游戏的核心价值。
2307	objCommentary	它确定了英雄在故事中必须扮演的重要角色。
2308	objCommentary	在那之前，|我还没确定她的角色定位。
2309	objCommentary	你会惊讶于这和我最初设计的差别有多小。
2310	objCommentary	一只鸟，|唱着三个音符，|和两个岩台...
2311	objCommentary	但需要进行一百万个微小的调整才能让它运行
2312	objCommentary	鸟的动画，|界面，|它唱的音符...
2313	objCommentary	音符检测，|间隔，|节奏...
2314	objCommentary	花了|很多|次尝试、测试和调整，#玩家才理解这个谜题。
2315	objCommentary	这也许是游戏中最关键的画面...
2316	objCommentary	它是对所有游戏操作的第一次真正考验...
2317	objCommentary	它为后续的谜题和玩法定下了节奏...
2318	objCommentary	并且在玩家脑中巩固了“音乐玩法”的理念
2319	objCommentary	早早让玩家明白可以唱旋律很重要。
2320	objCommentary	幽灵战斗也加强了这一点。
2321	objCommentary	之后，|玩法变得更抽象...
2322	objCommentary	但玩家始终明白他们是在唱歌。
2323	objCommentary	我决定要在这个岩台上放个可互动的东西...
2324	objCommentary	让玩家跳上去，|学习层的运作方式。
2325	objCommentary	当时米莉安是唯一设计好的其他角色之一。
2326	objCommentary	我还不知道她的故事，#|或她会走多远。
2327	objCommentary	但我当场有些想法，写了几句台词，|把她放在这里。
2328	objCommentary	我想我从那以后没改过她的台词！
2329	objCommentary	相比之下，|第一幕的大部分内容被重写了很多次。
2330	objCommentary	但米莉安一开始就有了鲜明的声音。
2331	objCommentary	我喜欢克莱德。
2332	objCommentary	我以“Langtry”命名了朗特里。
2333	objCommentary	那是我自行车旅行时在德州睡过的小小城镇。
2334	objCommentary	它位于沙漠中央，|远离文明...
2335	objCommentary	它曾是个铁路小镇，|但现在没有火车经过了。
2336	objCommentary	那里只有几个人居住。
2337	objCommentary	但他们都说喜欢那里的宁静和孤独。
2338	objCommentary	我觉得这很有启发性。
2339	objCommentary	镇子本身是以一位著名老演员Lillie Langtry命名的，
2340	objCommentary	她|也是|“Miss Langtry”的名字来源，|那位痴情的女教师，
2341	objCommentary	出自《花园墙外》，|这是本游戏最大灵感来源之一。
2342	objCommentary	我直到后来才知道这件事。
2343	objCommentary	但这其中有种循环往复的感觉，不是吗？
2344	objCommentary	看起来幽灵们只是在唱随机的音符...
2345	objCommentary	但其实我亲自写下了每一个#听起来合适的三音符序列。
2346	objCommentary	我还把它们分成了难的和易的模式...
2347	objCommentary	如果你等一会儿，#|幽灵们会开始唱更多简单的。
2348	objCommentary	我们在开发后期才加上了跳舞动作。
2349	objCommentary	直到最后几周我还在给它们做动画。
2350	objCommentary	而很长时间后才意识到#面具会教它们。
2351	objCommentary	在那之前，|他只是个神秘的#无处不在的贤者角色...
2352	objCommentary	那是两个毫不相关的想法相互补充的好时刻。
2353	objCommentary	这个谜题让玩家理解起来特别费劲。
2354	objCommentary	它考验了玩家对游戏元素交互的特定认知。
2355	objCommentary	我在开发后期回头又在这之前添加了更多画面，
2356	objCommentary	只是为了真正强化这里的所有玩法。
2357	objCommentary	我觉得这是个有趣的谜题。
2358	objCommentary	...|不过我还是不确定把它放进游戏是否正确
2359	objCommentary	你怎么看？
2360	objCommentary	起初我以为会有更多这样的谜题。
2361	objCommentary	其实有个很棒的功能我从没真正用上过...
2362	objCommentary	多只鸟可以跟着你，|每只都能给你一次大跳跃。
2363	objCommentary	所以本来可以有一个关卡，|比如说，
2364	objCommentary	你得跑来跑去收集鸟，但不能跳跃...
2365	objCommentary	然后用一连串的鸟跳跃攀爬一座超高塔。
2366	objCommentary	听起来挺好玩的！
2367	objCommentary	但我慢慢意识到，#这游戏玩起来不那么“动脑”反而更有趣。
2368	objCommentary	这首歌最初是为序章写的。
2369	objCommentary	但后来写了英雄旋律后我们又替换了它。
2370	objCommentary	无论如何，|它更适合放这里！
2371	objCommentary	此外，|这个画面完全基于《风之杖》结尾的那个场景...
2372	objCommentary	那里塞尔达就睡在这样的床上，|就在你与盖侬战斗前。
2373	objCommentary	我觉得把梦之王想象成睡着的公主很有趣。
2374	objCommentary	这最终也成了我们最终Boss房间的参考。
2375	objCommentary	我最初设想梦之王是一只大而蓬松的友好猫咪。
2376	objCommentary	有点像《龙猫》的感觉...
2377	objCommentary	不过那样会非常无聊。
2378	objCommentary	当我第一次想到他会拒绝你时...|我很兴奋。
2379	objCommentary	虽然|我还没完全明白这意味着什么。
2380	objCommentary	还有...
2381	objCommentary	你知道他把你赶出去后你还可以回来再敲铃吗？
2382	objCommentary	我非常喜欢制作这个画面。
2383	objCommentary	给吟游诗人取名字的想法是我当场决定的，
2384	objCommentary	在对话中自然地出现了这个想法。
2385	objCommentary	我决定吟游诗人的官方名字会是“Kiwi”，
2386	objCommentary	这是以一种叫“Kiwi's_Big_Adventure”#的新奇茶命名的，我差点以此为游戏命名。
2387	objCommentary	所以我确保这是一个可能...|还有其他名字。
2388	objCommentary	不过只有米莉安用你选择的名字称呼你。
2389	objCommentary	事实上...|！！！||你知道吗...？
2390	objCommentary	没有两个角色用相同的名字称呼你。
2391	objCommentary	这是真的！
2392	objCommentary	我为你想各种昵称玩得很开心。
2393	objCommentary	德尔菲取名自费城，我的故乡。
2394	objCommentary	我真的很喜欢费城，#|那是个特别的地方。
2395	objCommentary	它还启发了秋天的色彩和一些性格设定。
2396	objCommentary	曼尼在我看来真的很像个费城人。
2397	objCommentary	我很喜欢一位名叫Slow_Magic的音乐家。
2398	objCommentary	他是面具角色的第一个灵感来源...
2399	objCommentary	我在他的一个演唱会上#得到了第二幕剧情的灵感。
2400	objCommentary	一场精彩的演唱会真的能点燃你的灵魂。
2401	objCommentary	维奥拉是我继吟游诗人后设计的第一个角色。
2402	objCommentary	这个名字很直白，|不是吗？
2403	objCommentary	我想我只是用她拿着的乐器来命名她的游戏对象。
2404	objCommentary	作为一个“临时”的名字，#直到我想出真正的名字。
2405	objCommentary	你看这带来了什么结果。
2406	objCommentary	我觉得如果你跟她提起她会笑的。
2407	objCommentary	{font 3}“嗯！||这就是你知道我天生适合表演的原因！”
2409	objCommentary	埃什是我非常好的朋友Noel_Berry设计的。
2410	objCommentary	经他许可使用...
2411	objCommentary	但我觉得他甚至不记得做过这些了。
2412	objCommentary	他们是我们一起制作的“Inktober”连载漫画的主角。
2413	objCommentary	故事开头是他们在导师的墓碑前演奏音乐，
2414	objCommentary	导师的灵魂从墓中升起加入了演奏。
2415	objCommentary	我觉得那是一个很有力量的场景...
2416	objCommentary	所以我也借鉴了那个;)
2417	objCommentary	正如狗会说的，
2418	objCommentary	让表演奏效真是...||“汪！”
2419	objCommentary	我希望玩家感觉像在引领这首歌。
2420	objCommentary	这也意味着不能强制玩家按特定节奏玩游戏！
2421	objCommentary	不能有失败状态，#|也不能有“失误”的可能。
2422	objCommentary	我对此坚持不懈！
2423	objCommentary	这基本上意味着这首歌需要有无数层。
2424	objCommentary	它会响应你，|无论你做什么听起来都合适。
2425	objCommentary	这对我们来说并不容易。
2426	objCommentary	我记得我在电话里和Gord商量，#|整理我们需要的所有部分。
2427	objCommentary	那是一次非常紧张的电话。
2428	objCommentary	我向他保证：“我们就做这一次，以后再也不做了。”
2429	objCommentary	没有像这样的部分，#我们根本无法完成这款游戏。
2430	objCommentary	它实现了《Wandersong》的承诺。
2431	objCommentary	我们内部称这首歌为“Wannabe”，|是我写的！
2432	objCommentary	有几首歌是这样完成的。
2433	objCommentary	我写些简单的东西，#|然后Gord会添砖加瓦。
2434	objCommentary	Gord做出这个版本后，#|我们决定让它成为主角的主题曲。
2435	objCommentary	吟游诗人把它当作成名曲来介绍，这很贴切，
2436	objCommentary	他们最终揭示了自己的真实愿望...
2437	objCommentary	结果却被真正的英雄抢走了。|真痛！
2438	objCommentary	之后，|我们又回去把这首歌藏在序章里。
2439	objCommentary	你在听到吟游诗人主题曲之前#就能听到它，这是有意为之。
2440	objCommentary	第二幕全是关于风的。
2441	objCommentary	开始时，|和怪兽对抗，|你逆风歌唱。
2442	objCommentary	然后，|和乐队一起，|你随风歌唱。
2443	objCommentary	然后在灵界，|你自己引导风！
2444	objCommentary	{shake}我|||爱|||海盗
2445	objCommentary	这套色彩灵感来自芒果和蜜瓜味的Melona冰棒，
2446	objCommentary	我整个夏天边制作这幕边吃这些冰棒。
2447	objCommentary	它们是韩国的非常甜且奶油味很浓的冰淇淋棒。
2448	objCommentary	我第一次吃到它们时，
2449	objCommentary	我的第一反应是愤怒。
2450	objCommentary	我那时已经20多岁了，#却浪费了那么多时间没吃过它们。
2451	objCommentary	你知道，|在游戏《地球冒险》中...
2452	objCommentary	（这是我最喜欢的游戏之一...）
2453	objCommentary	在英文翻译里，|他们把酒吧改成了咖啡馆。
2454	objCommentary	所有大人都说你喝咖啡太年轻了，|之类的。
2455	objCommentary	我想把这个想法发挥得更远一些。
2456	objCommentary	这些海盗不要朗姆酒！||他们全靠咖啡提神！
2457	objCommentary	我觉得这是给孩子们的好信息。
2458	objCommentary	但咖啡也能让你在黑暗的海洋夜晚保持清醒！
2459	objCommentary	而且咖啡是非常有价值的农产品！
2460	objCommentary	这真的很有道理，|不是吗？
2461	objCommentary	高中时我做了一个关于海盗的#免费日式RPG，叫“Dubloon”。
2462	objCommentary	它现在还在网上...
2463	objCommentary	炸弹女孩安妮和跳舞猴子都是那个游戏里的角色。
2464	objCommentary	根据游戏设定，
2465	objCommentary	那只猴子可能实际上寄宿着一位#传奇且强大的海盗的灵魂。
2466	objCommentary	他是队里的魔法师，#可以施展各种疯狂魔法。
2467	objCommentary	实际上，|我刚决定《Wandersong》里这也是官方设定。
2468	objCommentary	是的。
2469	objCommentary	有一年生日，|#我妈妈给我画了张《Wandersong》同人画。
2470	objCommentary	吟游诗人在唱歌，|太阳微笑着照耀着他们，
2471	objCommentary	附近的湖里，|一条鱼也在跟着唱。
2472	objCommentary	我把她画的小鱼放进了游戏...|太棒了。
2473	objCommentary	谢谢妈妈！
2474	objCommentary	卡莉俄佩是为我之前的游戏|#《Coin_Crypt》设计的。
2475	objCommentary	她是个{wiggle}死灵法师...{/wiggle}捏哈哈哈！
2476	objCommentary	Kat_Angeloni|做了#《Coin_Crypt》的音效，
2477	objCommentary	她回来为这款游戏重现了她的角色。
2478	objCommentary	这一幕全是关于空间的。
2479	objCommentary	我知道你会有很多地方要乘船去...
2480	objCommentary	但我直到最后一刻才想到航行画面。
2481	objCommentary	我|差点|就做了个菜单界面！
2482	objCommentary	我甚至开始写代码了，#后来才意识到，
2483	objCommentary	{shake}“等等，|我在干嘛？？？”{/shake}
2484	objCommentary	你能想象那会有多无聊吗？
2485	objCommentary	我原本设想吟游诗人走进这家#咸味十足的海盗酒吧，
2486	objCommentary	然后用一首欢快的歌赢得他们的欢心！
2487	objCommentary	教他们愚蠢和快乐的价值！！！
2488	objCommentary	这是许多“天真角色旅程”电影里的经典场景。
2489	objCommentary	但我挣扎着如何让它和剧情契合。
2490	objCommentary	所以我淡化了...|如果你在这里唱歌，#|海盗们会跟着唱。
2491	objCommentary	我还写了他们要唱的歌词！
2492	objCommentary	这就是你发现其中一个岛屿位置的方式。
2493	objCommentary	玩家们并没有自然而然地发现它...
2494	objCommentary	所以|后来，|我决定让它变成|可选的！
2495	objCommentary	而且没有歌词！|那些也不太奏效。
2496	objCommentary	所以只要|你在这个房间唱歌，#|角色们也会做出反应并一起唱歌。
2497	objCommentary	但那时游戏的其余部分几乎已经完成了，
2498	objCommentary	而且为一个可选的内容录制配音工作量太大了。
2499	objCommentary	这可能是Em唯一劝我放弃的愚蠢功能。
2500	objCommentary	而且，|这是个明智的决定。
2501	objCommentary	不过我仍然想知道如果做了会怎样...
2502	objCommentary	我的朋友Chevy_Ray早期帮我写了碰撞检测代码...
2503	objCommentary	用了一些...|黑暗的，|扭曲的数学...#||我甚至不记得它是怎么工作的了。
2504	objCommentary	不过它确实存在，|没错。
2505	objCommentary	这就是那种让你能智能碰撞|任何|形状的黑暗魔法。
2506	objCommentary	搞定后，|我玩得很疯。
2507	objCommentary	唱歌时旋转的轮盘是我尝试的第一批东西之一。
2508	objCommentary	但我做的旋转轮盘本身又大又结实...
2509	objCommentary	就像旋转一个巨大的旋转门。
2510	objCommentary	挺有趣的，|但真的，|非常|蹩脚。
2511	objCommentary	现在它在这里，|作为完全不同事物的控制方式。
2512	objCommentary	这就像塞尔达！
2513	objCommentary	Wandersong通常不会这么明显地设计谜题，
2514	objCommentary	在灵界之外。
2515	objCommentary	但游戏的这一部分感觉非常“谜题感”，#用一种经典的游戏方式。
2516	objCommentary	我想让玩家感觉像是在进入一个新世界，#|某种程度上。
2517	objCommentary	英雄的世界...
2518	objCommentary	这个想法是我当场想出来的。
2521	objCommentary	我不太确定这个想法具体来自哪里。
2522	objCommentary	但一有这个想法，|#我就知道我必须实现它。
2523	objCommentary	我让Gord做了一首芯片风格的斯卡音乐，#玩得|非常|开心。
2524	objCommentary	我们一起花了一天时间听#90年代俗气的斯卡音乐，汲取灵感。
2525	objCommentary	我觉得这真的是Wandersong最好部分的体现。
2526	objCommentary	我以一种自由流动的方式#制作了很多游戏内容，|一幕接一幕，
2527	objCommentary	即兴创作并试图给自己带来惊喜。
2528	objCommentary	这就是独立游戏自然激发的那种能量。
2529	objCommentary	但|游戏后期，#这种制作方式带来了很多阻碍...
2531	objCommentary	这个谜题的想法很早就出现在我的初始笔记里。
2532	objCommentary	我觉得这是游戏迟早得做的事情之一。
2533	objCommentary	但我必须非常耐心地去运用它。
2534	objCommentary	第一幕和第二幕倾向于缓慢推进...
2535	objCommentary	但到这时玩家终于准备好迎接这种内容了。
2536	objCommentary	现在基础已经奠定。
2537	objCommentary	之后，|感觉我可以随心所欲地使用唱歌元素了。
2538	objCommentary	马库斯就像是，|那个...
2539	objCommentary	如果有毒的阳刚之气具有自我意识，#|还想做自己，会怎样？
2540	objCommentary	我认识这样的人...|情况可不太好。
2541	objCommentary	但把第三幕安排成英雄和冒险的故事#|感觉很合适。
2542	objCommentary	我认为“英雄冒险”心态本质上带有某种破坏性...
2543	objCommentary	至少按照我现在看到媒体中#的表现方式是这样。
2544	objCommentary	嗯...|我有点跑题了。
2545	objCommentary	其实有三种不同的方式来“赢得”这个局面。
2546	objCommentary	我最初只打算设计一种，#就是喝咖啡然后用歌声赶走马库斯。
2547	objCommentary	我花了大量时间在幕开始时介绍那个方法！
2548	objCommentary	但后来我不断发现其他有趣的互动。
2549	objCommentary	还有，|我本应该某时提醒玩家咖啡的事...
2550	objCommentary	我觉得这是我没遵守的契诃夫枪法则。
2551	objCommentary	我一边给船长做动画，#一边用嘴模拟脚步声。
2552	objCommentary	然后我知道了。||那声音实在太棒了。#||它一定得用这个声音。
2553	objCommentary	我很感激能参与一个允许我做这些的游戏。
2554	objCommentary	实际上，|我对这款游戏的#很多部分都有这种感觉。
2555	objCommentary	说到有毒的阳刚气质#及其与冒险和英雄的关系...
2556	objCommentary	船长卢卡斯就是这种纠缠的典型，|不是吗？
2557	objCommentary	他曾经看到一个漂亮女人，|就像...
2558	objCommentary	现在他踏上了争取她爱的冒险，#|就像赢得奖品一样，|他必须得到她...
2559	objCommentary	有点让人讨厌，|对吧？？？
2560	objCommentary	但当她拒绝他时，#|至少他还懂得体面地退出。
2561	objCommentary	从长远看，|他关心她的愿望#和自己的同样多。
2562	objCommentary	这让他比马库斯更有救赎可能。
2563	objCommentary	我很喜欢这个地方的视觉设计效果。
2564	objCommentary	我制作背景时试图模仿《Splatoon》的加载画面...
2565	objCommentary	背景原本应该看起来泡泡状且像液体...
2566	objCommentary	但我从未搞明白怎么做。
2567	objCommentary	不过我喜欢它看起来的样子。
2568	objCommentary	后来，|当我需要一个背景效果用在死亡的统领时，
2569	objCommentary	我决定直接复用这个！
2570	objCommentary	它有一种很好的“不祥”感觉。
2571	objCommentary	在做新东西之前，#|你应该总是考虑可以复用什么！
2572	objCommentary	我觉得这是一个很棒的经验法则。
2573	objCommentary	第三幕本来是关于波浪|和空间的。
2574	objCommentary	这个想法大致转化为改变这些东西的形状...
2575	objCommentary	作为一种“扭曲空间”的方式。
2576	objCommentary	这些形状实际上完全由正弦波定义。
2577	objCommentary	在关卡编辑器里，#|它们都是相同的对象，
2578	objCommentary	但有独特的波偏移、#周期和振幅参数。
2579	objCommentary	第三幕也涉及混沌。
2580	objCommentary	我希望这些东西既让人困惑又不稳定。
2581	objCommentary	所以你只能对它们随机唱歌，#猜它们会变成什么形状。
2582	objCommentary	玩家轮盘上的音符也是随机的。
2583	objCommentary	（或者半随机...|有一个模式指导音符的选择。）
2584	objCommentary	这整个部分旨在让人感到有点挫败。
2585	objCommentary	它感觉不像是“为你量身定做”的。
2586	objCommentary	因为吟游诗人开始感觉格格不入...
2587	objCommentary	就像他们不属于这里。
2588	objCommentary	这一部分花了巨大的努力，#|尤其是考虑到它有多小。
2589	objCommentary	{shake}不过绝对值得！{/shake}
2590	objCommentary	我期待这个很久了。
2591	objCommentary	我真的考虑了很多关于奥黛丽的玩法...
2592	objCommentary	我希望它足够强大，#能够完整地支撑起另一个完整的游戏。
2593	objCommentary	然后只给玩家那款游戏的一小部分体验。
2594	objCommentary	从她物理上的细微变化来看，#|奥黛丽确实是个不同的存在。
2595	objCommentary	你知道她甚至有冲刺/闪避动作吗？
2596	objCommentary	我确实考虑过这部分游戏的整体结构会是什么样。
2597	objCommentary	我想象奥黛丽可以像《洛克人》一样，#|按任意顺序挑战统领。
2598	objCommentary	但随着时间流逝，#|他们都变得更大更强了。
2599	objCommentary	所以她面对的每一个敌人都比上一个更强。
2600	objCommentary	我真的不想做超过必要的这种玩法。
2601	objCommentary	但我确实很想尝试。
2602	objCommentary	我本可以用很多方式扩展它...
2603	objCommentary	我非常喜欢用剑击打投射物的机制，
2604	objCommentary	并根据击打角度将它们引导到不同方向。
2605	objCommentary	我曾想过用这个机制藏一个高尔夫小游戏...
2606	objCommentary	{}从概念到最终呈现，第4幕的变化最大，#远远超过其他部分。
2607	objCommentary	我一直知道这幕会是吟游诗人克服悲伤的故事。
2608	objCommentary	但最初的设定是一个|雪中的小小村庄。
2609	objCommentary	它本来会更有“节日”主题...|到处都是彩灯...
2610	objCommentary	吟游诗人会被节日气氛所鼓舞！！！
2611	objCommentary	我一直想这幕会有一个“时间”主题。
2612	objCommentary	但我不知道这会如何转化为城镇玩法。
2613	objCommentary	直到《星露谷物语》发布，#|就在我开始第4幕的时候。
2614	objCommentary	我自己一直没能真正沉浸进去...
2615	objCommentary	但一想到有时间表的玩法，#我就无法忘记它。
2616	objCommentary	这真是个奇怪、|出乎意料、#不切实际的想法...
2617	objCommentary	我必须试试。
2618	objCommentary	结果它成了整个游戏中最不必要地复杂的部分。
2619	objCommentary	写日夜NPC日程表，|真的...|||不简单。
2620	objCommentary	而我做这一切只是为了游戏中的一个小部分！！！
2621	objCommentary	就在我做完整段动作游戏后！！！
2622	objCommentary	我希望它至少产生了一些影响...
2623	objCommentary	直到写了彼得的第一段对话，#我才知道他会爱上米莉安。
2624	objCommentary	然后某种|看起来...|很明显的原因。
2625	objCommentary	直到写了|她|的对话，#我也不知道米莉安会回应。
2626	objCommentary	在这点上，|我和玩家一起经历了情感过山车。
2627	objCommentary	我们在游戏很多地方都用到了“耳语”唱腔...
2628	objCommentary	但第4幕才是我们决定录制它的真正原因。
2629	objCommentary	这并不容易！
2630	objCommentary	我们对表演者John_Robert_Matz|#要求很高。
2631	objCommentary	但他真的做到了！
2632	objCommentary	这幕因此更有力量。
2633	objCommentary	吟游诗人失声是你能真切感受到的失落。
2634	objCommentary	这一段是我很早就有的几个大想法之一。
2635	objCommentary	但我原想它发生在一个轻松的圣诞老人玩具店。
2636	objCommentary	所有小精灵都会沮丧，无法做玩具...
2637	objCommentary	但吟游诗人会跑来跑去，|鼓励他们。
2638	objCommentary	他们会一起唱歌，|启动制作音乐玩具的机器，
2639	objCommentary	把歌曲带向高潮的欢乐大合唱！
2640	objCommentary	这幕的很多设定都是为了铺垫那个玩法。
2641	objCommentary	但哇，|整幕的氛围在那个想法下发生了很大变化。
2642	objCommentary	我花了很长时间才理清这些。
2643	objCommentary	所以这一部分实际上在最后阶段变化很大。
2644	objCommentary	在开发的大部分时间里，#|工厂里的每个人一开始都没在工作，
2645	objCommentary	当吟游诗人“激活”他们时，#|他们才开始操作机器。
2646	objCommentary	这...||完全说不通。
2647	objCommentary	我很高兴有时间重新审视它。
2648	objCommentary	这是我第4幕原先“节日”想法的唯一残留。
2649	objCommentary	很难夸大这幕和我最初想法相比变化之大。
2650	objCommentary	不过我更喜欢现在这样的版本。
2651	objCommentary	这幕在最后阶段经历了几次重大变动。
2652	objCommentary	我对“信息”和如何传达它有很多困惑的想法。
2653	objCommentary	一个大问题是...
2654	objCommentary	招募失业者去推翻工厂没有道理。
2655	objCommentary	毕竟，|镇上的人们一直在抱怨工厂。
2656	objCommentary	那么招募“内部”的人不更合理吗？
2657	objCommentary	我曾想把工人都改成被洗脑的...
2658	objCommentary	仿佛工厂把他们变成了机器人之类的...
2659	objCommentary	这会很恐怖...#|也会让冲突更“明显”。
2660	objCommentary	但我坚持保留每个人的个性。
2661	objCommentary	那是《Wandersong》的巨大特色之一。
2662	objCommentary	我也不想把人们简化成“被洗脑”的存在...
2663	objCommentary	因为实际上，#|正如我也试图探讨的那样，
2664	objCommentary	坏事其实是由有自由思想、#|善意的人推动的！
2665	objCommentary	所以我为每个角色添加了新的对话，
2666	objCommentary	直接说明他们为何不帮你推翻它。
2667	objCommentary	这确实帮助解开了故事中的情感结。
2668	objCommentary	我曾经思考过通过工厂把“斯金纳箱”机制放进游戏。
2669	objCommentary	那是一种完全剥削的机制，#|和所有经典的免费游戏垃圾一样...
2670	objCommentary	有朋友甚至开玩笑建议加内购并从中获利。
2671	objCommentary	但那太邪恶了...||我没办法做这事。
2672	objCommentary	这大概说明我能做暴力英雄的内容，#|却不能做那个。
2673	objCommentary	游戏内容是想唤起那种感觉，#但要温和得多。
2674	objCommentary	这确实和毫无意义的幸福主题契合得很好...
2675	objCommentary	我们做了很多事情来强化玩法中的“时间”元素。
2676	objCommentary	所有角色都随着节拍进行明显的动作...
2677	objCommentary	过场动画中的暂停和动作变化也被调整为随节拍发生。
2678	objCommentary	我们希望整个镇子感觉像钟表一样精准运转。
2679	objCommentary	我非常喜欢这里日落时的色彩。
2680	objCommentary	这个镇子最终有点《时之笛：玛乔拉的假面》的感觉。
2681	objCommentary	所以把天文学家融入剧情感觉很自然。
2682	objCommentary	她最终成了游戏中唯一的“科学”角色...
2683	objCommentary	我喜欢她与吟游诗人#以及统治她世界的奇异魔法之间的互动。
2684	objCommentary	到了这部分，#我真的很同情米莉安。
2685	objCommentary	她渴望成为自己故事的英雄...
2686	objCommentary	但最终她只是你的提示引导者。
2687	objCommentary	我认为在某种程度上，
2688	objCommentary	她帮助了吟游诗人理解自己不是英雄的失落。
2689	objCommentary	如果我们总是仰望，#|就会抹去那些被困在我们下面的人。
2690	objCommentary	我对做这段玩法兴奋了很久！
2691	objCommentary	这可能是游戏中最“硬核”的部分...
2692	objCommentary	有时我担心自己做得太过了。
2693	objCommentary	但我觉得这让人感觉紧张且令人沮丧，#但这是种好感受。
2694	objCommentary	这是你在明确被告知不属于这里后#首次进入灵界。
2695	objCommentary	所以现在这个世界对你特别矛盾。
2696	objCommentary	灵界部分经历了最多的改动。
2697	objCommentary	调试时钟玩法就尝试了|好多|次...
2698	objCommentary	起初我想让它更“松散”...
2699	objCommentary	让玩家可以任意旋转，#|并精确控制时间速度。
2700	objCommentary	但那太令人困惑了...
2701	objCommentary	花了很长时间才弄清楚视觉提示
2702	objCommentary	我们做的最后一个大改动是#让世界随着时间的方向改变颜色
2703	objCommentary	这让感觉酷多了！#||事后看来似乎很明显。
2704	objCommentary	一旦我让玩家控制时间的速度...
2705	objCommentary	很难给他们一个理由去加快时间。
2706	objCommentary	慢一点总是更简单...
2707	objCommentary	但如果答案总是变慢，#|你永远不会改变它。
2708	objCommentary	改变它真的很酷！
2709	objCommentary	...|所以这些东西才会存在
2710	objCommentary	我没想到有人会理解这个，
2711	objCommentary	但“排队等待”是受《地球冒险》瀑布谜题启发...
2712	objCommentary	我们做“waiting room”这首歌时玩得非常开心
2713	objCommentary	之后我受到启发，给秩序精灵设计了小舞蹈
2714	objCommentary	顺便提一下，|Gord写的歌正好是69秒长
2715	objCommentary	这就是秩序精灵最后说“好极了！”的原因
2716	objCommentary	我在这里边做边学了很多
2717	objCommentary	直到我开始写这场景时才知道米莉安和英雄会战斗
2718	objCommentary	我对此非常矛盾！
2719	objCommentary	我觉得我在挑战《Wandersong》的界限
2720	objCommentary	我对女王秩序有|很多|想法没能用上
2721	objCommentary	她是我为游戏画的最早角色之一
2722	objCommentary	她疯狂迷恋茶，并且对时间表有强烈执念
2723	objCommentary	但剧情此时有太多其他需求
2724	objCommentary	这里结尾的场景需要所有主要角色回归...
2725	objCommentary	而且我们需要涵盖的内容太多
2726	objCommentary	抱歉，秩序女王。|也许下次...
2727	objCommentary	第五幕的剧情最初是我对整个游戏的构想。
2728	objCommentary	在我想到地球之歌后，|它更像是一个支线故事...
2729	objCommentary	但这可能也是它变得如此庞大的原因
2730	objCommentary	无法回避...|故事需要一些史诗般的东西
2731	objCommentary	拖着自己走出充满技术难题的第四幕后...
2732	objCommentary	我想我会尽快完成这一幕
2733	objCommentary	说实话，我一点准备都没有
2734	objCommentary	在创作过程中遇到了许多挑战
2736	objCommentary	我兴奋地做了这部分，因为这是{wiggle}最终的幽灵战{/wiggle}
2737	objCommentary	而且我已经在游戏上工作了很长时间...
2738	objCommentary	...那让我对之前的幕感到怀念。
2739	objCommentary	所以它一开始是对第一幕幽灵的呼应！
2740	objCommentary	然后发展到类似概念下奇怪的新东西。
2741	objCommentary	这真的展示了玩家现在的唱歌训练得多么出色。
2742	objCommentary	另外，|当我做这部分时，|我还不知道Hala是谁。
2743	objCommentary	但到音乐加入时我知道了。
2744	objCommentary	所以我们先写了她的主题曲，|然后再悄悄加入这一部分。
2745	objCommentary	本来你会在这里遇到第二幕的乐队
2746	objCommentary	他们“加入你的队伍”了一会儿，|并和你一起走...
2747	objCommentary	他们还补充了一些有用的背景设定。
2748	objCommentary	接下来的音乐环节里，|他们将和你一起组成“游行乐队”。
2749	objCommentary	这就是那个游戏玩法想法最初的由来
2750	objCommentary	但当我到了木材镇，|对他们接下来做什么没想法了。
2751	objCommentary	于是我又回头把他们移除了。
2752	objCommentary	此时我对第五幕的剧情感到很不确定。
2753	objCommentary	游戏的基调从开始就变化很大。
2754	objCommentary	我觉得我失去了明确的前进方向。
2755	objCommentary	我越来越担心会疏远玩家。
2756	objCommentary	回头看，|我对所有选择都很满意。
2757	objCommentary	但当时我真的看不到前路。
2758	objCommentary	剧情慢慢开始在这里拼合起来。
2759	objCommentary	那时我才确定另一个王国将全部是巫师。
2760	objCommentary	这是个艰难的决定...
2761	objCommentary	我曾考虑让他们成为怪物王国。
2762	objCommentary	但巫师更适合现有世界。
2763	objCommentary	并让我有机会更多地探索米莉安...
2764	objCommentary	直到很久以后我才决定加入亲宠动物。
2765	objCommentary	鲁勒的人们需要某种和巫师同等级的“特殊”存在。
2766	objCommentary	...|承认我为此经历了多么艰难的时期真的很尴尬。
2767	objCommentary	但这是真实的故事，#说明这些事物是如何诞生的。
2768	objCommentary	很明显我当时对自己失去了很多信心。
2769	objCommentary	我真的很高兴自己没有放弃。
2770	objCommentary	我为游戏中的每一幕都记了笔记本。
2771	objCommentary	我会画角色草图，写剧情点子，记下漏洞等。
2772	objCommentary	它们有点像游戏每部分的日记。
2773	objCommentary	回头看第五幕，#|我记得的就是我挣扎了多少。
2774	objCommentary	但我惊讶地发现笔记本第一页...
2775	objCommentary	我记下的所有关键剧情点#几乎一比一地转化到了游戏里。
2776	objCommentary	我挣扎的是所有细节和中间部分！
2777	objCommentary	整座城市就是那些中间部分之一。
2778	objCommentary	我知道吟游诗人会把信息传给国王。
2779	objCommentary	但我不知道从到达这里到那时之间会发生什么。
2780	objCommentary	英雄/药水的剧情也是一点点拼凑起来的。
2781	objCommentary	即使有了这个想法，|我也不确定是否正确。
2782	objCommentary	只有在写作过程中...
2783	objCommentary	我才找到它和米莉安以及未来游戏事件的联系方式。
2784	objCommentary	我稍微研究了中文来给夏天城命名。
2785	objCommentary	游戏这部分有“太阳”主题...|第五幕整体有点“天空”...
2786	objCommentary	所以我组合了词语成“夏天”，#大致意思是“在太阳下”
2787	objCommentary	我把它试给室友Jaymee听，#|她懂点中文（也是英雄配音...！）
2788	objCommentary	她告诉我我想出来的基本上就是中文里的“夏天”一词。
2789	objCommentary	所以，|你看吧。
2790	objCommentary	希望对流利中文的人来说不会太普通。
2791	objCommentary	实际上我最先为这部分实现了叶子
2792	objCommentary	然后回去加到了第二幕
2793	objCommentary	我很久以前就把它们当作第二幕的风主题玩具...
2794	objCommentary	而且因为它们是风主题的，#|应该一直留在那里
2795	objCommentary	我打破了规则把它们放到这里...
2796	objCommentary	但当我想到老太太和花时，#|我太受启发了
2797	objCommentary	允许自己破例也帮助我突破了这幕的创作瓶颈。
2798	objCommentary	结果主题感没那么强烈...
2799	objCommentary	但在这种情况下，#主题反而有害无益
2800	objCommentary	这个房间看起来眼熟吗？
2801	objCommentary	每个统领的城堡都是从这样的房间开始的
2803	objCommentary	但第一位统领死后，#|灵界的东西开始偷偷进入现实世界
2804	objCommentary	第四幕的齿轮/机械也发生了这种情况
2805	objCommentary	我写了“给国王的信息”的旋律和歌词。
2806	objCommentary	我不知道为什么，|但我受到了#原版《Teen Titans》动画主题曲的启发。
2807	objCommentary	法术小队！！！！
2808	objCommentary	第五幕本来应该有“日与月”的主题。
2809	objCommentary	但我们更喜欢“月”那边。
2810	objCommentary	因此有了这些酷女孩...
2811	objCommentary	她们就像...||美少女战士！||{shake}懂了吗？？？{/shake}
2812	objCommentary	我对在这里做战斗没什么兴奋感。
2813	objCommentary	让吟游诗人参与这种事感觉有点牵强。
2814	objCommentary	但我也知道游戏想继续往这个方向探索。
2815	objCommentary	所以我得让它慢慢变化。
2816	objCommentary	尽管如此...
2817	objCommentary	我实际上让玩家可以不做任何事也能通过这一段。
2818	objCommentary	这样他们就不用参与暴力场面了。
2819	objCommentary	除了“日与月”...
2820	objCommentary	我们讨论过第五幕的另一个主题#想法是“烟雾与明镜”。
2821	objCommentary	但我们在视觉、音效和故事上#对镜子的运用更感兴趣，也更有趣。
2822	objCommentary	玩法方面就没那么多了...
2823	objCommentary	我们本可以设计一些基于反射歌声指令...#|或者回声的谜题...
2824	objCommentary	但那感觉对这款游戏来说太技术性了。
2825	objCommentary	为乐队录制歌曲的想法...
2826	objCommentary	一直在我脑海里浮现很久了。
2827	objCommentary	感觉这是我们必须拥有的东西之一。
2828	objCommentary	但是当我走到这里，#|开始看到游戏其余部分的路径时，
2829	objCommentary	我意识到我快没时间使用它了！
2830	objCommentary	所以它就落在了这里。
2831	objCommentary	这一部分也大量借鉴了#《花园墙外》中船的视觉灵感。
2832	objCommentary	费尔南多基于一个朋友的朋友。
2833	objCommentary	我收到了一段他在舞台上#弹手风琴的真实YouTube视频...
2834	objCommentary	然后把它砸碎，点燃。
2835	objCommentary	这个想法太疯狂了！！#|所以我直接全盘照搬了。
2836	objCommentary	莫哈布米！！！
2837	objCommentary	它在印地语里意为“魔法之地”。#|是我朋友Divya帮我想出来的。
2838	objCommentary	念起来很有趣。
2839	objCommentary	是《空洞骑士》给了我在这里尝试#制作类银河战士恶魔城游戏的想法。
2840	objCommentary	我之前做过一款，|那是我制作游戏时最开心的经历之一。
2841	objCommentary	所以我很想尝试#把这个结构和《Wandersong》结合起来。
2842	objCommentary	我对结果非常满意！
2843	objCommentary	咒歌完全是天作之合。
2844	objCommentary	当我向玩家介绍《Wandersong》时，|#他们常以为整个游戏就是这么玩的。
2845	objCommentary	因为这是其他流行游戏中唯一采用的方式。
2846	objCommentary	我享受过无数小时积累其他想法后#达到这个点的过程。
2847	objCommentary	我给自己设定了许多限制以保持设计简洁。
2848	objCommentary	否则在这里随意设计关卡会太容易失控...
2849	objCommentary	我喜欢一个“道具”，#你学会多种操控方式的想法。
2850	objCommentary	这让设计保持得相当干净利落。
2851	objCommentary	类银河战士恶魔城游戏中#最酷的时刻之一就是获得新能力...
2852	objCommentary	它会彻底改变你看待旧场景的方式。
2853	objCommentary	这保持了那种“啊哈”感觉，#而不用引入很多不同的道具。
2854	objCommentary	为了确保你不会在某些地方#用意外的歌曲破坏东西，这过程经过了反复试验...
2855	objCommentary	这一幕正是我加入跳舞机制的原因。
2856	objCommentary	最初吟游诗人这里只有一个小动作。
2857	objCommentary	但后来我开始有了更大的想法...
2858	objCommentary	跳舞实在太好玩，也太合适，不能只放在这里。
2859	objCommentary	无论如何，|你和米莉安分享的那一刻才真正让这里特别起来。
2860	objCommentary	我花了很长时间才鼓起勇气写下它。
2861	objCommentary	我想我写到第六幕中途才回过头来补写...
2862	objCommentary	我在一天灵感爆发时写完了大部分#米莉安在莫哈布米的文本。
2863	objCommentary	因为第五幕很多都涉及知识与信息，
2864	objCommentary	以及真相与谎言...
2865	objCommentary	我也做了很多关于“眼睛”和遮蔽的设计。
2866	objCommentary	我敢肯定没人注意到，
2867	objCommentary	几乎没有例外...
2868	objCommentary	鲁勒的人每个人都有两只明显可见的眼睛，
2869	objCommentary	而钱德什人眼睛都会被某些东西遮挡，#|通常是眼镜。
2870	objCommentary	基于此，|我曾想过让女王失明...
2871	objCommentary	也许有点明显...#|但这也与灵界联系相关，
2872	objCommentary	（月之统领实际上没在游戏里出现过，#|但他们原本是蝙蝠形象。）
2873	objCommentary	但尝试了几次后我最终放弃了这个设定。
2874	objCommentary	有那样的表现和对话本来会很酷...
2875	objCommentary	但故事里还有太多其他内容，#无法给予她残疾应有的铺垫、时间和尊重。
2876	objCommentary	这差不多成了官方设定，|但从未被提及。
2877	objCommentary	这可能是我游戏里最喜欢的歌曲。
2878	objCommentary	我给Gord参考了《唐老鸭俱乐部》的月亮主题#和Slow_Magic的作品。
2879	objCommentary	然后他完全没照着那两者做，#反而做出了别的东西...
2880	objCommentary	但从长远来看，|远超我的预期。
2881	objCommentary	我们还开始用我的Omnichord玩声音设计。
2882	objCommentary	试着把音乐调低一点，然后听这里的踢踏舞声...
2883	objCommentary	我内心深处很痴迷灵界中光线与物体碰撞的方式。
2884	objCommentary	我试过几次用同样的概念做解谜游戏。
2885	objCommentary	我也说不上来，|就是让我脑子痒痒的。
2886	objCommentary	这大概是我在漫不经心测试时最常回来的游戏部分。
2887	objCommentary	我最早关于灵界的笔记谈到了“另类现实气泡”...
2888	objCommentary	尝试寻找将“真与假”与“光与暗”结合的方法。
2889	objCommentary	想法可能是你激活气泡来展示小的另类现实...
2890	objCommentary	我以前在其他游戏里见过类似的想法。
2891	objCommentary	但实际上这个想法更容易实现。
2892	objCommentary	感觉非常自由而轻盈，#|我很喜欢这个部分的感觉。
2893	objCommentary	焦虑思考的部分会在后面出现。
2894	objCommentary	上一部分是开放的，|自由的，|漂浮的...
2895	objCommentary	这一部分非常密集且焦虑...
2896	objCommentary	感觉整个屏幕就是满满的阻碍。
2897	objCommentary	如果你能直接看到关卡，#这部分会特别无聊，真是太神奇了。
2898	objCommentary	作为游戏设计师，|这感觉像是在作弊。
2899	objCommentary	设计出好的潜行机制真的很难。
2900	objCommentary	所以我保持让它非常简洁，#|也不是唯一焦点。
2901	objCommentary	有趣的是，
2902	objCommentary	我朋友Matt和Noel在他们的游戏《Celeste》中#也设计了非常类似的部分。
2903	objCommentary	它们出现在故事的类似节点，
2904	objCommentary	我们差不多同时在做这些内容，
2905	objCommentary	我们两个都是独立想到的。
2906	objCommentary	我觉得这种玩法有某种普遍共鸣。
2907	objCommentary	我们对游戏结构的改变#如何改变游戏的感觉很感兴趣...
2908	objCommentary	以及它如何成为一种讲故事的元素...
2909	objCommentary	我费了很大功夫才让追逐战的感觉到位。
2910	objCommentary	有段时间那效果简直糟透了。
2911	objCommentary	它所需要的东西基本集中在审美。
2912	objCommentary	要让怪物显得近在咫尺...
2913	objCommentary	我添加了大量静电干扰和屏幕震动...
2914	objCommentary	结尾那段漫长的平地奔跑也算取巧设计。
2915	objCommentary	整体效果比实际机制"显得"紧张得多。
2916	objCommentary	这就是电影魔术的魅力！
2917	objCommentary	这个章节的收尾实在艰难。
2918	objCommentary	舞台格局和冲突规模都太宏大了...
2919	objCommentary	我原以为必须用一场惨烈战争来收场...
2920	objCommentary	或者像|两支军队互相对抗|之类的。
2921	objCommentary	但实际操作中这种场面极难呈现...
2922	objCommentary	毕竟我只有一个人！！！！
2923	objCommentary	更何况当情感张力拉到那么高时。
2924	objCommentary	要合理解决冲突就更加棘手。
2925	objCommentary	...必须既"公平"又保持情感真实性。
2926	objCommentary	所以我几乎一直在慌慌张张地拖延。
2927	objCommentary	整个章节就像房间里的大象|压在我心头。
2928	objCommentary	等真正着手处理时...
2929	objCommentary	我就，|嗯...|好吧...
2930	objCommentary	或许我该试试复用现有素材...
2931	objCommentary	看看效果如何...
2932	objCommentary	结果居然还不错。
2933	objCommentary	当然前提是，别像我当初那样|#在脑子里堆砌不切实际的期待。
2934	objCommentary	我纯粹在自找麻烦。
2935	objCommentary	这点值得我们共勉。
2936	objCommentary	吟游诗人攀登高山。
2937	objCommentary	这是我在游戏笔记最初几页写下的设定。
2938	objCommentary	《风之旅人》给了我极大启发...
2939	objCommentary	我想尝试将那个游戏融合进《Wandersong》。
2940	objCommentary	但当然，最终成品大相径庭。
2941	objCommentary	我花了很多时间在Google_Earth#和维基百科上研究山脉。
2942	objCommentary	这个区域是基于“Namche_Bazaar”。
2943	objCommentary	珠穆朗玛峰脚下最后一点文明。
2944	objCommentary	这是我在游戏中完成的最后一个场景。
2945	objCommentary	没有什么特别的原因。
2946	objCommentary	我找不到喜欢的参考资料，#|所以跳过了它...
2947	objCommentary	然后一直忘记了，#直到最后才想起来。
2948	objCommentary	我自己骑车也爬过一些山，
2949	objCommentary	所以我觉得我理解了登山者的“氛围”...
2950	objCommentary	而且我的朋友们当时也在制作《Celeste》。
2951	objCommentary	思考我们对“爬山”不同的描绘方式很有趣...
2952	objCommentary	我设计了这些“网”，#想着它们会是这一幕最终Boss的一个技能。
2953	objCommentary	它们会把一个玩家角色困住...
2954	objCommentary	然后你得把他们救出来！
2955	objCommentary	我也尝试把鸟作为那场战斗的元素，
2956	objCommentary	作为一种绕路的方式。
2957	objCommentary	但这些都没奏效，#也没能融合在一起。
2958	objCommentary	最初我像制作大多数角色一样，|#一帧一帧地制作鸟的动画，
2959	objCommentary	但对于非人角色来说，|#这款游戏不连贯的动画风格确实让人觉得毫无生气。
2960	objCommentary	或者是我缺乏让它成功的技巧。
2961	objCommentary	所以我最终用一种高级的“骨骼”系统#重做了鸟的动画，这些骨骼通过代码控制移动。
2962	objCommentary	这样它们的动作就平滑且栩栩如生。
2963	objCommentary	它们用的是我为幕间休息的鸟类Boss#设计的同一套“骨骼”系统。
2964	objCommentary	后来这套系统也被用在了其他大型生物上，#|比如第6和第7幕末尾的Boss。
2965	objCommentary	但在某些情况下，#渲染骨骼动画的开销太大。
2966	objCommentary	所以它们会切换回旧的逐帧动画...
2967	objCommentary	如果仔细看，外观差别很明显。
2968	objCommentary	你可以看到气泡里的逐帧动画，#但气泡破裂后就变成“高级”动画了。
2969	objCommentary	我在后来才给怪兽加上吟游诗人的台词。
2970	objCommentary	我希望第6幕的大部分过程没有文字...
2971	objCommentary	真正强调“通用语言”，与动物交流。
2972	objCommentary	但，每个人都以为这是第2幕的怪兽！
2973	objCommentary	我觉得有必要澄清一下，#以免玩家感情受伤。
2974	objCommentary	现在这有点像从语言过渡到哑剧的“转折”时刻。
2975	objCommentary	第六幕有点关于你拥有的“伙伴”顺序。
2976	objCommentary	从我的草图看，#|我有很多关于强壮大型动物的想法...
2977	objCommentary	但一想到虫子，#|就没有回头路了。
2978	objCommentary	我甚至会说它们的故事是#游戏中最重要的故事之一。
2979	objCommentary	所以...|这一段确实有点长，#|但我想让它尽可能烦人。
2980	objCommentary	我想让一些人对吟游诗人感到恼火，|就像...
2981	objCommentary	{shake}“就踩上去吧！！！哎呀！”
2982	objCommentary	制作这段对我来说非常宣泄情感。
2983	objCommentary	因为...
2984	objCommentary	我其实很怕虫子。
2985	objCommentary	我挑战自己在制作这部分时#利用并感受这种害怕。
2986	objCommentary	就像...|让它们真的有点吓人...
2987	objCommentary	但又不知怎么地很可爱...|且友好！
2988	objCommentary	最终，|这款游戏想传达的是#“普世之爱”的理念。
2989	objCommentary	所以如果玩家能学会爱上一些#令人毛骨悚然又恶心的东西，
2990	objCommentary	就像我一样...
2991	objCommentary	那这工作就算完成得很好了。
2992	objCommentary	在游戏《Night in the Woods》中...
2993	objCommentary	有一个开心的小电脑鲨鱼角色叫Sharkle。
2994	objCommentary	我配了他的开心的小声音。
2995	objCommentary	Em真的很想给天空海豹带来一个#类似呆萌的角色位。
2996	objCommentary	所以我给它们配的声音有点那种感觉...
2997	objCommentary	这个场景很受《Celeste》启发。
2998	objCommentary	第四章，|有风的那一章，#|是我视觉上最喜欢的一章。
2999	objCommentary	我喜欢穿越风中的史诗般感觉。
3000	objCommentary	这也有点像《风之旅人》的结尾。
3001	objCommentary	我们没做得那么好，|但就是这样。
3002	objCommentary	这个场景是我从一开始就设想好的一个大场面。
3003	objCommentary	游戏就是必须有这样的一个时刻，#|不是吗？
3004	objCommentary	一旦我坐下来真正写它...#|我惊讶地发现奥黛丽相当坚强。
3005	objCommentary	即使面对死亡，#|她也很难敞开心扉。
3006	objCommentary	我认为她有很多她从未提及的激励因素。
3007	objCommentary	这是我在整个游戏中最后一次#可以卖傻的机会。
3008	objCommentary	所以我真的好好享受了这次机会。
3009	objCommentary	就像在冲进暴风雪前围着火堆取暖。
3010	objCommentary	我觉得心之精灵真的很棒。
3011	objCommentary	我说服了Gord用狗叫声做这首歌。
3012	objCommentary	我们甚至把她的旋律融入了Boss战曲。
3013	objCommentary	这个Boss一度非常糟糕。
3014	objCommentary	我有无数想法都扔进去，#结果一点也不搭。
3015	objCommentary	原本设计了复杂很多的平台布局，#狼会在平台间跳跃。
3016	objCommentary	奥黛丽会寻找路径试图射击他...#|结果一团糟。
3017	objCommentary	而且每个元素都有不同的“玩法”。
3018	objCommentary	你必须和奥黛丽合拍音符来为她的剑充能，
3019	objCommentary	引导一只鸟在战场周围飞行。
3020	objCommentary	唱歌来打破狼困住你和奥黛丽的气泡...
3021	objCommentary	听起来很“史诗！”，#但哇真的很糟糕。
3022	objCommentary	我最终放弃了，#转向别的东西。
3023	objCommentary	设计完第7幕后，#|我觉得我更懂得如何让Boss机制运作了。
3024	objCommentary	所以我回头从头开始，#|用“盾牌”概念设计。
3025	objCommentary	缩小到一个“动词”让它感觉酷多了。
3026	objCommentary	这可能违背直觉，#|但是真的。
3027	objCommentary	我也觉得把吟游诗人定位为#这场战斗的“保护者”很重要。
3028	objCommentary	以区分攻击者奥黛丽。
3029	objCommentary	让玩家角色在游戏冲突中明确地担当“辅助”角色，
3030	objCommentary	嗯，|这感觉对《Wandersong》来说正合适。
3031	objCommentary	这张场景，|我用了游戏中的第一个场景...
3032	objCommentary	然后翻转了它。|哇！！！
3033	objCommentary	我喜欢思考在这样的横版游戏里不同前进方向的感觉。
3034	objCommentary	因为经典游戏的影响，#|向右走感觉是“对”的。
3035	objCommentary	所以让玩家“向左”走有不同的感觉，#|我很喜欢这种感觉。
3036	objCommentary	我不知道你怎么想...
3037	objCommentary	但对我来说，|回到这些老关卡#并给它们带来末日，感觉挺...
3038	objCommentary	哇啊。
3039	objCommentary	背景中掉落的流星是第一幕的另一个有趣点缀。
3040	objCommentary	你会经常看到灵界有这样的流星坠落。
3041	objCommentary	但现在，|它们出现在“现实世界”...
3042	objCommentary	它们不只是美丽的背景...！#|它们真的撞击地面并爆炸！
3043	objCommentary	这一切有点太真实了，|嗯？
3044	objCommentary	这个场景直接受到了我最喜欢的《Celeste》片段启发。
3045	objCommentary	第6章前的梦境，#|你带着羽毛飞翔...
3046	objCommentary	我和Gord紧密合作，#做了一首随着你攀登而逐渐激昂的歌曲。
3047	objCommentary	我从一开始就知道我想让梦之王成为“最终Boss”。
3048	objCommentary	但我脑海中这场战斗的形式多次变化。
3050	objCommentary	我想最终的对决可能是#吟游诗人独自向梦境之王恳求，
3051	objCommentary	用歌声的力量说服他回到光明。
3052	objCommentary	但当我写到这里时，#故事变得层次丰富...
3053	objCommentary	奥黛丽作为明显的反派抢了风头。
3054	objCommentary	不过，我仍然喜欢从那个角度思考这场战斗。
3055	objCommentary	如果这真的是奥黛丽y的游戏，#|那么梦之王确实是最终Boss。
3056	objCommentary	最终你的任务是帮助最终Boss获胜。
3057	objCommentary	我对这场战斗的早期想法和#我第一次设计第六幕Boss时遇到的情况一样
3058	objCommentary	每一次攻击都是不同的游戏机制，
3059	objCommentary	没有任何重叠，|结果一团糟。
3061	objCommentary	因为这场战斗代表了故事中的一个关键时刻...
3062	objCommentary	很想把所有想法都扔进去，让它变得“史诗”。
3063	objCommentary	但我很快意识到让它感觉好玩更重要。
3064	objCommentary	陨落的星星是感觉最酷的攻击，#|所以我专注于它们。
3065	objCommentary	我尝试用植物来扩展这个想法。
3066	objCommentary	它们以类似的方式跟随你的歌声，#但你必须以不同方式瞄准它们。
3067	objCommentary	直到几次试玩后，#我才想到奥黛丽可以反击星星。
3068	objCommentary	我希望她感觉惊喜、有生命力并且会适应，#|就像一个真人玩家。
3069	objCommentary	这个“世界末日”的概念完全来自Em。
3070	objCommentary	经过对整个游戏的音乐和色彩的探索，#这似乎是个非常恰当的想法。
3071	objCommentary	每次统领死亡后，#我们都会降低颜色饱和度并消除声音以预示这一点...
3072	objCommentary	沉默一直是我们象征“终结”的符号。
3073	objCommentary	这就是一切的高潮所在。
3074	objCommentary	我们在开发过程中多次讨论如何实现这一点。
3075	objCommentary	核心理念始终如一...
3076	objCommentary	吟游诗人独自开始唱歌，#|游戏中的角色一个接一个加入。
3077	objCommentary	我们曾长时间认为当大家齐唱时，#这将变成“真正的”地球之歌。
3078	objCommentary	而那时，|它会“进化”成纯粹的噪音和声音...
3079	objCommentary	因为它太“纯净”而无法捕捉其真实形态，#|就像上帝的面容。
3080	objCommentary	但当我决定它“不是真的”地球之歌时，#这感觉更容易实现。
3081	objCommentary	这只是个很好的尝试。
3082	objCommentary	这样我们就能放心地呈现一些“准确”的东西。
3083	objCommentary	我觉得结尾的讯息也更有力量。
3084	objCommentary	具体的游戏玩法方面，
3085	objCommentary	直到走到这一步我才知道会是什么样子。
3086	objCommentary	（如果你读到这里，我相信这并不意外）。
3087	objCommentary	事后看来，使用幕末乐器的想法|非常明显。
3088	objCommentary	但当时这是一个巨大的顿悟。
3089	objCommentary	这也很好，因为我不需要想太多新的东西。
3090	objCommentary	我得以专注于完善玩法并让它感觉良好，
3091	objCommentary	没有想新点子的压力。
3092	objCommentary	我在这里所做的工作也改进了前面幕的乐器环节。
3093	objCommentary	旁白本身是非常临时的决定。
3094	objCommentary	这个想法是在项目的最后几周#提出并完成的。
3095	objCommentary	用我的声音贯穿整个游戏#感觉有些太自我中心了...
3096	objCommentary	但我也很喜欢#回顾其他我喜欢的艺术家的旁白。
3097	objCommentary	我想借此机会#让大家稍微了解制作过程。
3098	objCommentary	我们试图让解锁路径非常晦涩难懂，
3099	objCommentary	以至于玩家通常需要搜索才能找到它。
3100	objCommentary	这样|他们在心理上#已经“离开”了游戏世界，
3101	objCommentary	所以我们可以做一些元叙事，#而不会破坏享受游戏幻觉的玩家体验。
3102	objCommentary	对我们把旁白放入游戏的设计决定的评论...
3103	objCommentary	我们可能达到了元叙事的顶峰，不是吗？
3104	objCommentary	这也很适合作为游戏中的“最终”旁白。
3105	objCommentary	感谢游玩！
3106	objCommentary	{color red}0
1000283	-	由Greg、Em和Gord制作的游戏
1000284	-	- 按任意
1000285	-	键
1000286	-	按钮
1000287	-	开始 -
1000282	-	- 试玩 -
1000281	-	第
1000267	-	一 幕
1000268	-	朗特里#闹鬼记
1000269	-	二 幕
1000270	-	疯狂渡鸦的#演出
1000271	-	三 幕
1000272	-	阿拉比卡夫人号#扬帆起航
1000273	-	四 幕
1000274	-	快乐工厂的#进行曲
1000275	-	五 幕
1000276	-	两国间的#战争
1000277	-	六 幕
1000278	-	伊科尔山的#野兽
1000279	-	七 幕
1000280	-	风暴中的#歌唱
1000251	-	你获得了新的舞蹈！
1000388	objPortal	开始试玩！
1001000	objOneLiner	这边通往朗特里村
1001001	objOneLiner	这边通往罗恩和露比的家
1001007	objOneLiner	这边通往沉眠之树
1001008	objOneLiner	朗特里村在这边
1000389	objPopup	罗恩和露比的家
1000293	-	露比的家
1000387	-	露比的家
1000342	objPopup	玛莉和弗朗辛的家
1000343	objPopup	布朗森和玛丽的家
1000344	objPopup	镇长的家
1000345	objPopup	克莱德的家
1000346	objPortal	米莉安的家
1000347	objPopup	小心脚下！#呼吸水晶在下方
1000348	objPopup	这座山上是德尔菲墓地
1000349	objPopup	天黑后禁止逗留！
1000350	objPortal	雄鹰咖啡馆
1000351	objPortal	福尔摩斯甜品店
1000352	objPortal	疯狂渡鸦酒馆
1000353	objPortal	德尔菲客栈
1000333	-	新乐队成员！
1000000	-	呼吸洞穴
1000016	-	返回灵界
1000017	-	离开灵界
1001002	objOneLiner	这边通往塔坦戈镇
1001003	objOneLiner	这边通往#卡莉俄佩的财富之家
1001005	objOneLiner	卡莉俄佩的财富之家#||就在前方！
2000353	objPortal	塔坦戈岛
1000354	objIslandportal	人鱼遗迹
1000355	objIslandportal	迷失瀑布
1000356	objIslandportal	乌龟海岸
1000357	objIslandportal	人鱼藏身处
1000358	objIslandportal	？？？
1000359	objPortal	返回船上？
1000360	objPortal	硬壳豆咖啡馆
1000361	objPortal	卡莉俄佩的财富之家
1000362	objPortal	圣诞镇郊区
1000363	objPortal	贝丝的餐馆
1000364	objPortal	妈妈的家
1000365	objPortal	屋顶捷径
1000366	objPortal	钟楼酒馆
1000325	-	礼品屋
1000001	-	打发时间？
1000367	objPortal	边境旅馆
1000369	objPortal	鲁勒城墙
1000370	objPortal	木材镇
1000371	objPortal	夏天城（西区）
1000372	objPortal	夏天城门
1000373	objPortal	夏天城（东区）
1000374	objPortal	天空神殿
1000376	objPopup	这座山上是夏天城宫殿
1000377	objPopup	夏天城宫殿在这边
1000378	objPopup	夏天城宫殿花园
1000379	objPortal	鲁勒旅馆
1000381	objPopup	在夏天旅馆放松！
1000382	objPopup	这边通往城出口
1000043	-	偷花吗？
1000302	-	你得到了一片叶子？！
1000041	-	获得材料！
1000260	-	获得药水？
1000383	objPopup	这边通往艾娅神殿中心
1000037	-	回家
1000038	-	尾声
1000039	-	你现在可以访问场景选择
1000029	-	感谢你的
1000030	-	游玩
1000031	-	<3
1000028	-	解说
1000183	-	场景选择
1000184	-	序章
1000185	-	第一幕#朗特里闹鬼记
1000186	-	第二幕#疯鸦酒吧的盛大演出
1000187	-	第三幕#阿拉比卡夫人号扬帆起航
1000188	-	幕间休息
1000189	-	第四幕#快乐工厂的进行曲
1000190	-	第五幕#两国间的战争
1000191	-	第六幕#伊科尔山的野兽
1000192	-	第七幕#风暴中的歌唱
1000193	-	场景
2000000	-	游玩这一幕？
2000001	-	好啊！
2000002	-	不要
1000049	-	梦
1000050	-	吟游诗人
1000051	-	朗特里
1000052	-	梦之境
1000053	-	梦之城堡
1000054	-	朗特里的善良人们
1000055	-	巫师
1000056	-	怪物
1000057	-	德尔菲
1000058	-	表演
1000059	-	德尔菲的复兴
1000060	-	风之境
1000061	-	风之城堡
1000062	-	我想成为英雄
1000063	-	咖啡海盗
1000064	-	阿拉比卡之夜
1000065	-	塔坦戈
1000066	-	人鱼之泪的任务
1000067	-	真是个混蛋！
1000068	-	人鱼
1000069	-	混沌之境
1000070	-	混沌城堡
1000071	-	英雄
1000072	-	噩梦女王
1000073	-	悲伤
1000074	-	圣诞镇
1000075	-	工人团结！
1000076	-	秩序之境
1000077	-	秩序城堡
1000078	-	边境
1000079	-	森林怪物
1000080	-	木材镇
1000081	-	夏天城
1000082	-	鲁勒城堡
1000083	-	穿越边境
1000084	-	法术小队
1000085	-	河舟
1000086	-	莫哈布米
1000087	-	钱德什城堡
1000088	-	蚀日
1000089	-	月之境
1000090	-	日之境
1000091	-	崩塌
1000092	-	和谐
1000093	-	山脉
1000094	-	群鸟
1000095	-	虫群
1000096	-	封印
1000097	-	巨兽
1000098	-	奥黛丽
1000099	-	英雄与吟游诗人
1000100	-	风暴
1000101	-	噩梦之王
1000102	-	流浪之歌
1000109	-	最后一次保存：
1000103	-	没保存过！
1000104	-	小时前
1000105	-	分钟前
1000106	-	刚刚！
1000107	-	一分钟以内
1000108	-	退出游戏
1000110	-	确定退出？
1000111	-	是哒！
1000112	-	不要
1000113	-	控制设置
1000114	-	按下
1000115	-	回车键
1000116	-	开始键
1000117	-	进行编辑
1000118	-	输入指令！按下
1000119	-	以完成更改
1000120	-	返回 >
1000121	-	控制配置：
1000122	-	恢复默认设置
1000123	-	向左移动
1000124	-	方向键用于
1000125	-	方向按钮
1000126	-	向右移动
1000127	-	摇杆上推跳跃
1000128	-	向上移动
1000129	-	唱歌
1000130	-	向下移动
1000131	-	轻声唱歌
1000132	-	跳跃
1000133	-	互动
1000134	-	互动/确认
1000135	-	跳过/返回
1000136	-	跳舞
1000137	-	降调/向下切换舞蹈
1000138	-	升调/向上切换舞蹈
1000139	-	唱歌1
1000140	-	唱歌2
1000141	-	唱歌3
1000142	-	唱歌4
1000143	-	唱歌5
1000144	-	唱歌6
1000145	-	唱歌7
1000146	-	唱歌8
1000147	-	键盘
1000148	-	控制器
1000149	-	移动
1000150	-	无
1000151	-	关闭
1000152	-	开启
1000153	-	右摇杆
1000154	-	左摇杆
1000182	-	设置
1000155	-	< 返回
1000156	-	全屏模式
1000157	-	分辨率
3000175	-	自动调整分辨率
1000158	-	垂直同步
1000159	-	音乐音量
1000160	-	音效音量
1000161	-	震动
1000162	-	HD震动
1000163	-	震动强度
1000164	-	屏幕晃动
1000165	-	闪烁特效
1000166	-	清除游戏存档
1000167	-	制作名单
1000168	-	制作解说
1000169	-	按住按钮...
1000170	-	你确定吗？
1000171	-	此操作不可逆。
1000172	-	如果你通关了主线...
1000174	-	你依然可以回老地方逛逛
1000173	-	再考虑考虑吧。
1000175	-	即将完成...
1000176	-	再见。
1000177	-	确认更改#此设置
1000178	-	禁用
1000179	-	标准
1000180	-	轻度
1000181	-	启用
1000199	-	宝 贝 外 面 煤 太 阳
1000200	-	蹩 脚 点 火 者
1000201	-	小 煤 力 引 擎
1000202	-	甜 蜜 热 心 肠
1000203	-	煤 你 不 行
1000204	-	煤 灰 脸 劳 模
1000205	-	璞 玉 煤 钻
1000206	-	燃 烧 吧 宝 贝
1000207	-	煤 情 四 射
1000208	-	煤 中 王 牌
1000209	-	点 火 骑 士
1000210	-	圣 诞 老 人 的 噩 梦
1000211	-	烈 焰 伟 业
1000212	-	奖励界面！！！
1000213	-	收集煤炭
1000214	-	燃烧煤炭
1000215	-	最终得分
1000216	-	等级
1000217	-	达成等级
1000226	-	本游戏采用自动保存！
1000227	-	当屏幕显示此图标时
1000228	-	请勿关闭PlayStation^4主机电源
1000002	-	爱丽丝
1000003	-	阿玛丽丝
1000004	-	安娜贝尔
1000005	-	阿南亚
1000006	-	安妮
1000007	-	埃拉拉
1000008	-	巴德莉娅
1000009	-	彼得
1000010	-	伯尼
1000011	-	贝丝
1000012	-	巴米
1000013	-	Broggles
1000014	-	博
1000015	-	鲍里斯
1000018	-	布朗森
1000019	-	伍迪
1000020	-	卡莉俄佩
1000021	-	坎德拉
1000022	-	杰布
1000023	-	船长
1000024	-	船长卢卡斯
1000025	-	卢
1000026	-	埃什
1000027	-	克莱德
1000032	-	迪莉娅
1000033	-	德瓦
1000034	-	道格拉斯
1000035	-	梦之精灵
1000036	-	爱德华
1000040	-	埃菲亚斯
1000042	-	费尔南多
1000044	-	弗朗辛
1000045	-	弗朗西斯科
1000046	-	弗兰妮
1000047	-	弗雷德里克
1000048	-	盖比
1000194	-	格特
1000195	-	侏儒
1000196	-	贡萨洛
1000197	-	混沌精灵
1000198	-	埃尔默
1000218	-	心之精灵
1000219	-	爱马仕
1000220	-	秀丸
1000221	-	卡佳
1000222	-	英弘
1000223	-	黄
1000224	-	巴斯顿
1000225	-	伊玛
1000229	-	詹姆
1000230	-	茉莉
1000231	-	杰夫
1000232	-	乔纳斯
1000233	-	约旦
1000234	-	胡安
1000235	-	卡玛拉
1000236	-	肯尼斯
1000237	-	兰
1000238	-	拉普蒂
1000239	-	莱拉
1000240	-	李
1000241	-	莉娜
1000242	-	伦尼
1000243	-	点灯人
1000244	-	林
1000245	-	内特
1000246	-	鲁
1000247	-	曼尼
1000248	-	马库斯
1000249	-	玛莉
1000250	-	面具
1000252	-	松山
1000253	-	玛蒂尔达
1000254	-	镇长
1000255	-	梅
1000256	-	电光美人
1000257	-	迈尔斯
1000258	-	快乐孩子
1000259	-	米莉安
1000261	-	米茨和丹尼
1000262	-	妈妈
1000263	-	月之精灵
1000264	-	奥拉夫
1000265	-	秩序精灵
1000266	-	大城
1000288	-	巴楚
1000289	-	妮娜
1000290	-	佩妮
1000291	-	菲尔
1000292	-	平
1000294	-	鲁道夫
1000295	-	普罗图尔
1000296	-	普尔尼玛
1000297	-	女王
1000298	-	拉胡尔
1000299	-	雷努
1000300	-	江
1000301	-	露比
1000303	-	鲁帕利
1000304	-	瑞安
1000305	-	萨赫尔
1000306	-	萨伊
1000307	-	男爵
1000308	-	萨菲
1000309	-	萨维塔
1000310	-	萨亚利
1000311	-	老白
1000312	-	西沃恩
1000313	-	索菲
1000314	-	史蒂夫
1000315	-	狗
1000316	-	约翰
1000317	-	苏
1000318	-	日之精灵
1000319	-	洛瑞
1000320	-	悉尼
1000321	-	坦娅
1000322	-	弗拉德
1000323	-	蒂亚莫
1000324	-	蒂娜
1000326	-	怪兽
1000327	-	怪兽们
1000328	-	泰
1000329	-	泰隆
1000330	-	乌里玛
1000331	-	瓦鲁娜
1000332	-	维奥拉
1000334	-	万达
1000335	-	温斯顿
1000336	-	惠特
1000337	-	风之精灵
1000338	-	夏
1000339	-	约尼
1000340	-	尤娜
1000341	-	悠
24376	objFrancisco	这艘船上没人睡觉。
24553	objFrederick	||{shake .5}呵，{/shake}||唱得|不错。
24554	objFrederick	你|管{wiggle}那{/wiggle}||叫音乐？
20737	objBard	我|不|能|久|留...
1000449		你得到了一张地图#按住下以使用
